0.652754632,-2.586833029,-0.218127008,-1.901256269,1.564010859,0.193642171,-0.805124198,0.401662749,-0.585251754,-0.812844169,0.006541789,1.094493162,0
-0.189379249,0.346626129,0.105965049,-0.393337441,-0.560608193,-1.677296139,-1.701387893,-0.767963513,0.442274891,-0.863475655,-1.404928529,-0.402590062,0
-0.442152119,-1.099737192,-0.018440793,0.14976606,0.807202262,0.731616424,-0.337036884,0.052950567,-0.264514214,-0.213484319,0.826236673,0.91821267,0
0.675674861,1.46099313,1.249683548,-0.398664829,-0.013672403,0.049691124,-0.234675891,0.124841002,0.677261573,-2.082685982,-1.581604766,0.469111032,1
0.107247628,0.56619151,0.295093162,-0.215464912,-0.219549136,0.138806087,0.504698055,0.486951016,0.212760738,-0.534547031,-1.372242221,-0.564669513,1
-0.44409889,-0.907465217,-0.587682687,-0.389713412,0.22583606,0.20518511,0.631248008,-0.517435955,-0.50476783,0.408203473,0.529051332,1.187352263,0
0.191117228,1.467627597,1.373115472,-0.216230571,0.191608315,0.449379139,-0.277189529,0.943632543,0.63256068,-0.068212344,-0.470543547,-0.011225757,0
0.129813124,0.602665365,0.244795637,-0.001425856,-0.478117311,-0.632926865,0.520510574,0.004108459,0.635022772,-0.01716141,-0.636865946,-0.387030011,0
-0.296379203,0.104536796,-0.415117572,0.049459429,0.188153396,-0.047658067,0.378917223,0.339202567,-0.825795654,-0.115519406,0.266337414,-0.126912675,1
0.063067916,0.387497129,0.692693792,-0.066909792,-0.937247348,-0.621871284,-0.11119097,0.412422719,0.686189021,-0.330751025,-0.524799595,-0.107061473,1
0.425167809,-0.575876628,-0.681786017,-0.73187555,-0.524305579,-0.225036579,-0.052759618,-0.774582534,-1.624362084,-1.224205618,-0.46753018,0.193595566,0
-1.077932827,-1.013255829,-1.475246102,-1.330112344,-0.804113794,-0.570528468,-0.191585146,0.163668027,-0.09240157,-0.052689311,-1.154538922,-1.126215139,1
-0.957369394,0.00241309,0.076418076,0.27839674,-0.455166987,-1.192730783,-1.069048255,-0.083069321,-0.440893775,-0.408209598,-1.413165952,-1.240706298,1
0.022944997,0.157841563,-0.45207266,-0.747888338,0.027317375,0.607790352,-0.28058719,-1.025454172,-2.377562097,-0.317474635,0.626359509,1.596821536,1
-1.143777621,-0.721744619,-0.344195728,0.252938785,0.432028911,-0.358878534,-0.417735992,0.048796568,0.552625367,0.524012897,0.318654149,-0.940431689,0
-0.718377584,-0.462254724,0.036430179,-0.117522369,0.946200629,0.189699894,-0.354631591,-0.347530005,-0.045514222,-0.563968303,1.064494516,0.810116826,0
-0.681786017,-0.73187555,-0.524305579,-0.225036579,-0.052759618,-0.774582534,-1.624362084,-1.224205618,-0.46753018,0.193595566,-0.692303106,-0.861884416,1
0.427759331,0.046446595,-0.186814093,-0.528126682,0.469613038,-0.130807549,-0.232047351,-0.193702092,-0.637638796,-1.119423279,0.527000431,0.239721516,1
0.306247014,0.693185145,0.853154042,0.193934853,0.256539112,0.835752148,0.344100919,1.597149371,0.886425978,-0.78342556,0.649684806,0.343257762,1
0.081712706,0.355368487,0.686252138,1.568354741,1.505238888,0.512438,0.708625088,0.657306773,1.808835258,0.700313096,-0.24060968,-0.521420576,1
-0.17815802,0.229260353,0.53700433,0.565082037,0.29799734,-0.530963481,-0.471309205,0.418466763,0.507891185,0.452113939,0.529447876,-0.434993009,1
0.288059754,0.332733749,0.562414082,1.626197534,0.96531094,1.040458688,1.503361093,-0.092526738,-0.129263181,0.644755561,0.660714554,-0.013083578,0
-1.698429387,-1.178580343,0.121389279,0.422891605,1.067357947,0.387129347,0.470206923,-0.142812546,0.612235435,0.043940826,1.226999541,0.488059423,1
1.373115472,-0.216230571,0.191608315,0.449379139,-0.277189529,0.943632543,0.63256068,-0.068212344,-0.470543547,-0.011225757,0.129813124,0.602665365,1
-0.420372788,0.230982353,-0.0098758,-0.503193902,-0.252536115,0.175857848,0.432815875,0.88036995,1.362800782,0.139946985,0.040963412,0.833813633,1
-0.607582892,-0.160673569,0.188184023,0.581669802,0.415268573,-0.010930412,-0.489659717,-0.118966868,0.07210269,-0.079001342,0.769923333,-0.147979079,1
-0.25908323,0.600909543,0.693111376,0.441474078,-0.807076028,-0.184651339,0.071755147,0.812857218,0.411820845,-0.151069943,0.0973673,-0.0408465,0
1.472192521,1.043688836,-0.646436016,-0.056549829,0.261394321,0.615788358,0.792858743,0.437302769,-0.758853372,-1.461831227,-0.683378587,-0.325581563,1
1.342335721,-0.531781604,-0.361376046,0.395098057,1.140482225,0.481891276,0.732636681,1.013594051,-0.757052542,-0.028218589,1.006822165,0.337790293,0
1.215355401,0.346966214,0.860180792,-0.019911657,0.593066267,1.026056846,0.646558255,-0.594466824,0.385190832,0.068626998,0.422127012,0.737847422,1
1.195132688,0.519926809,0.388850015,1.489955273,1.121692026,0.911059952,-0.073503512,-0.382900779,-0.581504952,0.588544486,0.048327053,0.978830211,1
0.196651543,0.879306816,0.773279981,-0.346578724,-0.298330767,0.012265721,1.095107287,0.735015417,1.360366653,1.23701276,0.108626612,0.240688244,1
-0.029304892,0.067921793,0.863666071,0.66116809,-1.073725565,-0.861253247,0.031620511,0.38220889,-0.22610504,0.140900396,-0.328577087,-0.827043878,0
0.080172068,0.413309552,-0.810990875,0.438077482,0.460364412,-0.395490873,0.167075275,0.370631863,0.1796675,0.388997554,0.542527459,-0.372922447,1
-0.170058016,0.17228282,-0.175318291,0.377562473,0.784464725,0.396291686,-0.571551654,-0.070931698,0.153173308,0.196029163,-0.0949614,0.346087637,1
-0.553058664,0.506681311,0.125195469,-0.683043828,-0.449092583,-0.629393116,0.663516466,0.813007687,-0.125884429,-0.454466576,-0.245092579,0.243645151,1
-0.877037004,-0.336532748,0.477192661,-0.301321764,-0.781679325,-0.996464332,-0.485422628,0.152904062,-0.148387608,0.621247572,0.230277681,-0.129029356,1
0.718329647,0.210000905,-0.514216459,-0.581475391,-0.141210655,0.388987434,0.256745773,0.710083968,-0.987531025,-0.381148686,0.187943007,0.567440799,1
0.099158542,-0.160213374,-0.133163115,0.497922707,0.2438108,-0.22571462,-0.099109274,0.399493605,0.337595083,-0.025500566,0.287047487,-0.027036145,0
-0.926245829,0.334159605,0.111194699,1.233273948,-0.06754682,-1.007914327,-0.42650445,-0.422260436,0.777685649,0.435424441,-0.168509387,-1.503051368,0
0.702599686,0.446823836,0.611048996,0.727756438,-0.699149295,-1.007348672,-0.617005689,-0.937437231,1.343478484,-0.22202268,-0.983443339,-1.508175023,1
-0.587682687,-0.389713412,0.22583606,0.20518511,0.631248008,-0.517435955,-0.50476783,0.408203473,0.529051332,1.187352263,1.342335721,-0.531781604,1
0.675786181,0.97498727,0.523716754,-0.9867398,-0.425291113,-0.279373588,-0.076252694,0.827056394,0.720498526,-0.176768116,-0.299438642,0.14973277,1
-0.235749145,0.316615499,0.068166005,0.410371286,0.63150953,0.250866046,-0.399294666,-1.506542772,0.100544984,1.685096005,1.029943996,0.771746267,1
-0.018440793,0.14976606,0.807202262,0.731616424,-0.337036884,0.052950567,-0.264514214,-0.213484319,0.826236673,0.91821267,-0.205620271,0.110257,1
-0.288843522,-0.604804949,-0.230033735,0.214292855,0.249538727,0.218745927,-0.510215326,-0.170983997,0.270892219,0.255727913,1.256736131,0.465427348,0
1.076815098,1.582291862,0.675786181,0.97498727,0.523716754,-0.9867398,-0.425291113,-0.279373588,-0.076252694,0.827056394,0.720498526,-0.176768116,0
-1.853101256,-2.172584713,-1.602579024,0.483028712,0.313465246,-0.459212595,0.103495766,0.233520345,-0.176635491,0.708605114,0.406560835,0.845276411,1
-0.361872992,-0.167033197,-0.754801106,0.122590631,1.417808375,0.643354472,-0.539454704,-0.064488179,-0.532500658,0.288199037,0.501308117,0.483857488,1
0.589911487,-1.154041976,0.177569994,0.075695028,-0.292541322,-0.37160871,0.077742732,-0.476271474,0.153096076,0.261914703,-0.697791615,-0.28581897,0
0.497797006,-0.379507646,0.344334745,0.293292866,0.155860171,-0.179959915,0.113264774,0.159737734,-0.526349821,0.169565331,0.810888876,-0.648629928,1
-0.549427443,-0.00810107,-0.215680096,0.048895638,0.367346054,-0.45640802,-0.059303271,0.422762176,0.269540132,0.062221829,0.387560512,0.049232261,1
-1.357678192,-1.356568986,-0.020961741,0.401630791,-0.00351484,-0.737196812,-1.928277234,-2.107979354,-1.057626224,-0.095542502,0.50454013,-0.633171343,0
0.634530354,0.174147566,0.976059458,-0.320071749,0.041020138,-0.633686398,-0.027317908,0.498660403,0.697617711,-0.107976269,0.099158542,-0.160213374,1
0.152237207,-0.104975951,-0.230950928,0.131202495,0.335610229,0.676474875,0.449491258,-0.197045159,-0.349495418,0.266904668,0.083529781,0.36877484,1
-0.565536639,0.202602643,0.837010492,-0.076729399,-0.447510399,-0.305226224,0.505536418,0.09707089,0.492766294,0.457709241,-0.255634969,0.129120436,0
4.42980655,-0.341801812,2.144613532,1.857573502,0.663261335,0.840447301,0.079352347,-0.207321498,0.346307614,-2.52897186,1.124774901,-0.781840446,0
1.511878415,0.359423417,-0.104465956,-0.955646861,-0.462223565,0.79172104,1.077026553,0.250701197,-0.358777334,0.299785652,0.563728086,1.635633114,1
0.064290573,0.843591695,0.980894161,1.301325437,0.136859582,-0.086286419,-0.171539532,0.302913002,0.211889352,0.470841821,0.404469188,-0.313048461,1
1.271914818,-1.171341338,-1.767464115,2.120103928,-2.468146059,-0.468700639,0.954586657,1.086624053,-0.205708954,-0.198573813,-0.382752441,-0.22213906,0
-0.849989141,-1.158891859,0.000917992,0.024898159,0.800613069,-0.060307017,-0.798980818,-0.193502089,0.271071716,0.328438602,1.120811851,0.051296477,1
-0.028423386,0.668570613,-0.051097806,-1.147252247,-0.42866667,0.205753962,-0.229912561,0.256347631,0.182912562,-0.186425005,-0.612692699,0.170903836,0
0.035592349,0.869869372,1.198499989,0.36546027,1.678199749,0.486543552,-1.029783407,-0.477867506,0.364328427,0.102123972,0.889841482,-1.08883714,1
-0.473751324,0.27415539,0.178057353,0.135873946,-1.133616596,2.004723805,-2.221050783,0.997752237,0.690764332,-0.00699133,-0.296870823,-0.360212777,0
-0.027582626,0.021440577,-0.782496649,-0.687010074,-1.775065576,-2.075588125,-1.73953661,-2.511051182,-1.168811601,0.252124923,-0.004666923,-0.117252325,0
0.247809004,0.73684847,-0.282139547,0.030154973,0.244719204,0.138685445,0.538402489,0.063915334,-0.367441396,-0.048206145,0.26649241,0.105252654,1
-0.565580581,0.453403176,1.046836427,0.63094281,-0.895235982,-0.652136778,0.21677359,0.920476623,0.537720187,-0.244488042,-1.357678192,-1.356568986,1
0.758848844,-0.373235103,0.497797006,-0.379507646,0.344334745,0.293292866,0.155860171,-0.179959915,0.113264774,0.159737734,-0.526349821,0.169565331,0
0.484630071,1.192955021,0.540104515,0.124516363,0.959769701,-0.857016957,-1.710423466,-1.275723671,-0.388550676,-1.383061047,-0.725326837,-0.502341424,0
-0.160576896,-0.133204926,-0.290473111,-0.141738493,-0.049999784,-0.544524298,0.176300998,-0.377920934,0.331529467,0.361830914,-0.089638008,-0.282770183,1
0.026992203,-0.025016936,0.110996559,0.226413167,0.062147527,0.039974847,0.964782835,1.156597812,1.21445765,2.114081988,0.311484386,0.903793783,1
1.016024984,0.587539409,-0.358374664,0.748058781,0.991862923,0.042136002,0.263513398,0.008436894,-1.392532579,-0.888874755,-0.236388836,-0.094373374,1
1.220148559,-0.905991424,-0.758197169,-0.0090148,-1.87510882,0.538029913,0.116037657,-0.929182763,0.363830149,-0.492332199,-0.941528912,-1.680151314,0
-0.674087617,-0.768215981,-0.126427447,0.111822406,0.397454156,-0.397941248,-0.294453471,-0.273915705,0.952904604,0.0198536,1.294866206,0.262474233,1
-1.068640792,0.035622443,-0.195782554,0.260599634,-0.1308443,-0.291142363,-1.190588003,-0.177447222,-0.102083492,0.445967896,0.119752234,-0.311470005,1
-0.241527672,-0.699578596,-0.698808144,0.116979884,0.285855189,0.74691948,-0.547492391,-0.516465765,-0.43488089,-0.178358822,-0.083667999,0.053795321,0
-0.933098675,-0.044292364,0.688967231,-0.703504362,-0.794969298,-1.251979725,-0.646894079,0.734666809,0.873582618,0.409182984,0.03572817,-0.196333296,1
0.773675195,0.93732884,-0.235749145,0.316615499,0.068166005,0.410371286,0.63150953,0.250866046,-0.399294666,-1.506542772,0.100544984,1.685096005,0
-0.418774891,0.025970348,0.586710101,-0.242667239,-0.652110679,-0.162555358,-1.00491401,-0.606407373,0.013638314,-1.532526169,-1.894687848,-1.897464193,1
0.199979429,0.270444275,-0.842928302,-0.558660623,-0.021215008,-0.4734661,0.710468795,0.075913407,-0.654908064,-0.340910186,0.054422762,-0.020753482,1
-0.148358313,0.087251283,0.198120809,0.486839429,0.129966256,0.381409409,-0.246628691,-0.936685687,-0.269026941,0.322564468,-0.350325526,0.333356129,0
0.511552233,0.299900435,0.168878502,-0.462272035,-1.406760784,-0.722363537,-0.987823174,-1.072493054,-0.208864001,-0.283985118,-0.3393549,-0.569899163,1
-0.70295655,0.385938381,0.3780485,0.40971748,0.31200823,-0.376249535,-0.985598901,0.039139946,0.521175565,-0.666998549,0.316837873,-0.310814335,1
-0.014696122,-1.807938838,-0.957369394,0.00241309,0.076418076,0.27839674,-0.455166987,-1.192730783,-1.069048255,-0.083069321,-0.440893775,-0.408209598,0
-0.007546067,-0.390624746,-0.627278833,-0.088604967,0.009473397,0.112211227,0.173910811,-0.196170044,-0.132301582,-0.313711588,-0.09738248,0.168044133,0
0.243886434,-0.657227677,-0.416420923,1.177012806,-1.7528897,0.257013954,1.024084242,-0.424741703,-0.616699159,0.643039686,0.130532178,-0.484353635,0
1.018418367,1.712996346,0.389750163,-0.433203631,0.419890223,1.373149028,0.4654894,1.124888618,-0.324229743,-0.432400156,-0.344488942,0.430608647,1
-0.698808144,0.116979884,0.285855189,0.74691948,-0.547492391,-0.516465765,-0.43488089,-0.178358822,-0.083667999,0.053795321,-0.37577416,-0.618597993,1
-0.337342882,-0.06832686,0.516393061,1.02854557,1.742282329,1.415808075,-0.697812388,-1.999406005,-2.335256451,-1.870596893,-2.065678236,-2.45516235,0
-0.259004667,-0.023796676,0.108523548,0.281443663,-0.507162544,-0.382235522,-0.07205422,1.165233644,0.293647599,-0.135010816,-0.619745549,-1.02176889,0
1.490098018,0.219105187,1.945995244,0.957939577,1.023734569,0.772764394,0.314592828,-0.123215409,-0.570024065,-0.399367104,-0.213684589,0.412630978,1
0.527000431,0.239721516,-0.13892007,0.266278558,0.253187524,-0.794226542,0.532772034,-0.242807054,0.656875607,0.370218274,-0.386079262,-0.301671969,0
-0.981950903,-0.630355849,-0.876442853,-0.554183583,0.807772179,0.578005292,0.956738225,0.705404794,-0.105322695,0.512080071,1.014859319,1.085733492,1
-0.326353614,-0.489859987,-0.638706989,-0.346002416,-1.585063147,-0.447564994,-0.129291944,0.267993368,-0.475273054,0.472401368,-0.104401507,-0.18609424,0
-0.000223173,0.88122296,-0.006508766,-0.184274236,0.107464942,-0.782394118,0.101442735,-0.209176923,0.106361328,0.175369957,0.280365615,0.03621686,1
0.332175816,-0.299362742,-0.50315209,-1.255726527,-1.249551721,-1.811684307,-1.178972626,-0.96843829,-1.536244208,-1.157185572,-1.666966003,-1.453511245,1
-1.340637956,-1.307942594,0.086333557,0.432731187,-0.363652783,-0.24912567,-0.963331945,-0.907700374,0.667996169,-0.634119162,0.444135908,-0.889737353,0
-0.213684589,0.412630978,0.922009273,0.692652247,0.583848534,-0.165468856,-0.827052666,-0.529741889,0.550040237,1.036092436,0.333886365,-0.484184258,0
-0.897191274,0.169532574,0.126476716,0.25611993,0.251367253,-0.88239049,-0.087807617,0.175219222,0.536196859,-0.277483809,-0.014696122,-1.807938838,1
-0.328503584,-0.950001226,-0.628077248,0.279307808,0.683896572,0.683332781,-0.312172281,0.664417413,0.334288502,0.526328249,0.917842224,0.917842224,1
-0.511096566,-0.284774212,-0.457993666,0.006905044,-0.1065339,-0.19734796,-1.13507947,-0.735157896,-0.500512631,0.137872649,-0.065940401,-0.137771715,1
1.805512964,-0.171221018,-0.937070247,-0.91904331,0.470808265,0.313761922,0.527660629,0.078906267,-0.582357963,-0.801194171,0.308748255,0.390647382,0
-0.304398247,-0.54025818,-0.512680081,-0.072796177,0.35027173,0.277553051,0.192838429,-0.95737765,-0.403053718,0.119614549,-0.09095281,0.630461576,1
-0.586192382,0.447736235,-0.793793779,-0.065067417,0.203148857,0.721394679,-0.385822267,0.369011595,-0.104824417,0.583291401,0.424499622,0.847822926,1
0.077665767,-0.459747891,0.223860261,-0.370421739,0.486659932,-1.139853187,-1.468745592,-1.547619368,-2.059518345,-1.065956592,-0.560265976,-0.215398333,0
0.468076661,-0.12702293,0.045509162,0.238032273,1.016279316,0.835679976,1.184801221,0.375386404,-0.250977366,-0.522941507,-0.307563414,-0.51273148,1
-0.015922508,-0.759605981,-0.518912944,-1.17616166,-0.172720111,1.518715282,0.739592059,-0.270568112,-0.377304413,-0.302002734,-0.089454249,0.447849153,1
0.410704714,-0.353045146,-0.078376032,-0.131285852,0.005349758,0.756579032,0.249347245,-0.536060505,-0.109727031,-0.216615131,-0.225336451,0.475701557,0
-0.239222972,-0.800076442,0.153598349,0.247491289,0.310318721,-0.079717732,-0.157903615,-0.715395643,-0.062975504,0.532098521,0.775177217,-0.147312223,1
-0.254408849,0.308752782,0.148950067,1.712240807,0.219048195,0.313428494,-0.367119419,0.784486563,1.580063595,0.544639346,0.503080717,0.129588353,1
0.055356466,0.349042415,0.702599686,0.446823836,0.611048996,0.727756438,-0.699149295,-1.007348672,-0.617005689,-0.937437231,1.343478484,-0.22202268,0
-0.0949614,0.346087637,-0.641506771,-0.721456465,-0.853945799,-0.323643847,-0.11070015,-0.116727948,-0.460983864,-1.002224217,-1.422933895,-0.672423674,0
0.406560835,0.845276411,0.31402158,-0.610194654,-0.292323475,0.184001262,-0.016258598,0.423800542,0.238584879,0.012874786,0.477225152,0.502834375,0
-0.07666282,0.528946669,-0.576121106,-0.555420089,0.265953386,0.260019597,0.652138909,0.009827597,-0.785266337,-0.369907483,-0.188901478,0.392273242,1
-0.123226594,0.247532035,0.640353888,1.174464693,1.161820005,-0.759891738,-0.839945029,-0.578866559,0.474187017,-0.638100055,-1.096226347,-0.988702816,1
-0.6465239,-0.77502302,-1.237141923,0.510334369,1.258588626,0.596100939,1.642444415,1.020002948,0.665952193,-0.343301438,-0.085557246,0.913479967,0
0.357305937,0.150122657,0.889755462,-0.035654667,-0.895416544,-0.135052627,-0.368344474,-0.33597668,0.377992574,-0.01341381,-0.180653136,0.08800256,1
0.395829095,-0.770110553,-0.720294527,-0.002402704,0.342791177,0.949390297,-0.573385507,-0.580276436,-0.551449848,0.325985032,-0.028423386,0.668570613,1
-1.242797679,-0.151667557,0.15656724,0.221535322,-0.23462316,-0.517498006,-0.536068495,-0.112009892,0.094483629,0.571240863,0.758848844,-0.373235103,1
-0.127081786,0.822117829,0.692468222,0.881604325,1.032322465,0.067790766,0.487853295,1.032686785,2.568664145,1.295421209,-0.474351334,-0.664358823,1
0.083529781,0.36877484,0.563250847,0.09991994,-1.049847929,-0.196638228,0.023952737,0.175818699,0.342953097,-0.224267991,-0.909810131,-0.646601132,0
0.424499622,0.847822926,-0.409819213,0.670049466,0.418128275,0.065193651,0.38155322,0.447620388,-0.758883732,0.068659222,0.162861622,0.122969333,0
0.032126245,0.743509303,0.617238449,-0.791109046,-0.261217753,-0.101560447,0.098261057,0.5947888,0.907378398,-0.62864823,-0.896423485,0.064519871,0
0.312622355,1.128301992,0.000981375,-0.665816371,-1.414634153,-0.473187,0.422372555,0.907378931,-0.025658226,-0.799768581,0.626029011,0.855133569,0
0.177569994,0.075695028,-0.292541322,-0.37160871,0.077742732,-0.476271474,0.153096076,0.261914703,-0.697791615,-0.28581897,-0.51430168,-1.326586319,1
0.046561377,-0.069106367,-0.365319123,-0.737394951,-1.605662698,-0.334076248,-0.027079555,0.143145974,-0.157005863,-0.248627393,0.084201697,-0.646895677,1
0.086333557,0.432731187,-0.363652783,-0.24912567,-0.963331945,-0.907700374,0.667996169,-0.634119162,0.444135908,-0.889737353,-1.749836652,-0.796730446,1
-0.134848363,-0.322075512,-1.176719858,-0.652871544,0.11736471,-1.526481593,-0.071329308,-0.089214299,-0.766818886,-0.234581083,0.143117744,-0.082017372,0
-0.202064951,0.73146276,0.150724265,-0.389829792,-0.635596151,-0.452726733,0.102759669,0.042587674,-0.0416308,-2.255003956,-2.41903364,-2.750346859,1
-0.104999387,0.471983518,-0.283437305,-0.128355043,1.237806382,0.6124642,0.752983765,0.403910191,0.850856,-0.442855193,-0.227974046,-1.104453384,1
-0.76351923,-1.117620851,-0.257993198,-0.384497344,-0.19436522,-0.218261764,0.874851614,-1.092258237,-0.525862995,-2.265693086,0.534751562,1.257373425,0
0.810888876,-0.648629928,-0.044921669,0.072663019,0.392755274,-0.034881019,0.218281738,0.118811872,-0.569935648,-0.686495817,-0.052710616,0.24752804,0
-0.024091754,-0.521177962,0.281768036,0.294977581,0.97284449,-0.290278434,-0.446613446,-0.209380388,0.19570479,0.754541181,1.229654712,-0.054371896,1
-0.409819213,0.670049466,0.418128275,0.065193651,0.38155322,0.447620388,-0.758883732,0.068659222,0.162861622,0.122969333,0.370530662,0.530553621,1
-1.555697269,-0.988332104,-1.021935604,-0.321816919,-0.591886753,-1.410499596,-1.512712251,-1.697114052,-1.665504993,-1.430698607,-0.399981229,0.201419401,1
0.551146248,-1.57243497,-1.323621688,-0.129251464,-0.583643204,0.312183999,-0.201861752,-0.183536008,-0.032066057,0.035560657,0.16117664,0.933212925,1
-0.267681245,0.068525798,0.546650299,0.674386957,-0.486031693,-0.450230019,-0.243763129,0.499068931,0.388436692,0.881697003,-0.773334843,-0.324208704,0
-0.78172886,-0.702605545,-0.202064951,0.73146276,0.150724265,-0.389829792,-0.635596151,-0.452726733,0.102759669,0.042587674,-0.0416308,-2.255003956,0
1.493887963,2.582134947,2.521707289,1.676113163,1.676113163,1.327867033,0.026815635,0.41873228,0.543208696,-0.167437199,0.072807096,-0.325712591,1
0.320232072,0.267644227,0.977417138,0.431056058,0.086991358,-0.547296915,0.287687977,0.149731705,0.708449852,0.366855234,0.37510624,-0.140331279,0
-0.503483654,-0.017440776,0.318122848,0.980028634,0.017659155,-0.89217308,-0.471635709,-0.278546676,-0.074731496,0.657043653,-0.312810641,-0.235834366,0
-0.38201874,-0.109866847,0.149397478,-0.204356601,-0.453111559,-0.621994322,0.124101975,0.420112597,0.708319624,-0.021891184,-0.312620757,-0.119284583,1
-0.050816309,0.538947106,0.322413467,0.642821307,-0.358754164,-0.016034094,-0.159601646,0.095412273,0.292754641,0.280673477,-0.024389496,1.318845841,0
-1.894687848,-1.897464193,-2.546812109,-1.730520745,-0.981629194,-0.411143869,-0.651565264,-0.859759214,-0.685085674,-0.523666154,-0.268901772,-0.111254087,0
-0.929606472,0.363751586,-1.370208365,-0.148701328,-0.987009045,0.809785262,-2.43166528,-0.248016198,0.690296947,-0.984803415,0.411009646,-0.418143988,0
-0.052415538,-0.497285679,0.648897309,0.138458544,0.522526853,0.011913385,0.734620204,0.777414273,0.72760304,1.391956537,1.180791831,0.269696193,1
-1.070124971,-0.339006026,-0.328130475,0.152168764,-0.909340615,-0.070969781,-0.521414984,-0.448599099,-0.888697388,-0.29816432,0.344836751,0.615041607,1
0.201154949,-0.713244341,-0.319248833,-0.011473697,0.011475295,1.081737419,0.20193632,-0.331830937,-0.333000065,-0.302436297,-0.156363242,0.922358946,1
-0.937070247,-0.91904331,0.470808265,0.313761922,0.527660629,0.078906267,-0.582357963,-0.801194171,0.308748255,0.390647382,0.773675195,0.93732884,1
1.283258286,0.309376761,0.901664586,0.733627111,0.5764042,0.162648569,0.909090012,1.007085818,0.658635424,1.313143214,1.805512964,-0.171221018,1
0.516393061,1.02854557,1.742282329,1.415808075,-0.697812388,-1.999406005,-2.335256451,-1.870596893,-2.065678236,-2.45516235,-3.122318025,-2.039930529,1
0.255430704,-0.512743465,0.03682992,-0.263333102,0.056310677,1.098457277,1.37772567,-0.052112204,0.084845117,-0.177359072,-0.045555767,0.879438909,0
0.741516193,0.476215813,1.46090418,-0.123815685,0.064109478,-0.082679434,-0.057689129,0.27173431,0.679720203,-0.131415016,-0.288843522,-0.604804949,1
-0.039172436,0.369429179,0.195229149,0.590735469,-0.210557239,0.272384654,0.481204979,0.845494258,1.126090769,1.222937155,0.055356466,0.349042415,1
-0.144934287,0.137845751,0.360790683,0.505761189,-0.430695466,-0.402914701,0.001394431,0.46187043,0.471746763,0.312505975,-0.325652403,-0.462639551,1
0.252245297,-0.259664864,-0.49693787,-0.532267898,0.122781314,0.252574997,0.654822576,0.469046051,-0.754826938,0.059259862,-0.027582626,0.021440577,1
0.340619102,-0.406466293,0.661398187,-0.267835442,0.382336456,-0.032924661,-0.408751019,0.661643198,-0.065670889,-0.751125943,0.730567139,-0.00143358,1
0.387560512,0.049232261,-0.672577871,-0.32086617,-0.054253651,0.432188701,-0.1791101,-0.784770723,-0.698111194,-0.010944793,0.474553202,0.12113335,0
0.310521387,1.091896047,-0.061208763,-0.235385623,-0.613630132,-0.012136824,0.05340357,0.884838202,0.292285392,-0.434738944,-1.3548358,0.223560922,1
-0.630113501,-0.398109826,-1.054998749,0.351022475,-0.169545357,0.512831083,0.292402038,-0.347187523,-0.922516605,-1.028137307,0.218587469,0.537999819,1
-1.26368565,-0.919738129,-0.558536786,-0.417249166,-0.189613608,0.75375688,-0.790737535,-0.254424296,0.2399873,0.355765831,0.512203642,0.72715776,0
-0.754732929,-0.877152319,-0.16339452,0.135662491,0.331848248,0.076519276,-0.139835398,0.230484075,0.46598821,-0.121477963,0.191251718,0.264556825,1
-0.245943726,-0.333649077,-0.020659206,0.147915429,-0.021084246,-0.625866558,-0.361246084,-0.358053753,0.321372703,-0.035001926,0.410704714,-0.353045146,1
0.402066485,0.880368086,-0.744347133,-0.568368644,-0.762822547,-0.255008327,-0.052257612,-0.083798494,-0.017736387,-0.133749276,-0.896122548,-0.06663016,1
-0.341433497,-1.164993694,-1.039894897,-1.389512288,-1.179195533,-1.051065793,-1.466694159,-1.132021629,0.028687039,0.246804726,-0.076256955,0.11780573,1
1.826373239,0.716259838,-0.073645193,-0.434303783,0.386505368,0.294855609,0.955101712,-0.114046412,-0.172376031,-0.783736085,-0.043982372,0.621490186,1
-0.315745977,-0.702912075,0.269033332,-0.572977244,-0.506453345,-0.276690986,0.69382457,0.30787021,0.062064703,0.111510816,-0.161961207,0.75562349,1
0.346755558,-0.176079955,0.2722483,1.219194614,-0.68754963,-0.746508288,-0.017985392,0.070095998,0.226829686,1.084473551,0.198595651,-1.040909828,1
0.742624867,-0.195293864,-0.649827551,-1.23864581,-0.467959215,0.461776154,0.218746992,-0.322194022,-0.979548998,-0.134389234,0.49603852,0.826795138,1
0.730567139,-0.00143358,-0.560309386,-0.172899076,0.694685304,1.139253975,0.452914752,-0.204727313,-0.257210761,-0.454954201,0.324403647,-0.19457774,0
-1.397610162,-0.079078574,0.761829454,0.990645858,-0.757799026,-0.348345732,0.663273053,1.092714703,1.859101891,1.671788722,-0.337342882,-0.06832686,1
-0.311003419,-0.607362382,-0.783265238,0.282078827,-0.667801492,0.310568259,-1.261375358,-0.290743155,0.114670124,0.733744024,-0.007546067,-0.390624746,1
0.910187767,-0.26909565,-0.030271087,1.28107982,2.06350563,1.020970741,2.576008078,2.447633061,1.820711891,2.016920284,0.983349596,0.175620028,0
0.908262035,0.258514379,1.609407103,1.432467479,0.459685839,0.481782086,0.939450315,-0.684672351,-0.823141281,-0.578988265,-0.202825017,-0.182415349,1
-0.266042336,0.136779421,0.139893455,0.738398696,0.090762394,-0.923260426,-0.609034848,-0.474704203,0.199686215,-0.085002509,-0.336346593,-0.940958729,0
0.224608343,-1.25069981,-0.897191274,0.169532574,0.126476716,0.25611993,0.251367253,-0.88239049,-0.087807617,0.175219222,0.536196859,-0.277483809,0
-0.007278686,-0.868404101,-1.242797679,-0.151667557,0.15656724,0.221535322,-0.23462316,-0.517498006,-0.536068495,-0.112009892,0.094483629,0.571240863,0
0.463215593,0.318551617,-0.650118635,0.275308539,-0.119968483,0.472565419,0.524881887,0.185181841,-0.336186271,-0.356613782,0.352264307,1.647711349,1
-0.322032102,-1.25735505,-2.411679587,-2.450158004,-2.203475251,-2.145597836,-1.491237585,-0.27607766,-1.300635412,-0.798227143,-1.143777621,-0.721744619,1
0.304473881,0.641960573,1.577366878,1.53811428,0.083697827,0.311395437,-0.190119608,0.224658411,0.372946949,0.408749155,-1.15082035,-1.414579558,1
-0.133163115,0.497922707,0.2438108,-0.22571462,-0.099109274,0.399493605,0.337595083,-0.025500566,0.287047487,-0.027036145,-0.361290825,0.055331965,1
-0.882938835,-0.694589697,-0.441970491,-0.497047858,-0.234736611,-0.57759916,-1.190619162,-0.188296408,-0.320387334,-0.729033424,0.13734987,0.430988148,1
0.208361995,0.352542341,0.379241596,0.289288803,0.392714794,-0.489413641,-0.631465056,0.092054027,0.277529615,0.00640943,0.486083358,-0.397956961,1
0.567879155,-0.611056453,-0.596447417,0.149963134,0.118471786,0.312891867,0.007732222,-0.570847248,-1.369529525,-0.256465875,-0.090289417,0.675635446,1
-0.344195728,0.252938785,0.432028911,-0.358878534,-0.417735992,0.048796568,0.552625367,0.524012897,0.318654149,-0.940431689,-0.508748723,0.147384395,1
-0.167363163,0.036296222,0.161757475,-0.30433806,-0.574697913,-0.330232508,0.244863281,0.530324056,0.18385319,0.056523197,-0.484812231,-0.095452753,1
0.24350933,1.10652559,0.431923982,-0.6189213,-0.655337898,0.058838816,0.487245029,1.429469026,0.709552933,-0.798706512,-0.817597645,-0.347910571,1
-0.536102317,0.786021609,0.895029054,0.99358439,1.636325802,0.721279098,-0.166181252,0.346454355,0.56882005,-0.112213624,0.575773563,0.60810354,1
-0.007805991,0.640083844,0.317186747,0.224161997,-0.071643294,-1.607490159,-1.15090131,0.192036019,0.358106483,0.197292034,-0.669577554,-1.156219377,1
-0.340265435,-0.335379067,-0.93782765,-0.42372624,0.536771836,0.764499273,0.239312188,-0.315965155,-0.556616114,0.012533369,-0.525323705,0.513045201,1
-0.732614843,-0.189829324,0.691246897,0.019877035,-0.987109446,-1.465254188,-0.424862611,0.489289538,0.984271316,0.530760548,-0.410328409,-1.031257733,1
0.191251718,0.264556825,-0.170058016,0.17228282,-0.175318291,0.377562473,0.784464725,0.396291686,-0.571551654,-0.070931698,0.153173308,0.196029163,0
0.318122848,0.980028634,0.017659155,-0.89217308,-0.471635709,-0.278546676,-0.074731496,0.657043653,-0.312810641,-0.235834366,-0.926245829,0.334159605,1
0.322413467,0.642821307,-0.358754164,-0.016034094,-0.159601646,0.095412273,0.292754641,0.280673477,-0.024389496,1.318845841,-0.267681245,0.068525798,1
-1.756638366,-0.266074028,0.634530354,0.174147566,0.976059458,-0.320071749,0.041020138,-0.633686398,-0.027317908,0.498660403,0.697617711,-0.107976269,0
0.532731288,-0.18164756,-0.556309052,-0.187814642,0.272172134,0.141015179,0.700954119,0.106892628,-0.215558389,-0.63841058,-0.031423437,-0.012299277,0
-1.33915564,0.14820811,0.390708635,-0.008779111,-0.366761224,-0.237239983,-0.942973144,0.320400916,0.088339184,0.117057648,-0.015301192,-0.185845235,1
0.235015444,-0.383014496,0.642548333,-0.163748721,-0.363091388,0.405332852,0.247126169,1.159758984,0.513079289,-0.07337142,0.04712357,0.166158615,1
1.808312213,1.549837249,1.15266166,2.274399226,1.075901101,0.277346922,-0.144680754,0.837945794,-0.409926272,-1.331386134,-0.20931301,0.282850877,1
-0.281038596,1.311683536,0.38103923,-1.338752704,-0.325488086,0.222151577,2.14308035,0.69139124,0.0334264,-0.844930999,-1.756818129,-0.04642449,1
0.127645577,0.326417263,0.923583201,0.23568949,-0.377242361,-0.251109193,0.299621868,0.85531999,1.307462958,1.263458216,0.36798468,0.937646023,1
-0.998523755,0.970671617,0.119090439,0.170924342,0.402402575,-0.890433503,-1.683693052,-0.74019633,-0.576838295,0.112622952,-2.594024629,-0.359508371,0
-0.752141673,-0.967378885,0.42400241,-0.225136182,0.879149157,0.37743837,-0.403521369,-0.474918321,0.483542969,0.51959924,0.751211164,0.5282902,1
-0.983443339,-1.508175023,-1.397610162,-0.079078574,0.761829454,0.990645858,-0.757799026,-0.348345732,0.663273053,1.092714703,1.859101891,1.671788722,0
-0.454312379,-0.432741573,0.981742378,-0.942745444,0.430627023,0.746460618,-0.624668402,4.448313122,0.499694242,0.43034313,0.099405151,0.656950708,0
0.503080717,0.129588353,-0.443746287,0.471656482,0.835228837,-0.138902759,0.62480449,0.218407705,-1.036725469,-1.02029483,0.124468959,-0.62387984,0
-1.472179205,0.455638633,0.568856003,-0.6442192,-0.548666845,-0.497557321,-0.246621766,-0.054869374,-0.41552397,-1.129777649,-1.03940168,-0.524727157,1
0.218349648,-0.204164587,-1.330541113,-0.546020728,0.449516558,0.578609564,0.837358034,-0.214595656,-0.91698735,-0.467683844,0.366741251,0.539306899,1
-1.017351239,0.159632273,0.417208952,1.022796071,-0.317271169,-0.239275437,-0.470512654,0.626862314,-0.190695916,0.60863058,-0.144516703,-0.219929968,1
0.086930904,-0.220612803,-1.180613932,-1.835588575,-0.696558838,-0.308976221,0.632442436,-0.103426258,-0.538939116,-0.508303709,0.303711951,-0.276873679,1
0.173669795,0.132180408,0.152237207,-0.104975951,-0.230950928,0.131202495,0.335610229,0.676474875,0.449491258,-0.197045159,-0.349495418,0.266904668,0
0.383288003,0.744571638,0.395829095,-0.770110553,-0.720294527,-0.002402704,0.342791177,0.949390297,-0.573385507,-0.580276436,-0.551449848,0.325985032,0
-0.020961741,0.401630791,-0.00351484,-0.737196812,-1.928277234,-2.107979354,-1.057626224,-0.095542502,0.50454013,-0.633171343,-1.756638366,-0.266074028,1
-0.32305955,-0.446678428,-1.091522938,1.305952946,1.273524166,0.548265773,0.056804161,0.482537093,-0.128384605,-0.040001212,0.381037099,-0.635076036,1
0.03682992,-0.263333102,0.056310677,1.098457277,1.37772567,-0.052112204,0.084845117,-0.177359072,-0.045555767,0.879438909,0.589911487,-1.154041976,1
-0.763883284,-0.522729254,-0.153130964,0.025247566,0.211062174,0.181494428,-0.213716281,0.262592477,-0.292026,0.124198115,1.132617911,2.099369887,1
0.977417138,0.431056058,0.086991358,-0.547296915,0.287687977,0.149731705,0.708449852,0.366855234,0.37510624,-0.140331279,0.375264698,0.065069814,1
0.020505009,0.102161256,0.350805694,-0.849827487,0.865435209,0.66101629,0.769878592,-1.32817596,0.794894197,0.202304369,-0.086300268,0.096808302,0
-0.443746287,0.471656482,0.835228837,-0.138902759,0.62480449,0.218407705,-1.036725469,-1.02029483,0.124468959,-0.62387984,0.606999926,0.076749639,1
-0.558536786,-0.417249166,-0.189613608,0.75375688,-0.790737535,-0.254424296,0.2399873,0.355765831,0.512203642,0.72715776,-0.014713699,-0.082165976,1
0.594105433,0.262518175,0.127198699,0.543677679,0.8236843,1.28102203,-0.715245973,0.528889145,0.099752161,-0.148811316,0.809625739,-0.320110898,1
-0.316900723,0.048024784,-0.25093662,-0.092443381,-0.015350727,-0.369046216,-0.736971775,-1.508789148,-1.684894404,-0.210148976,-0.582380067,-0.159802715,1
0.719389053,-0.018944663,0.700606576,0.211155918,-0.738343303,-0.823748482,-0.585304484,0.220408804,0.466142407,0.75813778,0.4274789,-0.800294555,1
-0.0626237,0.149137554,0.266952871,-0.362337714,-0.322499221,-0.733355735,-0.391375491,0.341678242,0.864357161,0.360774438,-0.007278686,-0.868404101,1
-0.404006065,-0.051734035,0.215153589,0.683135174,1.336075428,-0.043054526,-0.406544856,-0.531570682,-0.771605918,0.602948726,-0.089265964,0.117837421,1
0.574947451,0.738937454,-0.760612656,-0.107103018,0.100464556,0.025014806,0.723411225,1.19570793,-0.467748825,-1.106442233,-0.643575248,0.350801166,1
-0.810738407,-0.463263263,-0.043876911,0.383642203,-0.141621847,0.712807583,-0.223949743,-0.799515048,-0.250585349,0.147580403,0.468521408,0.152790079,1
0.798203175,-0.613563553,-0.00629518,0.877215436,-0.255560667,0.831857275,-1.285940089,-0.905597809,-0.250654325,1.948816864,-1.583923847,-0.541946624,0
-0.194166281,0.097801662,-0.290353801,-1.026192667,-1.544565788,-0.565665269,-0.048030377,0.056481119,-0.349301008,-0.486398144,-0.371784212,0.312604246,0
0.5879514,-1.353001948,0.34314298,0.924105979,0.133438752,0.834685818,0.091183706,-0.417916021,-0.699921345,1.201262219,0.992270653,-0.406835141,0
-0.262664383,0.413260816,-0.293106977,-0.838388145,-1.800322463,-3.244203451,-2.155673374,-2.555044739,-1.651093563,-1.414924704,0.184981571,-0.054647799,1
-0.254076487,0.287841907,-0.083634976,-0.467546425,-0.291442235,0.415889888,0.901804668,0.446432085,-0.263818597,0.102962069,0.034742002,0.054534082,1
-0.692303106,-0.861884416,-0.311003419,-0.607362382,-0.783265238,0.282078827,-0.667801492,0.310568259,-1.261375358,-0.290743155,0.114670124,0.733744024,0
0.074603664,-0.015362711,-0.243602274,-0.098936168,0.155940332,-0.034021084,-0.006642456,-0.210782276,0.257958311,-0.032016256,0.183149317,0.207109511,1
0.607175162,1.011851811,0.766353099,0.420061198,-0.413355358,0.059994628,0.807019037,0.60092925,0.895582459,1.291580664,0.862230627,-0.224400617,1
-0.723438922,-0.625312621,-0.418774891,0.025970348,0.586710101,-0.242667239,-0.652110679,-0.162555358,-1.00491401,-0.606407373,0.013638314,-1.532526169,0
-0.132502118,-0.557828119,-0.442319365,0.961972934,0.514746694,0.016066052,-0.849800855,0.234735812,0.387857721,0.552624568,0.368437152,-0.518784846,1
0.14228817,-0.720958187,-0.99838314,-0.419200198,0.116188126,0.712960182,-0.222723358,-0.092422076,0.045731802,-0.05623744,0.043222306,-0.534364871,1
0.129786759,-0.541745822,0.074426298,0.250451126,0.294509664,0.341147474,-0.345437027,0.178952441,0.507817149,0.226741802,-0.136386338,0.371238264,0
-0.347336127,0.523858167,-2.119485276,1.458817593,-1.180373715,2.129737381,-0.582655704,1.286854352,2.246148147,3.187403818,-1.024130848,0.656390645,0
-1.03940168,-0.524727157,-0.420372788,0.230982353,-0.0098758,-0.503193902,-0.252536115,0.175857848,0.432815875,0.88036995,1.362800782,0.139946985,0
0.036430179,-0.117522369,0.946200629,0.189699894,-0.354631591,-0.347530005,-0.045514222,-0.563968303,1.064494516,0.810116826,-0.048809351,-0.289661912,1
-0.376450603,-0.73149525,0.026071814,-0.099589974,1.12838162,0.234334474,-1.069967845,-0.755113228,-0.441731073,0.424567266,0.612724391,0.148763912,1
0.567841604,0.999456128,-0.547070546,-0.450109644,0.145251735,0.371708579,1.388694964,1.569318805,-0.850744413,0.288460027,0.828871339,0.082077027,1
1.954688867,-2.039463144,-0.284378999,1.463663748,2.094963954,0.380057056,-1.111827411,-0.501935558,-1.101093274,-0.272926075,0.205000287,-0.244488042,0
-0.989522537,-0.464788722,-0.31914204,0.106529906,0.67261196,-0.080924677,-0.130316462,-0.154473463,0.298339556,0.525219309,1.449083207,0.747807378,1
0.323999113,0.352197462,-0.290511194,0.48043506,0.780749616,0.042239865,-0.247097673,0.298988835,-0.244134108,-0.217548836,1.072351108,0.811578368,0
0.665533011,1.789480734,-0.08615406,-1.140630563,-0.461119152,0.840413213,0.190898849,1.339445659,-0.098183825,-0.43987192,-0.534944374,0.145876247,1
0.520223752,1.295257425,0.164549267,-1.390583412,-0.54488196,0.402523483,0.821252567,1.813201777,-0.133294675,0.183361304,-0.701513915,0.257176673,1
0.375264698,0.065069814,-0.461636072,0.235178962,0.040892306,-0.650725835,-0.694473583,0.134700291,0.463916537,0.88262405,0.857622826,0.303939385,0
0.3865067,0.438421829,-0.006526609,-0.740132681,-0.482515521,0.162591577,-0.739569955,0.866124701,0.470940624,-0.734042298,-0.242919706,0.104108293,1
0.693111376,0.441474078,-0.807076028,-0.184651339,0.071755147,0.812857218,0.411820845,-0.151069943,0.0973673,-0.0408465,0.191117228,1.467627597,1
-1.704816447,-0.026842001,0.043063315,-0.433379666,-1.788339037,-0.640554957,-0.236554485,0.695962556,0.721148603,0.502931048,-0.302145479,-0.420754152,1
-1.237141923,0.510334369,1.258588626,0.596100939,1.642444415,1.020002948,0.665952193,-0.343301438,-0.085557246,0.913479967,0.479104544,1.512568973,1
-0.879737183,-0.843889703,-1.163274623,-0.444080248,0.545888901,-0.378232258,-1.110885184,-0.644625332,-2.181940664,-0.94025672,0.225434988,0.443590492,1
-1.228771608,-0.364071698,1.214188138,0.717222038,1.220300093,0.954886263,0.01795663,-0.1333767,1.236342709,-0.09882831,0.31184125,0.180826241,1
-2.41903364,-2.750346859,-1.853101256,-2.172584713,-1.602579024,0.483028712,0.313465246,-0.459212595,0.103495766,0.233520345,-0.176635491,0.708605114,0
0.05986866,-0.12236879,-0.616109801,-0.571161767,0.221534256,-0.091934451,0.754958498,0.101653125,-0.668442248,-0.233311554,0.029608759,-0.801306024,1
0.596030898,0.246799666,0.301936954,-0.250780292,-0.061079067,-0.901328495,-1.207152066,0.565461804,0.204480971,0.553574784,-0.288670683,-0.72708692,0
0.563250847,0.09991994,-1.049847929,-0.196638228,0.023952737,0.175818699,0.342953097,-0.224267991,-0.909810131,-0.646601132,0.596030898,0.246799666,1
-0.556309052,-0.187814642,0.272172134,0.141015179,0.700954119,0.106892628,-0.215558389,-0.63841058,-0.031423437,-0.012299277,0.284501238,-0.292522679,1
-0.201994643,0.400656873,-0.054504255,-0.801563818,0.487080712,-0.313163509,-1.702260877,-1.184139691,-0.252439708,-0.113183015,0.803158518,0.403907261,1
-0.24259773,0.47331137,-0.023089873,1.273217636,-0.432035036,-0.22176675,-0.254197661,0.222815769,1.338768151,0.342273458,-0.699629463,-1.263569003,1
-0.04143133,-0.087351151,-1.240127327,-0.971574429,0.145695152,-0.268122797,0.396738032,-0.491844308,-0.847835975,-0.004832039,-0.284010684,0.128946532,0
0.681533549,0.444301024,-0.805124464,-0.258596937,-0.386211621,-0.45141193,0.019533754,0.036879188,-0.603817981,-0.922042562,-0.226893868,0.320886677,1
0.282953143,-0.120011892,-1.266483833,-0.889799404,-0.015299328,0.04617948,-0.826446797,-0.845887607,-1.795652877,-1.513262993,-0.072370071,1.802244467,1
-1.304634148,-2.183159327,-3.402274313,-2.680311847,-2.34458364,-1.931398192,-1.285126494,-0.480833468,-0.976712466,-0.790348181,-0.099359611,0.420859613,1
-0.638706989,-0.346002416,-1.585063147,-0.447564994,-0.129291944,0.267993368,-0.475273054,0.472401368,-0.104401507,-0.18609424,-0.78172886,-0.702605545,1
-0.325903273,0.51581622,-0.773449359,-0.733485431,-1.262399609,-0.772211788,0.166548236,-0.261345319,0.005922338,-0.688717959,-0.488255698,-0.609563751,1
0.795425498,-0.0965063,-0.918618003,-1.310161806,-0.86339576,-0.141440219,-0.721652207,0.697643011,-0.008422247,-0.861004241,-0.969488641,-1.254515854,0
-0.429308226,0.244782055,-0.372640152,-0.905161849,-1.02790508,-0.303314074,0.008181764,-0.384945821,-0.467183436,-0.773780123,-0.311407954,0.414003305,1
0.037139912,-0.283720399,-0.296379203,0.104536796,-0.415117572,0.049459429,0.188153396,-0.047658067,0.378917223,0.339202567,-0.825795654,-0.115519406,0
-0.619262451,-0.304024606,0.067507938,0.66101336,-0.349816063,-0.355927751,-0.2993694,-0.077158168,0.755454113,0.970497713,0.122418325,0.370099497,1
-0.555313828,-1.367281285,-1.732580966,-0.915996654,-0.592956811,-1.029961839,-2.722871292,-2.564284843,-3.035115745,-2.965530275,-1.294452351,0.925717724,1
0.906215396,0.085056305,-0.178077593,0.464221469,0.6101342,0.92006117,1.423767464,0.944540414,0.798345654,1.785638059,2.550088597,1.879549641,1
0.479104544,1.512568973,1.490098018,0.219105187,1.945995244,0.957939577,1.023734569,0.772764394,0.314592828,-0.123215409,-0.570024065,-0.399367104,0
0.404192486,-0.605280856,0.353256867,-0.484036186,0.645262627,0.187623694,-0.746250761,-0.177481045,-0.001266067,1.195012046,-0.667354613,-0.011950935,1
-0.585116465,0.775895738,0.56708287,-0.037910098,0.091137367,-1.083757427,-1.684683748,-1.51761806,-0.743206768,-0.678457598,0.482100068,-0.198794589,0
1.059532514,0.754957433,1.004081772,0.624900363,0.203344333,0.390826613,0.386213485,0.147915962,0.166844113,0.530797566,-0.104130664,-0.335622213,0
-1.003160585,-0.121598337,-0.205463677,0.04267982,-0.973198691,-0.328720099,-0.743110894,0.21059186,-0.275032902,0.113985159,-0.678547879,-0.792748222,0
-1.131440793,-0.217934461,0.889443606,0.557725321,-0.208108196,0.377176048,-0.630404851,0.25931386,0.605506958,0.181131439,-0.834586749,-0.831259395,1
-0.42858065,-0.351045112,0.355614031,-0.545063588,0.619396941,-1.169075521,-0.59538375,-0.366755632,0.141573111,0.561818599,0.340749331,-0.971632219,1
0.188007455,1.164585964,0.203761651,-1.352830706,-0.019149194,1.215806275,1.991464459,0.658754734,-0.300407234,-0.238893007,-1.575446739,-1.083429858,1
0.370530662,0.530553621,-0.662165444,-0.782326207,0.143965162,0.074528297,0.29823729,0.092743786,-1.091985529,-0.437314487,0.461056834,-0.356433752,0
-3.357609373,-0.226050711,1.270253804,2.247011543,1.152976179,2.794691421,-0.144641072,0.115284249,0.342118462,0.723307095,0.525462722,0.381431247,0
-0.003246926,-0.121158383,0.421811427,0.15969246,-1.23033728,0.041369544,0.441547581,0.371567431,0.73242203,-0.104704841,0.229405495,-0.236152614,1
0.135275534,-0.541987903,0.092697181,0.241892259,0.272457625,0.524721831,0.721207193,-0.350458417,0.142436508,0.321464849,0.387938149,0.523779871,0
0.000643153,-0.103931726,-0.288796917,-0.854963926,0.312394655,0.756333222,1.271703363,0.039092542,-0.97639475,-2.041503392,0.421705433,0.764813792,0
0.660459157,1.26296633,-0.815352334,-0.559418292,0.343795455,0.032875658,0.476702906,0.594890266,-0.292816959,-0.687054282,0.076053223,-0.043207924,1
-0.014713699,-0.082165976,1.283258286,0.309376761,0.901664586,0.733627111,0.5764042,0.162648569,0.909090012,1.007085818,0.658635424,1.313143214,0
-2.546812109,-1.730520745,-0.981629194,-0.411143869,-0.651565264,-0.859759214,-0.685085674,-0.523666154,-0.268901772,-0.111254087,0.121555993,-0.704287331,1
0.973813881,0.972102267,-0.455371784,-0.55942282,-0.657950193,0.598039987,0.081753719,0.47628692,0.087953558,-0.771772366,-0.656371737,0.220358471,0
-2.191099275,0.433099235,-0.811113114,-1.645824233,1.220934458,-2.803959221,-1.423833244,0.722004543,-0.715736261,0.178706099,-3.536954364,1.32791284,0
-3.122318025,-2.039930529,-1.472179205,0.455638633,0.568856003,-0.6442192,-0.548666845,-0.497557321,-0.246621766,-0.054869374,-0.41552397,-1.129777649,0
-0.401753297,-0.8345982,0.23386629,1.460420284,-1.981550043,0.972598414,-0.341213786,0.404068649,-1.210505519,-0.13525849,1.814323234,0.719426603,0
0.724399524,-0.511707761,-0.334916209,0.248046025,0.327746713,1.356336758,0.931695456,-0.452379456,0.740788884,0.400156465,0.296993594,1.18320146,1
0.325862527,0.019115371,0.411181952,0.248372262,-0.742910358,-0.844475865,-0.269032001,-0.056146893,0.2802503,0.064300427,0.129786759,-0.541745822,1
0.111194699,1.233273948,-0.06754682,-1.007914327,-0.42650445,-0.422260436,0.777685649,0.435424441,-0.168509387,-1.503051368,-0.050816309,0.538947106,1
-0.994323151,-0.123007949,0.036253079,0.606574353,-0.226254443,0.049510029,0.110149408,0.251870591,0.528916576,-0.001366468,-0.080522273,-0.751788271,1
-0.484935802,0.553809142,0.687712083,0.635318117,-0.214225477,0.229215079,-0.781409281,0.295051883,0.667385772,0.361835708,-0.011583685,-0.129444809,1
0.235742221,0.155881477,1.163753726,0.468109684,-0.247832706,0.063192019,0.904638804,1.032919812,1.235616198,1.835089232,0.349696221,-0.426683414,1
1.003086549,-0.628175253,-0.602412365,0.501078286,0.730640642,0.313475099,-0.242338072,-1.170208163,-1.457859654,0.186386655,0.571128212,-1.031188491,1
0.723291383,0.916240067,0.078072698,0.770828808,0.148985221,-0.516556579,-0.416513867,-0.063317986,0.238035735,0.252801632,-0.052052815,-0.129580098,1
0.270159583,0.07400685,1.077176489,0.370038777,-0.448324261,-0.023645408,0.495890715,0.459691964,0.967968775,0.39923368,-0.450241737,0.082679168,1
0.087158871,0.655549353,0.502725452,-0.127039176,-0.104030529,-0.781598898,-0.087650757,0.089118159,0.928059708,0.751219953,-0.116008362,-0.15255652,1
-0.782496649,-0.687010074,-1.775065576,-2.075588125,-1.73953661,-2.511051182,-1.168811601,0.252124923,-0.004666923,-0.117252325,-1.340637956,-1.307942594,1
-0.275595361,0.326953624,0.328010633,0.273048314,-0.229503233,-0.497135476,0.019497535,0.242800929,0.175395257,0.20656303,-0.638617507,-0.361383237,1
0.264603963,0.13035055,-0.061423414,0.272658427,0.796708342,1.347382944,1.031460932,0.130559076,0.864045305,1.212623531,1.108274754,1.264306965,1
-1.593227067,-0.035278895,0.610963509,0.726339104,0.059920059,-0.538335644,-0.301292469,0.359422618,1.28692466,0.649240058,-0.618939676,0.622599392,1
0.108626612,0.240688244,0.723291383,0.916240067,0.078072698,0.770828808,0.148985221,-0.516556579,-0.416513867,-0.063317986,0.238035735,0.252801632,0
-2.124028895,1.294090427,-0.851432841,-0.851432841,0.146791042,-2.001593792,0.475374521,-0.740605392,3.229684696,-1.844800183,1.659054551,0.707338515,0
0.514293957,-0.363875423,-0.263604478,-0.70795983,-0.647971594,-0.773048286,0.442543337,-0.016179769,-0.361239959,0.468544312,-1.290516732,-0.871611346,1
-0.672577871,-0.32086617,-0.054253651,0.432188701,-0.1791101,-0.784770723,-0.698111194,-0.010944793,0.474553202,0.12113335,0.973813881,0.972102267,1
1.280199379,1.511080266,0.733207929,1.735228148,0.71787904,-0.666946351,0.696259232,1.472141122,0.450317371,1.454787165,0.249158161,-0.997171668,1
-0.367511437,0.025353826,0.285729222,0.622740806,0.180623308,-0.552811789,-0.628206412,-0.919366352,-1.171763183,-0.624789842,0.044259074,-0.461310633,0
0.384617986,-0.055750082,-0.666355662,-0.321126095,-0.003798733,0.317764653,0.394033325,-0.248329385,-1.060397243,-1.593044907,-1.5557998,-0.697703198,1
-0.409660755,0.518871398,0.498630042,0.115923141,0.134634777,0.6923332,-0.43135593,-0.31910156,-0.739694324,0.279750159,0.807911196,0.362911891,1
-0.455844762,-0.563558442,-0.311832728,0.097385942,0.769018391,0.485282013,-1.455491039,-0.138115529,-0.164574034,0.326781584,0.513885428,-0.494206798,1
-0.233690788,0.106966131,0.596484168,0.106381834,0.543743725,0.236990178,0.235329431,-0.172841019,-0.027550135,0.814052179,0.224608343,-1.25069981,1
0.228794033,0.268487118,-0.394012819,-0.431599876,0.207858392,0.418677686,0.65409074,-0.145652008,-0.534435711,-0.547199443,-0.164443273,-0.247477174,1
0.074426298,0.250451126,0.294509664,0.341147474,-0.345437027,0.178952441,0.507817149,0.226741802,-0.136386338,0.371238264,-0.148358313,0.087251283,1
1.035614398,-1.397081791,-1.831348556,-1.354960703,1.100735878,-0.306832377,0.041207624,-2.307779553,-5.091320052,-0.986332336,-1.315482003,2.464614441,0
0.198595651,-1.040909828,-0.32305955,-0.446678428,-1.091522938,1.305952946,1.273524166,0.548265773,0.056804161,0.482537093,-0.128384605,-0.040001212,0
0.121555993,-0.704287331,-0.0626237,0.149137554,0.266952871,-0.362337714,-0.322499221,-0.733355735,-0.391375491,0.341678242,0.864357161,0.360774438,0
0.065008295,-0.101517304,0.040164464,0.724006708,0.113715381,-0.305211843,-0.382164149,0.336800928,0.132840073,-0.11174038,-0.718377584,-0.462254724,1
0.143932139,0.179462703,2.058557476,0.676087918,2.585822892,2.721802832,1.676858315,0.845201044,1.246386288,-0.066469305,-0.087723461,0.553492226,1
0.590257698,0.937081699,1.068157694,0.370233986,-0.224770796,0.538687447,-0.283743303,-0.013330187,-0.027279824,0.155379471,-1.164861334,-0.603524235,1
0.13734987,0.430988148,-0.586192382,0.447736235,-0.793793779,-0.065067417,0.203148857,0.721394679,-0.385822267,0.369011595,-0.104824417,0.583291401,0
0.040963412,0.833813633,0.675674861,1.46099313,1.249683548,-0.398664829,-0.013672403,0.049691124,-0.234675891,0.124841002,0.677261573,-2.082685982,0
-0.523499972,0.33162108,0.346755558,-0.176079955,0.2722483,1.219194614,-0.68754963,-0.746508288,-0.017985392,0.070095998,0.226829686,1.084473551,0
1.029943996,0.771746267,0.82429443,1.057059769,0.069305039,0.43854247,0.42387591,0.510590299,1.262519984,1.173040967,-0.12320156,0.102200937,0
0.922009273,0.692652247,0.583848534,-0.165468856,-0.827052666,-0.529741889,0.550040237,1.036092436,0.333886365,-0.484184258,-0.367511437,0.025353826,1
-0.896122548,-0.06663016,-0.112277806,0.235009319,0.177979056,-0.64169985,0.115144966,-0.212405473,-0.302393952,-0.38333594,-0.084647776,-0.64071741,0
-0.051097806,-1.147252247,-0.42866667,0.205753962,-0.229912561,0.256347631,0.182912562,-0.186425005,-0.612692699,0.170903836,0.032126245,0.743509303,1
-0.614610974,-1.131190456,-0.846910527,0.131856834,0.149202801,1.437981287,-0.722687378,-0.514498222,-0.025422802,0.059860138,0.097964913,-0.010311227,1
1.009010218,0.240945239,-0.614610974,-1.131190456,-0.846910527,0.131856834,0.149202801,1.437981287,-0.722687378,-0.514498222,-0.025422802,0.059860138,0
0.160455722,-0.086670181,0.171618362,-0.164338611,0.591154917,0.264997578,1.091059814,0.534830391,-0.777179116,0.043029226,-0.460521539,0.817855705,1
1.024191568,-0.130321788,-0.766088115,-0.607807663,-0.023502929,0.590437727,1.058566852,-0.028776521,-0.117960193,-0.020456806,-0.468538985,-0.319452298,1
0.557798291,0.117094932,-0.471849827,0.255260528,-0.039364717,0.605995116,-0.202405303,-0.568449072,-0.333875446,0.386135988,0.410724421,0.588949287,1
0.112403507,0.291161804,0.228794033,0.268487118,-0.394012819,-0.431599876,0.207858392,0.418677686,0.65409074,-0.145652008,-0.534435711,-0.547199443,0
0.230712308,0.409546505,0.880408832,-0.278899545,-0.958415484,0.225573206,0.642023424,0.499636185,0.405561084,-0.395749466,-0.849260234,-0.594407169,1
-0.51430168,-1.326586319,0.065008295,-0.101517304,0.040164464,0.724006708,0.113715381,-0.305211843,-0.382164149,0.336800928,0.132840073,-0.11174038,0
0.605529062,0.008684568,0.752807463,1.396306012,1.107541852,0.097756122,0.563618097,1.211665592,-0.459294088,-0.011442272,0.684023339,0.388589558,1
0.668618816,0.30041256,0.609350166,-0.276424403,-0.606413232,-0.049300704,0.225850442,0.15301991,0.481357046,-0.688100905,-0.509082151,-0.23548709,1
0.608451349,-0.342625794,-0.168076357,-0.076222067,0.484188253,0.604853685,0.460523137,-1.026553525,0.048490304,0.44860842,0.605111479,0.941604013,1
-0.275309338,0.187933685,0.239293013,-0.452344835,-0.676644252,0.174184584,0.791368971,-0.476945253,0.501755262,0.396786235,-0.722210938,-0.573634512,1
0.562414082,1.626197534,0.96531094,1.040458688,1.503361093,-0.092526738,-0.129263181,0.644755561,0.660714554,-0.013083578,0.425167809,-0.575876628,1
0.41450105,0.914078113,0.741516193,0.476215813,1.46090418,-0.123815685,0.064109478,-0.082679434,-0.057689129,0.27173431,0.679720203,-0.131415016,0
-1.581604766,0.469111032,-0.290697349,-0.229704302,0.23067822,-0.646926304,-0.826455585,-0.452780529,-0.081903655,-0.070278691,-0.049102033,-0.381085036,0
0.863666071,0.66116809,-1.073725565,-0.861253247,0.031620511,0.38220889,-0.22610504,0.140900396,-0.328577087,-0.827043878,-0.565536639,0.202602643,1
-0.112277806,0.235009319,0.177979056,-0.64169985,0.115144966,-0.212405473,-0.302393952,-0.38333594,-0.084647776,-0.64071741,0.077665767,-0.459747891,1
-0.627278833,-0.088604967,0.009473397,0.112211227,0.173910811,-0.196170044,-0.132301582,-0.313711588,-0.09738248,0.168044133,0.532731288,-0.18164756,1
1.180791831,0.269696193,-0.754732929,-0.877152319,-0.16339452,0.135662491,0.331848248,0.076519276,-0.139835398,0.230484075,0.46598821,-0.121477963,0
-0.641506771,-0.721456465,-0.853945799,-0.323643847,-0.11070015,-0.116727948,-0.460983864,-1.002224217,-1.422933895,-0.672423674,-0.194166281,0.097801662,1
-0.870831306,-0.393597632,-0.14622299,0.076782929,-0.307314409,-0.133306126,-0.002716158,-1.163033873,-0.6186936,0.889693144,1.299588257,0.088276866,1
-0.882379305,-1.241456511,-1.824724209,-0.265409835,-0.237533729,2.36244919,-0.337906406,-0.413457091,-0.948764188,-1.003269242,-2.088958259,0.008838765,0
0.486341951,0.243235557,0.676684732,0.791934626,1.082166454,0.273044586,-0.026387399,1.229576682,0.373307807,-0.260663017,-0.6465239,-0.77502302,1
-1.413165952,-1.240706298,-1.704816447,-0.026842001,0.043063315,-0.433379666,-1.788339037,-0.640554957,-0.236554485,0.695962556,0.721148603,0.502931048,0
-0.044921669,0.072663019,0.392755274,-0.034881019,0.218281738,0.118811872,-0.569935648,-0.686495817,-0.052710616,0.24752804,-0.143764892,-0.686006595,1
-0.361376046,0.395098057,1.140482225,0.481891276,0.732636681,1.013594051,-0.757052542,-0.028218589,1.006822165,0.337790293,1.009010218,0.240945239,1
-0.046210639,-0.041754904,0.336696266,0.713610526,0.245803377,-0.081682346,0.066901536,-0.680832872,0.159564628,0.502634105,0.423277497,-0.268971014,1
1.604762283,0.353681109,0.397984125,0.404517125,0.346279651,-1.013644385,0.328609844,0.153865197,0.176929238,-0.061122476,-0.015707324,0.238027746,0
0.873269164,-0.847572589,-1.95990307,-1.173214073,0.317090607,1.791865063,0.823978845,-0.655253209,-0.351162024,0.046811714,0.0567746,0.808722128,0
-0.937913937,-0.05291488,-1.949597436,-0.171957116,-0.043543483,0.406579477,-0.356049458,-0.376362719,-0.06648848,-0.375403981,0.182939193,0.083626188,1
-1.89623115,-1.699591591,-1.170524547,-0.14404772,-2.07209459,-3.047177201,-2.25925516,-1.551968044,-0.084550305,0.628500691,1.266103001,-0.353222512,1
-0.230033735,0.214292855,0.249538727,0.218745927,-0.510215326,-0.170983997,0.270892219,0.255727913,1.256736131,0.465427348,-0.442152119,-1.099737192,1
0.116944996,-0.212069648,0.108283065,-1.175989353,-0.999867586,-0.245261157,-0.064635452,0.081433873,0.303144697,0.229848912,-1.02539292,-0.059378106,1
-0.353081098,-0.091373323,0.403192469,-0.53506901,-0.688131265,-0.436007407,-0.152834021,0.084359889,0.529309658,-0.844486517,-1.2831973,-1.126168001,1
-0.05807875,0.465414032,0.845115556,-0.291463807,-0.026575951,-0.04936462,0.244675262,-0.083467996,0.191123354,-0.184451602,-0.266042336,0.136779421,1
0.225603833,0.138189298,-0.882938835,-0.694589697,-0.441970491,-0.497047858,-0.234736611,-0.57759916,-1.190619162,-0.188296408,-0.320387334,-0.729033424,0
-0.048809351,-0.289661912,-0.039172436,0.369429179,0.195229149,0.590735469,-0.210557239,0.272384654,0.481204979,0.845494258,1.126090769,1.222937155,0
0.139893455,0.738398696,0.090762394,-0.923260426,-0.609034848,-0.474704203,0.199686215,-0.085002509,-0.336346593,-0.940958729,-0.503483654,-0.017440776,1
0.167562634,-0.474499939,-0.543218816,0.694062923,0.808927991,0.721145674,0.905189812,-0.099918608,-1.484657713,-0.629718022,0.329781901,0.453761903,1
0.959004042,0.041549574,-0.615290347,-0.299588845,-0.84221564,0.112602446,1.211666124,-0.1317306,-0.38266216,-0.492762832,-0.33320353,0.579633283,1
-0.181540501,0.13684094,0.84532781,-0.056740511,-0.674563258,-0.340513908,0.066359849,-0.172109182,0.238980092,-0.054363906,-0.701564782,-0.231279029,1
0.329433027,0.844394638,0.475721797,-0.469123549,-0.455446619,-0.192036285,0.121400198,-0.686472648,-0.495935722,-0.470580298,-0.323852639,0.288290117,1
-0.015301192,-0.185845235,-0.052415538,-0.497285679,0.648897309,0.138458544,0.522526853,0.011913385,0.734620204,0.777414273,0.72760304,1.391956537,0
0.244795637,-0.001425856,-0.478117311,-0.632926865,0.520510574,0.004108459,0.635022772,-0.01716141,-0.636865946,-0.387030011,0.320232072,0.267644227,1
0.56708287,-0.037910098,0.091137367,-1.083757427,-1.684683748,-1.51761806,-0.743206768,-0.678457598,0.482100068,-0.198794589,-0.723438922,-0.625312621,1
1.283447637,1.400018192,0.020146015,-0.470442613,-0.200603142,0.444285311,-0.04463458,1.123469686,-0.189546762,-0.466677169,-0.735238057,0.204747287,1
-0.552249862,-0.044927261,0.272997181,0.467269723,-0.302201139,-0.251796022,-0.202778412,0.190835998,0.36227939,-0.053622749,-0.63141632,-0.820852827,1
-0.099726328,-0.671020721,-0.91183866,-0.225891188,0.726611279,0.138941375,0.664377466,0.164006515,-0.522405147,-0.194023802,-0.259004667,-0.023796676,1
0.617238449,-0.791109046,-0.261217753,-0.101560447,0.098261057,0.5947888,0.907378398,-0.62864823,-0.896423485,0.064519871,-0.25908323,0.600909543,1
-0.033852772,-0.102493086,-0.028837241,-0.288957506,-0.201994111,-1.573694911,2.200958564,-0.537759336,0.276192708,1.969482994,2.649065245,1.557029116,1
-0.74688406,0.535135856,0.196651543,0.879306816,0.773279981,-0.346578724,-0.298330767,0.012265721,1.095107287,0.735015417,1.360366653,1.23701276,0
0.108523548,0.281443663,-0.507162544,-0.382235522,-0.07205422,1.165233644,0.293647599,-0.135010816,-0.619745549,-1.02176889,0.037139912,-0.283720399,1
-0.742548168,-0.520490334,0.02026639,-0.376895884,-0.756399535,-0.483091829,0.303237375,0.772616854,0.854351399,0.485877496,0.280183988,0.161046145,1
0.837010492,-0.076729399,-0.447510399,-0.305226224,0.505536418,0.09707089,0.492766294,0.457709241,-0.255634969,0.129120436,1.604762283,0.353681109,1
-0.079611206,-0.980076571,0.642883891,2.355270906,-0.147705572,-1.315667359,-0.216972261,-0.476681867,-1.189545908,1.850880979,-0.807750607,-0.486243414,0
-0.943286598,0.530456682,1.219714996,0.523632331,-0.494660867,0.421165611,0.331179262,-0.144727625,0.79797654,0.31953459,-0.401406287,0.374570944,1
-0.662165444,-0.782326207,0.143965162,0.074528297,0.29823729,0.092743786,-1.091985529,-0.437314487,0.461056834,-0.356433752,-0.04143133,-0.087351151,1
0.550474332,-0.185255078,0.427759331,0.046446595,-0.186814093,-0.528126682,0.469613038,-0.130807549,-0.232047351,-0.193702092,-0.637638796,-1.119423279,0
0.043554668,-0.486569385,-0.731492055,0.500138457,0.22651277,-0.329682831,0.330220257,-0.66074518,-0.010005496,0.753732113,1.033900388,-0.28765735,1
0.285729222,0.622740806,0.180623308,-0.552811789,-0.628206412,-0.919366352,-1.171763183,-0.624789842,0.044259074,-0.461310633,-0.585116465,0.775895738,1
-0.730288572,-0.714127712,0.014586932,0.373422323,1.68448987,0.677581685,-0.032688172,0.541903481,0.811605266,0.588633702,1.110771467,1.004929989,1
0.344958457,0.171922495,-0.305887753,-0.558218538,0.034197918,0.540010506,0.400837968,-0.193360143,0.224138295,0.084550038,-0.003356116,0.451169849,1
0.162552961,0.437905709,0.055821454,-0.212282701,-0.816923066,0.352541808,-0.119975407,0.431751143,0.1184867,-0.826954395,-1.074120246,-0.056834787,1
-0.078376032,-0.131285852,0.005349758,0.756579032,0.249347245,-0.536060505,-0.109727031,-0.216615131,-0.225336451,0.475701557,0.135275534,-0.541987903,1
0.266337414,-0.126912675,0.402066485,0.880368086,-0.744347133,-0.568368644,-0.762822547,-0.255008327,-0.052257612,-0.083798494,-0.017736387,-0.133749276,0
0.375153111,0.637341054,-0.193385176,-0.79506384,-0.653939472,0.113444271,-0.338739976,0.00992134,-0.636905361,-1.003753937,-1.410570702,-1.569494041,1
0.802137196,0.061314757,-0.286499142,-0.937343488,-0.389511811,-0.220332105,0.581700695,0.062619439,-0.458941219,-0.708325483,-0.023319704,0.784429039,1
0.092697181,0.241892259,0.272457625,0.524721831,0.721207193,-0.350458417,0.142436508,0.321464849,0.387938149,0.523779871,0.288059754,0.332733749,1
0.546650299,0.674386957,-0.486031693,-0.450230019,-0.243763129,0.499068931,0.388436692,0.881697003,-0.773334843,-0.324208704,-0.029304892,0.067921793,1
-0.030271087,1.28107982,2.06350563,1.020970741,2.576008078,2.447633061,1.820711891,2.016920284,0.983349596,0.175620028,0.795425498,-0.0965063,1
-0.13892007,0.266278558,0.253187524,-0.794226542,0.532772034,-0.242807054,0.656875607,0.370218274,-0.386079262,-0.301671969,0.112403507,0.291161804,1
0.397984125,0.404517125,0.346279651,-1.013644385,0.328609844,0.153865197,0.176929238,-0.061122476,-0.015707324,0.238027746,0.304101305,-0.179514102,1
0.862230627,-0.224400617,-0.541299209,0.670159987,0.731369016,0.515353629,-0.13076334,-0.404496885,-0.657642864,0.256701299,0.132111432,0.173353944,0
-0.918618003,-1.310161806,-0.86339576,-0.141440219,-0.721652207,0.697643011,-0.008422247,-0.861004241,-0.969488641,-1.254515854,-0.326353614,-0.489859987,1
1.63348341,0.829747252,1.48521964,0.565174981,0.089268361,-0.325722178,1.705590095,2.925502964,3.891378494,-0.151726413,0.484582933,1.169379387,1
-0.078815187,0.558280324,-0.425449838,-0.756320173,-0.255854147,-0.676403502,1.329162395,1.027029965,-0.785070595,-0.098293281,-0.376307858,-1.117756673,0
0.496579941,-0.279225782,-0.460734059,-0.3737688,0.241519949,0.534690842,0.046490537,-0.348194198,-0.06166443,0.252961155,0.513177826,1.613093983,1
0.606999926,0.076749639,-0.233690788,0.106966131,0.596484168,0.106381834,0.543743725,0.236990178,0.235329431,-0.172841019,-0.027550135,0.814052179,0
0.478075233,0.105147725,-0.499380255,-0.706777653,-1.271409083,-0.198327737,0.798879884,-0.33493352,-0.536701794,-1.163922837,-1.381327329,-1.310892577,1
-0.310085428,-0.627529436,0.20673507,0.604285632,-1.023838965,0.354947708,0.396840564,-0.456110545,-0.990719361,0.018009361,0.525260055,0.111491907,1
0.304101305,-0.179514102,0.252245297,-0.259664864,-0.49693787,-0.532267898,0.122781314,0.252574997,0.654822576,0.469046051,-0.754826938,0.059259862,0
-0.290353801,-1.026192667,-1.544565788,-0.565665269,-0.048030377,0.056481119,-0.349301008,-0.486398144,-0.371784212,0.312604246,0.173669795,0.132180408,1
0.31402158,-0.610194654,-0.292323475,0.184001262,-0.016258598,0.423800542,0.238584879,0.012874786,0.477225152,0.502834375,1.059532514,0.754957433,1
-0.961522061,0.241321011,-0.960787029,-1.653066433,-2.615640975,-2.311201183,-0.343160557,-0.312729148,-0.123809294,-0.840111476,-1.26368565,-0.919738129,1
0.223860261,-0.370421739,0.486659932,-1.139853187,-1.468745592,-1.547619368,-2.059518345,-1.065956592,-0.560265976,-0.215398333,-0.44409889,-0.907465217,1
0.812503817,-0.671377318,-0.169329641,-0.537330567,0.555921029,0.431795352,-0.894914538,-0.613455695,-0.16344006,0.789848572,0.464869416,-0.795630295,1
-0.290697349,-0.229704302,0.23067822,-0.646926304,-0.826455585,-0.452780529,-0.081903655,-0.070278691,-0.049102033,-0.381085036,-0.523499972,0.33162108,1
-1.749836652,-0.796730446,0.325862527,0.019115371,0.411181952,0.248372262,-0.742910358,-0.844475865,-0.269032001,-0.056146893,0.2802503,0.064300427,0
-0.461636072,0.235178962,0.040892306,-0.650725835,-0.694473583,0.134700291,0.463916537,0.88262405,0.857622826,0.303939385,0.41450105,0.914078113,1
-0.979850735,-1.636574808,-0.235314783,0.932721838,1.568292955,-0.898826189,0.004992628,-0.802157702,0.162637916,0.729660332,0.471674325,-0.511256622,1
0.105642274,0.376015709,-0.085084535,-0.159580874,-0.603922644,-0.403415642,0.202446848,0.135148501,0.233498241,0.004081827,-0.38636209,-0.965995639,1
-0.399981229,0.201419401,-0.099726328,-0.671020721,-0.91183866,-0.225891188,0.726611279,0.138941375,0.664377466,0.164006515,-0.522405147,-0.194023802,0
0.409084713,0.367586272,0.925969926,-0.350975337,-1.121185226,-0.106663863,0.830503856,0.075928853,0.81713825,0.10068187,-0.738755826,-0.786428274,1
-0.508748723,0.147384395,-0.961522061,0.241321011,-0.960787029,-1.653066433,-2.615640975,-2.311201183,-0.343160557,-0.312729148,-0.123809294,-0.840111476,0
-0.302145479,-0.420754152,0.340619102,-0.406466293,0.661398187,-0.267835442,0.382336456,-0.032924661,-0.408751019,0.661643198,-0.065670889,-0.751125943,0
-2.647964827,-0.785311344,-0.256815814,0.413423801,2.149086045,0.567365698,-0.447073374,-0.633695986,-0.547940334,0.395486879,-0.715372473,-0.469131006,0
-0.361290825,0.055331965,-0.05807875,0.465414032,0.845115556,-0.291463807,-0.026575951,-0.04936462,0.244675262,-0.083467996,0.191123354,-0.184451602,0
-0.541299209,0.670159987,0.731369016,0.515353629,-0.13076334,-0.404496885,-0.657642864,0.256701299,0.132111432,0.173353944,0.910187767,-0.26909565,1
-0.299438642,0.14973277,0.607175162,1.011851811,0.766353099,0.420061198,-0.413355358,0.059994628,0.807019037,0.60092925,0.895582459,1.291580664,0
0.694281835,1.39374991,0.142954493,-0.103632386,-0.658492679,1.973889993,2.845132224,-1.105831836,0.452760022,0.437713428,-0.071589765,-0.675442101,0
0.198120809,0.486839429,0.129966256,0.381409409,-0.246628691,-0.936685687,-0.269026941,0.322564468,-0.350325526,0.333356129,-0.241527672,-0.699578596,1
0.610600254,0.095788045,-0.605074727,-0.485922503,-0.004285293,-0.13037079,-0.115595572,0.172760325,0.334519132,1.902480257,0.213709623,-1.426487617,1
0.72776789,0.802581145,-0.413218738,-0.378320675,-0.150440905,0.167445721,0.132751656,-0.125474835,-0.564982435,-0.598324679,-0.118041686,0.821675744,1
0.030088128,-0.246494201,0.307538913,0.339558365,-0.181489901,0.668631865,0.968531767,0.509193737,-0.127341977,-0.593847905,-1.336439749,-0.856933067,1
-1.459959557,-1.802376027,-1.63648932,1.194765704,0.66794983,0.362773407,-0.42217415,-0.683288306,0.883420335,0.79564654,0.296145644,-0.141446877,0
-0.455371784,-0.55942282,-0.657950193,0.598039987,0.081753719,0.47628692,0.087953558,-0.771772366,-0.656371737,0.220358471,0.383288003,0.744571638,1
0.284501238,-0.292522679,-0.254408849,0.308752782,0.148950067,1.712240807,0.219048195,0.313428494,-0.367119419,0.784486563,1.580063595,0.544639346,0
0.381037099,-0.635076036,-0.549427443,-0.00810107,-0.215680096,0.048895638,0.367346054,-0.45640802,-0.059303271,0.422762176,0.269540132,0.062221829,0
-0.487147024,0.259951953,0.874698482,2.327636349,1.228977737,0.622923499,0.397540442,0.397493571,0.027846279,-0.562239379,1.073941814,0.176143605,1
-1.240127327,-0.971574429,0.145695152,-0.268122797,0.396738032,-0.491844308,-0.847835975,-0.004832039,-0.284010684,0.128946532,0.255430704,-0.512743465,1
-0.464083517,-1.481359921,-2.128918459,-1.351613109,-0.19190366,-0.325525104,-1.42426947,-3.098733337,-2.90120295,-1.973711561,-2.611782854,-1.628437519,1
1.479376931,0.479416933,0.588851815,0.117363645,-0.761628385,-1.011823581,-0.310952287,-0.639188489,0.746996179,-0.513214045,-0.966947453,-0.606539199,0
-0.238298855,-0.835485832,-0.687457485,-0.310015919,0.705085747,-0.349266653,-0.535665825,0.141248738,0.132339399,0.443029897,1.04739569,0.508330607,1
-0.37577416,-0.618597993,-0.245943726,-0.333649077,-0.020659206,0.147915429,-0.021084246,-0.625866558,-0.361246084,-0.358053753,0.321372703,-0.035001926,0
-0.182541051,-0.665947932,-0.831552876,0.046045523,1.04044484,0.973599497,0.780640692,0.073345587,0.102281897,0.624375454,0.820091696,2.137497033,1
0.301936954,-0.250780292,-0.061079067,-0.901328495,-1.207152066,0.565461804,0.204480971,0.553574784,-0.288670683,-0.72708692,0.550474332,-0.185255078,1
1.422478494,1.219433234,1.120775366,1.08135712,0.244658484,1.242058119,0.807753004,0.916285873,-0.376275367,0.207070628,0.001394964,0.5855455,1
-0.205620271,0.110257,-1.33915564,0.14820811,0.390708635,-0.008779111,-0.366761224,-0.237239983,-0.942973144,0.320400916,0.088339184,0.117057648,0
-0.052052815,-0.129580098,0.486341951,0.243235557,0.676684732,0.791934626,1.082166454,0.273044586,-0.026387399,1.229576682,0.373307807,-0.260663017,0
-0.164443273,-0.247477174,-0.322032102,-1.25735505,-2.411679587,-2.450158004,-2.203475251,-2.145597836,-1.491237585,-0.27607766,-1.300635412,-0.798227143,0
-0.49254392,0.081685542,0.288876812,0.602858711,0.852346837,-0.396295947,-0.981242769,-0.408004535,1.124113372,1.153612142,-0.373132571,-0.189841308,1
0.133935698,1.8557013,-0.061799718,0.359023676,-0.351883741,0.90667053,-0.022855248,0.371599922,-0.121126159,-1.402984421,-0.447890166,0.777466204,0
-0.560309386,-0.172899076,0.694685304,1.139253975,0.452914752,-0.204727313,-0.257210761,-0.454954201,0.324403647,-0.19457774,0.225603833,0.138189298,1
-0.226200914,-0.074883562,0.416504812,0.774388123,-0.104954646,-0.282247671,-0.352357251,0.324962645,0.314746492,0.564639952,-0.114672787,-0.074806331,1
0.82429443,1.057059769,0.069305039,0.43854247,0.42387591,0.510590299,1.262519984,1.173040967,-0.12320156,0.102200937,1.076815098,1.582291862,1
0.167938139,-1.111285458,-0.253723618,0.053604905,0.510631844,-0.044114997,-0.361335034,1.04617543,0.14134621,-1.165057609,-0.55190445,-1.209445314,1
1.004081772,0.624900363,0.203344333,0.390826613,0.386213485,0.147915962,0.166844113,0.530797566,-0.104130664,-0.335622213,-0.74688406,0.535135856,1
-0.143764892,-0.686006595,-1.555697269,-0.988332104,-1.021935604,-0.321816919,-0.591886753,-1.410499596,-1.512712251,-1.697114052,-1.665504993,-1.430698607,0