-1.42208621,-0.211413445,-0.719390384,-3.17971181,-1.98108399,-0.591438543,0.467738439,0.058199924,0.028438832,0.087762343,0.010936537,-0.485366169,0
-0.03162131,-0.035136948,-0.211390009,0.05137291,0.124154173,-0.85041285,0.113394736,-0.007508516,-0.360071896,0.285487407,-0.581094559,-0.82820981,1
0.213806029,0.180156989,-0.305518906,-0.434721101,0.459354009,-0.122239893,-0.092623944,0.227556196,-0.454011974,-0.047396811,-0.308801518,-0.135566617,0
0.017124126,-0.128647459,-0.094768321,-0.551718561,-0.500659638,0.038374553,0.309497935,-0.95409557,0.176867719,-0.179452849,-0.432338903,-0.237234124,0
0.21951052,1.421345053,0.664041108,0.195294663,0.181714672,0.174699106,0.085009966,0.504053304,1.146048765,0.331264216,2.995851962,-0.285936682,1
0.026968234,-0.234825827,-0.459279973,0.157756076,-0.09528604,0.250599996,-0.03828587,0.515351498,0.577247623,0.157691627,-0.406654312,0.227282956,0
0.431870453,0.3866838,-0.079201346,0.187084403,-0.236608014,-0.50901211,0.608430044,0.427340416,0.266328093,-0.463962876,-0.190678073,0.002616289,1
0.080202428,-0.67114296,-0.142568867,0.072705097,0.409840252,0.098329766,-0.38763588,-0.505135612,0.094871652,-0.021416875,-0.300810437,-0.196297609,1
-0.3291747,0.446101054,0.20037917,0.078690019,0.057855044,0.690611467,0.240515937,-0.089984751,0.685647867,0.263719527,-1.118625662,0.821913564,1
0.154689446,0.002694853,0.173048213,-0.012243617,0.433491785,0.033789389,-0.050563309,0.317801671,-0.10256366,-0.042329614,-0.201354686,-0.20254645,1
-0.63909874,0.059690761,0.264183982,-0.436501956,0.209683988,0.333292746,-0.244576725,-0.033502833,-0.267656212,-0.407818646,0.107379987,0.111744375,0
0.06126682,-1.03378241,0.019700202,-0.706261266,-0.653179672,-0.431611327,-0.165016918,-0.779697401,-0.423477767,0.516299584,-0.201208478,-0.187310239,1
0.203262574,0.412116189,-0.365250147,-0.13020887,0.077325681,-0.102602276,-0.380168909,-0.228285636,-0.383604919,0.150130913,-0.379028543,0.721634097,1
-0.360484686,-0.141098269,-0.020955882,-0.900615034,-0.539140185,0.136039328,0.48366867,0.716945336,0.170171466,-0.08154546,-0.296950984,0.121765051,1
0.444651762,1.385078391,1.337159069,-0.419007119,-0.442015499,-0.278832966,-0.243811865,0.572276567,2.17767428,-0.158576862,-2.595592698,-0.445603576,0
-0.809381793,0.065360365,0.074376763,-0.125552599,-0.003788613,-0.106079033,-0.046706519,0.229218808,-0.216403676,0.535413623,0.049768089,0.283022917,1
0.797481991,1.341775126,0.111571536,0.111571536,0.476491184,-0.157947024,-0.847516396,-0.246542937,0.151722152,2.467029129,-1.968202812,-1.249151715,0
-0.459279973,0.157756076,-0.09528604,0.250599996,-0.03828587,0.515351498,0.577247623,0.157691627,-0.406654312,0.227282956,-0.707930802,0.224425118,1
-0.374562156,-0.012315522,-0.223469575,-0.962512757,0.355009227,-0.076535788,0.127758229,0.666554333,0.247696618,0.324622293,-0.650329024,0.782100637,0
0.696531141,-0.617711426,-0.224866403,0.090669184,-0.502270317,0.304426743,-0.075109665,-0.426434941,-0.037706633,-0.53825788,-0.22447412,0.316360368,1
-0.096276203,-0.175569427,0.355119216,-0.141720916,-0.1164358,0.1808827,-0.525780437,0.025817483,0.28676386,-0.288599044,-0.270397137,0.077113161,1
0.071312263,0.046370428,-0.092832469,0.070887223,-0.02013909,0.195475758,-0.163002503,-0.14351642,-0.050752394,0.320910645,0.334098352,-0.093250586,1
-0.33129724,0.058170895,0.661949728,0.357059595,-0.157446084,-0.302709004,0.153591158,-0.17474944,0.165712003,0.137824978,0.047174437,0.186741388,0
0.203822637,-0.874867593,-0.035094871,0.150119727,-0.270627234,-0.043911532,0.065139855,-0.539743124,0.006892261,-0.010325608,-0.63909874,0.059690761,1
0.098906074,0.480360491,0.159405105,-0.155258829,0.242330082,0.187213833,0.128418693,0.121396736,0.256972941,0.349922856,-0.248348294,-0.03766562,1
-0.309375429,-0.076927539,-0.47927472,-0.331486058,-0.013764548,-0.251369916,-0.061770956,-0.081734012,0.170242839,0.080811759,-0.037767353,0.438232212,0
-0.452068932,0.126899892,0.696531141,-0.617711426,-0.224866403,0.090669184,-0.502270317,0.304426743,-0.075109665,-0.426434941,-0.037706633,-0.53825788,0
0.255642159,-0.424527585,0.295460945,0.355813768,0.070869646,0.412512201,0.297007176,-0.251483101,0.571776958,0.049723348,-0.141189616,0.033070335,0
0.631884503,-0.023358586,-0.560229757,-0.381661344,-0.088470744,0.342705156,-0.152823635,-0.088407094,0.181956753,-0.033240245,-0.433810566,-0.122112061,1
0.342653225,0.31240078,0.333838961,0.310603679,-0.019873041,0.421356559,0.294039083,0.136491001,0.274838757,-0.332734548,0.016016517,-0.098678907,1
-0.293857189,0.017157948,0.300772087,-0.046931556,0.518133703,0.192899682,0.026249181,-0.059082495,-0.123841252,0.510887774,0.192022703,0.092619683,1
-0.379028543,0.721634097,-0.06025908,0.143100434,-0.16077397,0.066000589,-0.158403224,0.458042669,0.360197065,0.292795121,-0.240901296,-0.257374013,0
0.207139871,-0.415133551,-0.222353178,-0.09714173,0.619206791,-0.056607886,-0.220112927,0.515063078,0.595158447,0.261771158,0.352400394,-0.401991383,0
0.170031118,0.07898776,-0.000682036,-0.355749319,-0.235933968,-0.117008379,-0.082079424,-0.178368942,-0.492715694,0.00598146,-0.40692915,0.101454986,1
-0.714943438,-0.269701519,-0.275619596,-0.184413519,-0.084936996,-0.21356235,-0.023414512,-0.339280331,0.256692776,0.264972811,-0.121062509,0.209415275,1
-0.23004492,-0.206823221,-0.529414054,0.026163693,0.801136114,0.415788156,-0.057781807,0.181089628,-0.098031226,-0.04374322,0.485379218,0.273568962,1
-0.295762947,0.519368078,0.185473457,-0.306914402,-0.241969757,0.871398293,0.313178157,-0.001151551,0.665214763,0.144390203,-0.271309536,0.425969154,1
-0.468541915,-0.124915038,-0.098269845,-0.027146933,-0.079845298,0.350678128,-0.121188477,-0.366349233,-0.092519282,-0.291793772,0.213806029,0.180156989,1
0.037976677,0.166148229,-0.439055928,-0.156120895,0.119299497,0.271449885,-0.218118752,-0.219399733,-0.161662933,-0.548323563,-0.229593248,0.510791634,1
-0.105692874,0.173112661,0.45474461,-0.043373839,-0.326506745,0.086068306,-0.284357161,-0.2514333,-0.031078291,-0.333415252,-0.059938169,0.007837683,1
-0.912898332,0.26299062,0.428604352,0.5483462,-0.213089373,-0.087261935,0.52974109,-0.248079847,0.056717075,-0.407851936,-0.837198777,0.180335687,1
0.376166444,-0.708026143,0.019692212,0.213603629,-0.222502848,0.213002553,0.132285869,0.626755521,0.470069238,0.96443263,0.032921731,0.12650894,0
0.3417861,-0.441062087,0.212690964,-0.33246903,-0.658703335,0.327640986,-0.697325828,-0.661419226,-0.360918515,-0.204474845,0.026968234,-0.234825827,1
0.061336062,0.151439856,0.130760144,-0.110738499,-0.552896743,0.079216526,-0.445294383,-0.094205063,-0.757246154,-0.189910284,-0.177825924,0.275470193,1
0.526849696,-0.107545902,-0.001078847,0.131908499,-0.025545041,-0.133066708,0.481899266,0.131184386,0.089976762,0.453307035,0.255642159,-0.424527585,1
-0.369250747,-0.195766042,-0.04310992,-0.237086318,0.179279211,-0.007020359,-0.349125772,0.008780708,-0.188149934,-0.189615205,-0.2176266,-0.551586202,0
-0.122895297,0.313951006,0.310229771,0.273440598,0.147730606,-0.362957964,0.006434464,0.326918204,-0.237903642,0.039737293,0.00476546,0.416599621,0
-0.144292731,-0.428844569,-0.167665964,0.256613681,-0.40016552,0.009874202,-0.044422326,-0.082205125,-0.185195157,-0.401647303,0.424643433,0.349580107,1
0.122811407,-0.280093174,0.333045605,-0.360843148,0.547563763,0.051821386,-0.139183989,-0.392530504,0.184267045,-0.388278501,0.012023373,-0.026102707,1
-0.837198777,0.180335687,0.247125903,-0.60215537,0.453271882,0.081129208,-0.120285133,-0.365509272,1.101555865,-0.45648898,0.212914669,0.063847423,0
-0.201208478,-0.187310239,-0.107383183,-0.639065984,-0.170325131,0.074657726,-0.083912744,-0.204529706,-0.04376053,1.530261151,0.054768707,0.228607612,0
-0.261795926,-0.226771096,0.271539899,0.54913343,-0.126968602,-0.144966244,0.034757448,-0.700878485,0.094383761,0.216769861,0.187562973,-0.039673377,1
0.159349445,0.212812137,0.076553631,0.12489107,-0.098783036,-0.228623325,-0.282536358,-0.397485581,-0.0534065,-0.486822385,-0.221084715,-0.16431411,1
0.504800853,-0.444145495,0.274591083,0.099070658,-0.070010244,0.0532294,-0.415394008,0.026518959,-0.000452205,-0.163446718,0.197871804,-0.847092687,1
0.302766795,-0.388891827,0.385582583,0.621399372,0.064027985,0.019261579,-0.198008424,-0.265042852,-0.088456629,0.597471402,0.117632358,-0.478850212,1
-0.035024563,0.086227031,0.081414699,-0.056361277,-0.185973599,0.335980675,0.336719702,-0.066894346,0.8841306,-0.011894476,0.034590468,0.279067058,1
0.006162288,-0.194719953,0.903452632,0.00410766,-0.718843904,-0.494695488,0.957027178,0.933374845,0.244499227,-0.616609144,-0.341693422,0.165921061,1
0.040574857,0.09098317,-0.124683077,0.442562778,-0.675958222,-0.298980312,0.034544129,0.318172649,0.225239779,0.267396021,-0.335664025,-0.379326018,1
0.316235998,0.594045245,0.230963444,-0.18058922,-0.203495601,-0.260403625,-0.164201724,0.310163725,0.703657494,-0.939823956,-0.945135631,-0.015407985,1
0.168342141,-0.220296952,-0.011267835,-0.212636102,-0.207569439,-0.232181574,-0.145550542,-0.148897603,-0.579550192,-0.410494324,-0.531973618,0.295805558,1
-0.407259116,0.157727313,-0.194746584,0.087439302,0.096261822,0.14240162,-0.374933134,-0.063855412,0.317047996,-0.026468625,0.119046763,0.405336047,0
-0.066463446,0.130455745,-0.196425707,-0.379714307,-0.587972439,-0.012365323,-0.142108673,0.118174311,0.237683665,0.025158617,-0.626740874,-0.351232598,1
-0.464866486,-0.287256545,0.229093106,-0.100547647,-0.058231615,0.202527009,-0.319576135,-0.444454155,0.33485469,-0.413122864,-0.224001941,-0.079543029,0
-0.895325197,0.04778723,0.226497856,-0.312613833,-0.058325625,-0.043639623,-0.548027153,-0.443924719,-0.028282238,-0.197001483,0.036808881,0.258139938,1
-0.034371556,0.258485084,0.427733498,-0.234204245,-0.237497777,0.184277432,-0.386559164,-0.952406593,-0.152489142,-0.183608446,0.312150443,-0.210173744,1
0.512713105,-0.158879397,-0.622195124,0.496071277,0.155125938,0.262248663,-0.050769438,-0.017809091,0.035273302,-0.640984525,0.57646998,0.475026179,1
0.802279409,-0.515411153,-0.284374738,0.924572299,-0.031419975,0.068244036,0.160182215,-0.585834986,-0.328616502,0.640364275,-0.045438056,-0.084352964,1
-0.171084132,0.088794318,0.336400922,0.519620546,0.025848109,-0.157442888,0.230403648,0.344888949,0.327733664,0.077288131,-0.122895297,0.313951006,1
-0.234917173,-0.358005283,-0.613811493,0.042729354,0.206009359,-0.522753222,-0.142211471,0.051917527,-0.024408937,0.717587957,0.950903505,0.148472296,1
0.372360787,-0.142483113,-0.42290359,0.546220465,0.008467521,0.045631135,0.370632662,-0.136997268,-0.246752794,0.913544681,0.085068023,-0.005656022,1
-0.462898144,-0.376418645,0.197774332,-0.315892983,0.087791372,0.244162337,-0.514331241,-0.25613005,0.591966382,-0.102200138,0.35360947,0.001101483,1
0.137783433,0.080857832,0.291766342,0.048393898,0.505814718,0.021938322,0.108870292,0.149745553,0.048982723,-0.78407404,-0.116048576,1.125712068,0
-0.060113138,0.431422243,-0.716184205,-0.25064527,0.297226355,-0.758258421,-0.014129135,0.417900309,-0.557025176,-0.096153964,0.030252977,-0.692082597,1
0.034590468,0.279067058,0.216332304,-0.019508188,0.064830396,0.299249292,0.259517325,0.530967476,0.343978414,-0.01802747,0.104199906,0.420933117,0
-0.189859417,0.255151339,-0.114343088,-0.510087494,-0.126341427,-0.091946702,-0.191293796,-0.51655285,-0.249804777,-0.221041838,-0.371494727,-0.026567162,0
-0.569640303,-0.234529151,0.142348091,-0.366452031,-0.446840614,0.571018756,-0.541798818,-0.629303634,0.061533136,0.034696994,-0.02871367,0.350460282,1
-0.065573684,-0.431146872,-0.116057365,0.320688804,-0.523015543,-0.614131872,0.269717765,-0.566436254,-0.180654201,-0.112176074,-0.464866486,-0.287256545,1
-0.190678073,0.002616289,-0.569640303,-0.234529151,0.142348091,-0.366452031,-0.446840614,0.571018756,-0.541798818,-0.629303634,0.061533136,0.034696994,0
0.439757937,-0.246691009,0.275881917,0.85481399,0.178709827,0.905742152,0.233885199,-0.694909276,0.431515187,-0.131186516,-0.407746474,-0.012985307,1
0.075982383,-0.447827315,-0.281180809,-0.403703796,0.177934048,-0.01294749,0.002479137,-0.8914993,-0.599635221,0.528027879,-0.121219103,0.197034506,1
-0.135881669,-0.546289174,-0.008217716,0.154233246,0.533935036,0.16029753,0.15285506,-0.18789214,-0.062689747,-0.251205866,-0.084588654,0.026439331,1
-0.355261695,0.095957955,1.892878496,-0.132795066,-0.758020068,-0.110887104,-0.257169749,0.473447724,0.881570503,0.508844331,-0.311411682,0.11465814,0
-0.158147028,-0.406606642,-0.367130338,-0.115513014,0.211981231,-0.300313225,0.135915225,-0.252903098,0.220388831,-0.539483999,0.225045368,0.20991808,1
-0.295031377,0.38884895,0.211073093,0.374289981,-0.519954772,-0.444262674,-0.022048577,-0.060925935,-0.12191259,0.48606152,0.27396524,-0.002902047,1
-0.159336395,0.373736842,-1.227102072,-0.103758088,0.353217719,-0.291477122,-0.215283018,-0.048439704,-0.028869998,-0.34666581,-0.128213363,0.40463244,1
-0.048286306,-0.677071157,-0.02581189,-0.006144445,0.662193673,0.395049854,-0.240084239,-0.291515738,-0.099028314,0.64447513,0.206093248,-0.089519497,1
0.058580223,0.548516376,-0.37128194,-0.193318065,0.578195176,-0.313780031,-0.049064216,0.302229902,0.141843954,-0.373843369,-0.15311605,0.566335587,1
0.148413973,-0.286762262,-0.135881669,-0.546289174,-0.008217716,0.154233246,0.533935036,0.16029753,0.15285506,-0.18789214,-0.062689747,-0.251205866,0
-0.707930802,0.224425118,0.203262574,0.412116189,-0.365250147,-0.13020887,0.077325681,-0.102602276,-0.380168909,-0.228285636,-0.383604919,0.150130913,0
-0.602519957,-0.259990036,-0.013751765,0.380623244,-0.046753391,0.025075526,0.164551397,-0.426217361,0.321060315,-0.652118136,-0.275010265,-0.039642484,1
-0.039259256,-0.675749163,-0.277254777,1.029269683,0.235255928,-0.038214497,0.279006072,-0.530129113,-0.56189157,0.946783861,0.437291051,0.028705681,1
-0.109444203,-0.216694227,0.250971241,0.524344194,0.664850177,-0.609311816,-0.306367655,-0.17956843,-0.371743466,-0.250890015,0.380091144,-0.247833238,0
0.084979074,-0.022863238,-0.271347886,-0.255483435,0.188235954,-0.379565703,0.021951105,0.09021831,-0.728392668,-0.209188374,0.055690693,-0.164588948,0
-0.048659948,0.117719177,-0.497210045,0.171245519,0.022422218,0.171516629,-0.537046141,0.178552967,0.027552532,-0.264619409,-0.173292158,-0.003357447,1
-0.246223091,-0.07705324,-0.57110877,0.402684072,0.161611534,-0.131326865,0.264412481,-0.165426512,-0.170681462,0.253387527,-0.328779487,0.242625161,1
-0.517607462,-0.067161993,-0.970236457,-0.458544941,-0.52459533,-0.553177707,-0.536028015,-0.102281897,-0.322632645,0.173294289,0.000739826,0.541563928,1
-0.020262661,1.245269092,1.349238368,0.171364829,1.105417981,-0.922390371,0.306277374,0.24972861,-0.05175534,0.316653316,-1.450684832,-0.21545639,0
0.678045874,-0.114691962,0.073487533,-0.426567833,-0.174341178,0.093489471,0.064747305,0.518777655,0.573599092,0.745760739,-0.041964761,-0.472651705,1
-0.230260903,0.047281496,-0.199089135,-0.137087016,0.549569923,-0.228684045,-0.227321305,0.237446378,-0.205797637,0.33708349,-0.429946053,-0.602470155,1
-0.065056232,-0.125367243,-0.783770706,-0.308443056,0.36973704,-0.742676266,-0.16644384,0.322874194,-0.507698372,-0.490605672,0.040780453,-0.622655851,0
-0.213334383,-0.181961813,0.446237142,-0.09425007,-0.101471231,0.324632679,0.021747373,0.214371152,0.274024096,0.264910226,-0.153809271,0.010328271,0
-0.300541457,-0.439049004,0.244704024,-0.269494059,-0.335948184,0.341570384,0.073683009,0.158064736,0.288759899,-0.403856928,-0.003575027,0.714377782,1
-0.531427937,-0.447054998,0.441924152,-0.024729049,-0.057203901,0.040791372,0.279841772,-0.090320043,0.232327516,0.102538094,-0.146998769,-0.146998769,1
0.043212718,0.005629656,-0.037281059,0.225544178,0.196742091,0.080750506,-0.21039452,0.395219764,0.457249579,0.298721187,0.706839172,0.500117152,0
0.415802537,0.359054569,0.25094674,0.144047987,0.330167527,-0.190860766,-0.158144897,0.237310556,0.037831801,0.22495988,-0.031649273,-0.237862896,0
-0.14546106,0.253380869,-0.335451238,-0.178956968,-0.219419973,0.512330941,0.115539912,0.124381607,-0.091520596,0.423282025,0.012923788,0.387264901,0
-0.059938169,0.007837683,-0.694596887,-0.124850856,0.145399008,-0.038906919,0.169217522,0.780891296,-0.071442226,0.624297157,0.174829601,0.326169589,0
-0.132769766,0.037261086,-0.19703637,0.124609041,-0.046584813,0.178598773,0.246011903,-0.090442282,0.12645834,0.666518913,0.386823616,0.388327236,1
-0.072133849,-0.129148665,-0.31992208,-0.324071285,0.053035255,0.462373235,-0.22584618,-0.269590732,-0.64992955,-0.499909958,0.084979074,-0.022863238,1
-0.183759979,0.184573309,0.302766795,-0.388891827,0.385582583,0.621399372,0.064027985,0.019261579,-0.198008424,-0.265042852,-0.088456629,0.597471402,0
0.076666016,0.291708285,-0.121523769,0.210865367,0.306704545,0.210223012,0.347722286,0.149402272,-0.084269341,-0.054297594,0.206571818,-0.241433662,0
0.276144239,0.50742886,0.3417861,-0.441062087,0.212690964,-0.33246903,-0.658703335,0.327640986,-0.697325828,-0.661419226,-0.360918515,-0.204474845,0
0.386823616,0.388327236,0.102572981,0.299209344,-0.464951175,-0.03711115,-0.161738833,-0.433990595,-0.207494604,-0.130601154,-0.719897716,-0.526430515,0
0.078472705,-0.212899489,-0.337858203,0.384585761,-0.734491573,-0.397386245,0.297826098,-0.242164966,0.452773871,-0.285646131,-0.687674799,-0.184763991,1
-0.42721791,-0.30265148,-0.714943438,-0.269701519,-0.275619596,-0.184413519,-0.084936996,-0.21356235,-0.023414512,-0.339280331,0.256692776,0.264972811,0
0.148469633,0.308598585,0.730238238,0.886763134,0.088405497,-0.496189788,-0.438225022,0.037929539,-0.061982145,0.14745417,0.174733461,-0.227731432,0
-0.021657359,0.313176026,0.139929142,0.118091487,0.049775013,0.073143986,0.476492516,0.66242164,-0.491738314,0.030765103,-0.096600576,-0.799501199,1
-0.016937438,0.241106626,-0.513459855,0.00627281,-0.073514431,0.162270933,-0.455046346,-0.342481185,0.37758724,-0.381446161,0.01717952,0.143284991,1
0.257409699,0.111805894,0.155913701,0.282192011,-0.134568731,-0.118090688,-0.779745071,0.034237599,-0.015522501,0.117993749,-0.299554756,-0.343079863,1
-0.188600541,0.114453609,-0.341779974,0.181129842,-0.43690942,-0.398154567,-0.051446413,0.302900219,-0.508692264,0.186138182,0.276144239,0.50742886,1
0.163999857,-0.157642891,0.680563093,0.359403975,0.097502855,0.454600266,0.089213766,-0.417059016,0.453087325,-0.140964845,-0.325698476,-0.62899524,1
-0.293371429,-0.006359096,0.080969152,0.184555732,0.082331092,-0.038821698,0.405484385,0.229847314,0.101186539,-0.565747827,0.357233233,0.24786999,1
0.308195915,-0.051758269,0.552874373,-0.119667013,-0.045208757,0.305424896,0.428394761,-0.12047981,0.490242417,-0.019648803,-0.028477714,0.711841121,1
-0.044638841,-0.406582407,-0.668694183,-0.058043063,-0.334404083,0.160638681,0.09305511,-0.168708592,-0.084397972,0.120885942,-0.452068932,0.126899892,1
0.044224719,-0.660184851,-0.498994097,-0.267372585,1.714303425,0.503962756,-0.03152943,-0.89052192,-0.667535442,0.454408253,0.749831913,0.26887301,0
0.112461564,-0.252180849,-0.044638841,-0.406582407,-0.668694183,-0.058043063,-0.334404083,0.160638681,0.09305511,-0.168708592,-0.084397972,0.120885942,0
-0.753047148,0.223057052,-0.656878004,1.144455928,1.601573414,0.090695016,0.11461766,-0.45012296,-0.549882578,-0.040552487,2.249558058,1.815111529,0
-0.247259061,-0.607118437,-0.114580375,-0.296455369,0.173658077,0.328058836,0.057640127,-0.402084594,0.419276098,-0.488545184,-0.17980119,-0.123140041,1
-0.248899568,0.012843094,-0.162471735,0.566833864,0.243008656,0.100360427,-0.056978864,0.204601878,0.025210016,-0.233614888,0.381835781,0.377644232,0
0.250093463,-0.06036241,0.23901418,0.684158894,0.237737994,-0.357580775,-0.113248795,-0.380551339,-0.704601318,0.159618424,0.914262936,-0.152767176,0
0.295460945,0.355813768,0.070869646,0.412512201,0.297007176,-0.251483101,0.571776958,0.049723348,-0.141189616,0.033070335,0.37804557,-0.614311369,1
-0.094768321,-0.551718561,-0.500659638,0.038374553,0.309497935,-0.95409557,0.176867719,-0.179452849,-0.432338903,-0.237234124,-0.241690924,0.021642445,1
2.107279209,-1.071755625,-0.079350216,-0.879218399,-0.167743729,-0.392028764,1.08251879,0.864475406,0.786784605,-1.440981871,-0.44660093,-1.729613672,0
0.181468329,0.274805468,-0.164091736,0.042807119,0.081676754,0.257057629,0.251073773,0.040844369,-0.505604861,0.276893386,-0.14016856,0.217143769,0
-0.527776743,-1.025586532,0.289209441,-0.113375828,0.077594394,0.125371504,-0.439818125,-0.272366012,0.557742898,-0.624591437,-0.263581842,-0.153755475,0
-0.161020046,0.302497283,-0.072805232,0.294289154,0.19209301,-0.684885138,-0.354694441,-0.707817351,0.072043035,-0.281605051,-0.747414296,0.009256083,1
-0.137901943,0.226225415,0.148758852,-0.047597613,-0.132449654,-0.122909678,-0.006796387,0.146122589,0.224055737,0.73282257,0.088647844,0.961153213,1
0.040642501,0.491803029,0.501674036,0.197696035,-0.319797976,-0.144124686,-0.092408228,0.198951716,0.409330789,0.237486858,-0.189351819,0.069735139,1
0.198336792,0.444669072,0.159851983,-0.000823449,-0.281399721,0.208580641,0.411950274,0.211763917,-0.06424237,-0.124525418,0.07790918,0.325583161,1
0.027962392,-0.437943792,-0.370956502,-0.14425811,0.091051347,0.560634292,-0.206823487,-0.418138928,0.014646853,-0.579362173,-0.426219758,-0.10675947,1
-0.003818174,0.135061149,-0.46174899,0.103939449,-0.031527034,-0.14638784,-0.332894071,-0.191828292,-0.260447834,0.010827348,0.133073366,0.292123472,1
-0.005950035,0.120119218,0.17006707,0.643816797,0.700129338,-0.197129847,-0.576350937,0.453252441,0.437125669,0.178488518,-0.639414325,0.075000475,0
-0.040223586,-0.053701578,-0.021657359,0.313176026,0.139929142,0.118091487,0.049775013,0.073143986,0.476492516,0.66242164,-0.491738314,0.030765103,0
-0.057473147,0.357330438,0.744698937,0.831162989,-0.214986342,-0.322194022,-0.217062543,-0.084570278,-0.141796816,-0.865936682,-0.6106663,0.518767535,1
0.076827137,-0.031710525,-0.633393184,-0.180434756,0.166838254,-0.193954027,-0.377374986,0.619957536,-0.317772642,-0.329885232,0.136729087,-0.364628299,1
0.870339154,-0.469099581,-0.035024563,0.086227031,0.081414699,-0.056361277,-0.185973599,0.335980675,0.336719702,-0.066894346,0.8841306,-0.011894476,0
-0.111787252,-0.11699027,0.253902849,-0.393973138,-0.015274294,0.680718089,-0.312776019,-0.116948458,0.233498241,-0.089018024,-0.42721791,-0.30265148,1
-0.09357123,-0.231520844,0.188511059,0.109872972,0.197090166,-0.085358041,0.256358017,0.042789276,0.625658832,-0.371290995,-0.395117232,-0.979117034,1
0.302382501,0.236660745,-0.344304118,-0.32946898,-0.043282227,0.158386978,0.235450605,0.365045083,0.028974394,0.936635886,0.179623025,0.057349842,1
-0.062174691,0.524878957,0.554511951,0.093512108,-0.136826825,-0.115867215,0.222229874,0.510180438,0.30427228,0.29032131,-0.486956076,-0.482798615,1
0.010741328,-0.454283617,-0.201943244,0.667485641,-0.306686435,0.147082126,0.255799286,-0.183679019,-0.209469071,-0.287548427,-0.359743262,0.58236249,1
0.130913276,0.136817238,-0.494741827,0.150772202,-0.059218583,-0.073726685,-0.30902762,0.540094129,0.143398708,0.461494658,0.27726543,0.039572443,1
0.087307209,-0.508715966,-0.086460856,0.147009155,-0.197400158,0.293561312,-0.355759173,0.112053035,-0.056333314,-0.470255925,-0.005950035,0.120119218,1
-0.06025908,0.143100434,-0.16077397,0.066000589,-0.158403224,0.458042669,0.360197065,0.292795121,-0.240901296,-0.257374013,-0.023226759,-0.610153109,1
0.080527333,0.620959684,-0.153721653,0.005182778,0.155677478,-0.272923145,0.151659834,0.044831654,0.048711081,-0.094855673,0.184722446,-0.344511845,1
-0.194746584,0.087439302,0.096261822,0.14240162,-0.374933134,-0.063855412,0.317047996,-0.026468625,0.119046763,0.405336047,0.176833364,0.172099062,1
-0.362866617,0.14373107,0.071282969,0.340582351,-0.384945821,-0.105899802,0.442991814,-0.122155737,-0.319668547,0.09265457,-0.248899568,0.012843094,1
0.216332304,-0.019508188,0.064830396,0.299249292,0.259517325,0.530967476,0.343978414,-0.01802747,0.104199906,0.420933117,0.181468329,0.274805468,1
-0.656729932,0.507454693,-0.342621533,-0.035031754,-0.460450699,-0.186967224,0.17008012,-0.392599746,-0.454965652,0.249734469,-0.095810416,-0.353860872,1
0.014265755,0.119911225,-0.253630141,-0.081810711,-0.134117858,-0.603803334,-0.209686385,-1.121472581,-0.443428039,-0.410738003,-0.100647782,0.383626224,0
-0.001646899,-0.014518223,-0.031666583,-0.085954057,-0.785670338,-0.383882953,0.671734448,-0.553601416,-0.221144902,0.206585134,-0.399616909,0.248452423,1
-0.342300889,0.339305898,0.118219585,-0.235024233,0.73800082,-0.26103586,0.052781722,0.145401139,0.517890822,-0.403040403,-0.311111011,0.300523082,1
0.019692212,0.213603629,-0.222502848,0.213002553,0.132285869,0.626755521,0.470069238,0.96443263,0.032921731,0.12650894,0.070901338,0.453319286,1
1.232790851,0.576423108,0.314152607,-0.119311215,0.210087191,0.095252217,0.095210938,0.108381602,-0.113042134,-0.100542321,-0.401856627,0.390706771,1
-0.116105301,0.271936178,-0.24288109,0.489084474,-0.225606496,-0.331477269,-1.533906752,-0.880661566,-0.06656651,0.32961066,-0.822329283,-0.115718344,1
0.384994823,-0.151863299,0.42733003,0.25679158,0.123184516,0.790440859,0.231211651,0.074622306,0.499000755,0.296392519,0.027473702,0.819051199,0
-0.4791128,-0.548217836,0.924280683,0.309178089,0.015266305,0.077645261,-0.019346267,-0.536119361,0.279933917,0.285197921,0.592669989,-0.039549806,1
-0.287516469,-0.437409828,0.369159135,0.268494308,0.084936197,0.335853908,0.125356058,0.363512434,0.109530756,-0.226315429,-0.504814701,-0.229763424,1
0.036720997,0.038052045,0.095959819,0.183275018,0.239836298,-0.158946775,-0.137719517,-0.204708671,0.027623372,-0.26187369,-0.155731541,-0.081196586,0
0.36088203,0.099315669,0.054336209,-0.160877034,-0.016310264,0.85815386,0.568891955,-0.041996985,0.597919346,-0.10610087,0.177685309,0.090590088,0
-0.222353178,-0.09714173,0.619206791,-0.056607886,-0.220112927,0.515063078,0.595158447,0.261771158,0.352400394,-0.401991383,-0.109444203,-0.216694227,1
0.14033261,-0.10335089,-0.579203182,-0.677293264,0.323030788,-0.191848799,-0.111715879,0.340341601,-0.860041242,0.121790085,-0.039044871,-0.156272162,1
-0.450861188,0.506679447,0.920350656,-0.208117517,-0.625545115,-0.332933486,0.010544786,0.216971729,0.715630001,-0.533115582,-0.617631265,-0.400620388,1
-0.009395899,0.788071977,-0.030662039,-0.058473696,0.069701051,-0.479828392,0.389238836,-0.565285236,0.203998938,0.002782471,0.227980438,-0.176102592,1
0.102572981,0.299209344,-0.464951175,-0.03711115,-0.161738833,-0.433990595,-0.207494604,-0.130601154,-0.719897716,-0.526430515,-0.28829358,0.151926949,1
-0.096600576,-0.799501199,0.118270185,0.308553045,-0.355970362,0.140651923,0.673611178,0.105029481,0.328564304,0.613217875,-0.297690543,-0.125173365,0
0.047048203,-0.005145227,-0.3291747,0.446101054,0.20037917,0.078690019,0.057855044,0.690611467,0.240515937,-0.089984751,0.685647867,0.263719527,0
0.201062803,-0.121099527,-0.253358499,0.23003267,-0.407222364,-0.36564243,0.174499369,-0.298938234,-0.46020196,0.316577948,0.388789295,-0.278884099,1
0.491834454,-0.033484191,-0.148631819,-0.21362813,-0.100835801,-0.024734641,-0.100501042,0.014015684,-0.149317051,-0.148159108,-0.538080513,0.150330117,0
-0.17980119,-0.123140041,0.499428458,-0.109592008,-0.039036083,0.543714164,-0.247301139,-0.208262393,0.493551394,-0.180211584,0.0011899,0.433577007,0
-0.371926958,-0.091191163,0.299875401,0.246263838,0.476783866,0.011927233,-0.200608202,0.282275102,-0.05361396,0.271687705,-0.430347657,-0.194445913,1
-0.121062509,0.209415275,-0.001646899,-0.014518223,-0.031666583,-0.085954057,-0.785670338,-0.383882953,0.671734448,-0.553601416,-0.221144902,0.206585134,0
-0.275010265,-0.039642484,-0.072133849,-0.129148665,-0.31992208,-0.324071285,0.053035255,0.462373235,-0.22584618,-0.269590732,-0.64992955,-0.499909958,0
-0.271347886,-0.255483435,0.188235954,-0.379565703,0.021951105,0.09021831,-0.728392668,-0.209188374,0.055690693,-0.164588948,0.069720492,-0.197926399,1
0.355235329,-0.356834025,0.102913866,-0.515146701,-0.385326653,0.101504521,0.211360182,0.219421038,-0.241657102,-0.109086008,-0.608250547,-0.0747283,1
-0.113322564,-0.205210677,0.369503215,0.146813413,-0.33531808,0.033305493,0.046397859,0.403296332,-0.501352326,-0.194085854,-0.342382914,-0.294608467,1
-0.160918047,0.16120913,-0.111787252,-0.11699027,0.253902849,-0.393973138,-0.015274294,0.680718089,-0.312776019,-0.116948458,0.233498241,-0.089018024,0
-0.330774994,-0.451597286,-0.508040589,0.496900319,-0.017067933,0.442995276,0.25466691,-0.299272727,0.254203253,-0.196803343,0.340993543,-0.269982483,1
0.088107223,0.039483494,0.071940237,-0.133302664,-0.152327754,-0.323117873,0.343468152,0.354461681,-0.590669955,-0.578763228,-0.620352483,0.192755072,1
0.253613097,-0.353176972,-0.77309356,0.273550053,-0.208625116,0.238467433,0.582984605,0.163256569,-0.507767348,-0.072937857,-0.141308659,-0.26218235,1
-0.073498985,-0.329249269,0.026745861,0.050804059,-0.655188761,0.208915134,-0.276200698,-0.177242692,-0.025450499,0.050130545,-0.172190675,-0.584543619,0
-0.173292158,-0.003357447,-0.188600541,0.114453609,-0.341779974,0.181129842,-0.43690942,-0.398154567,-0.051446413,0.302900219,-0.508692264,0.186138182,0
-0.335276269,-0.6234548,-0.685723234,-0.465916304,-0.465916304,-0.334888779,0.015691345,0.210511965,-0.317267973,0.126455144,-0.37106143,-0.041229462,1
-0.234668168,0.409016536,-0.295031377,0.38884895,0.211073093,0.374289981,-0.519954772,-0.444262674,-0.022048577,-0.060925935,-0.12191259,0.48606152,0
-0.67106919,0.085649924,0.821654438,0.893916119,1.252892391,-1.20354801,-0.710311934,0.284773946,0.266602665,0.005577991,-0.065345984,-1.055135635,0
-0.783770706,-0.308443056,0.36973704,-0.742676266,-0.16644384,0.322874194,-0.507698372,-0.490605672,0.040780453,-0.622655851,-0.233173602,0.070815584,1
-0.591811652,0.465427348,-0.810908051,0.681001716,-0.674374706,-0.555205438,-0.193878127,-0.409096697,0.650582025,1.420561284,-0.275463268,-0.475922067,0
-2.681387765,0.505518841,1.972421792,0.558384986,0.050576092,-0.942364345,0.906964809,-0.156972574,0.694042417,-1.751945609,-0.43365051,-0.946820347,0
1.621823026,-1.107959702,-1.11558593,-0.310353342,0.296940331,1.062795686,2.184431519,0.837863236,-0.745938106,-0.016603478,-0.334791041,0.125829035,0
-0.401856627,0.390706771,0.244438773,-0.063389626,0.05306455,0.072526132,0.069729813,0.655542162,0.536103116,0.708504447,0.530662011,0.550159546,0
-0.284384592,0.221158218,-0.274366579,-0.315874607,0.25810585,-0.251941431,-0.417176462,0.554919681,-0.086282957,0.019936158,-0.303366272,-0.576063848,0
-0.234850328,-0.183302981,0.592326175,0.118736505,-0.357044681,-0.590543189,-0.501537682,0.078209851,-0.026627616,0.141277234,-0.49255697,-0.343185324,1
-0.241690924,0.021642445,-0.171084132,0.088794318,0.336400922,0.519620546,0.025848109,-0.157442888,0.230403648,0.344888949,0.327733664,0.077288131,0
-0.47927472,-0.331486058,-0.013764548,-0.251369916,-0.061770956,-0.081734012,0.170242839,0.080811759,-0.037767353,0.438232212,0.384994823,-0.151863299,1
-0.010428406,-0.627163518,0.016951553,-0.282751275,0.363506575,0.491027517,0.119610288,-0.274252595,0.133155658,-0.501900138,-0.347858373,0.111805362,1
0.220917202,0.389543768,-0.912898332,0.26299062,0.428604352,0.5483462,-0.213089373,-0.087261935,0.52974109,-0.248079847,0.056717075,-0.407851936,0
0.338841709,-0.005228052,-0.179722627,-0.098845887,0.2897719,0.404491026,0.201699299,0.233938728,-0.187361372,-0.357467591,0.522798229,-0.005731389,1
0.181625189,0.087484043,-0.439647949,-0.156969111,0.499465476,-0.085740738,-0.317253859,-0.054062703,-0.384395612,0.086906137,0.351298112,-0.281871899,1
0.247125903,-0.60215537,0.453271882,0.081129208,-0.120285133,-0.365509272,1.101555865,-0.45648898,0.212914669,0.063847423,-0.38757729,0.021227524,1
0.05772162,-0.007613711,-0.703557359,0.674566986,0.250308913,-0.073365294,-0.618086932,-0.30071403,-0.441958773,0.243386292,-0.260603096,-0.106795157,1
0.364365977,-0.034576087,-0.58043596,-0.527476604,-0.012967198,0.679210208,0.060415141,0.029733395,0.033543579,0.415890954,0.436531251,0.268107884,1
0.101729558,-0.551765965,0.04362684,0.415634225,0.024164458,0.002968093,-0.131244573,-0.29814914,-0.156063903,0.051846953,0.072517344,0.024674187,0
-0.539113553,-0.786035724,0.036479714,-0.45643625,-0.524017158,0.285584878,0.859091293,-0.068582523,0.47055633,0.765819668,0.169337897,-0.101176419,0
0.069634472,-0.134187633,-2.390212645,-0.160154518,0.065985675,2.091038188,-0.564817585,0.249245246,-0.444785719,-1.765313613,-0.51620584,-0.290040347,1
0.204471117,-0.061173077,0.585316469,0.052657885,0.261523218,-0.238845869,-0.27547472,-0.073780481,-0.029297435,0.073159965,-0.034726555,-0.341494217,1
0.069720492,-0.197926399,-0.132769766,0.037261086,-0.19703637,0.124609041,-0.046584813,0.178598773,0.246011903,-0.090442282,0.12645834,0.666518913,0
-0.037281059,0.225544178,0.196742091,0.080750506,-0.21039452,0.395219764,0.457249579,0.298721187,0.706839172,0.500117152,0.250093463,-0.06036241,1
-0.063571786,-0.281063896,0.33756712,0.121783693,0.32716641,0.232322456,0.52806463,0.246628691,-0.207693009,0.338373525,0.536004579,-0.567793135,0
0.21241293,-0.110776316,0.220656745,-0.136033736,0.421978141,0.206061024,0.004788364,0.180454198,0.390713695,-0.27557592,0.688883075,0.030003439,1
0.112118549,-0.081520426,-0.553771592,0.134927725,-0.757056004,0.031781898,0.649806512,-0.146114333,-0.365502348,-0.009482185,-0.311413014,-0.003568636,0
0.095959819,0.183275018,0.239836298,-0.158946775,-0.137719517,-0.204708671,0.027623372,-0.26187369,-0.155731541,-0.081196586,-0.306243818,-0.007123423,1
-0.302022441,-0.01137516,-0.186009019,0.007662713,0.323614552,0.201961088,-0.155802913,-0.37773478,-0.043716056,0.672395178,0.067861339,-0.523534061,1
0.045995722,-0.09840327,-0.392414656,0.932786287,-0.208385431,0.181942638,0.475544164,0.033807498,-0.319661889,0.514525652,-0.183759979,0.184573309,1
-0.322825192,-0.263001006,-0.136920302,0.053744455,-0.055159392,0.297659651,-0.379128145,-0.599589414,0.499555757,0.581579255,0.137783433,0.080857832,1
-0.584250938,0.174288713,-0.160528959,-0.090756535,0.413830732,0.724957722,0.108177337,0.589527992,-0.398491191,-0.040046752,-0.058704859,0.073777285,0
0.033171003,-0.514730183,0.264146432,-0.326491832,0.035031487,0.653327211,-0.289703723,-0.446074955,-0.083079441,0.662652003,0.327107022,0.596830379,1
-0.18089788,-0.095159539,0.245341319,-0.767867107,-0.010377007,-0.1152198,-0.001832521,0.125071632,0.002671417,0.762575938,-0.06507514,0.337059788,1
0.277724292,0.055420915,2.457124833,-1.041077873,-0.194645384,-2.66920327,0.225765753,0.502857811,1.383404861,-1.537261003,-0.354448898,-2.918551581,0
0.312150443,-0.210173744,-0.255114853,0.276102427,0.851725788,0.276591383,0.252821073,-0.031933432,-0.183408975,-0.162952436,0.757596093,0.326253213,0
-0.733164786,0.219055919,-0.87888071,-0.591116301,-1.10830032,-0.311029785,0.302192617,0.43113329,0.356673703,0.390229,0.202782406,0.076807696,1
0.120143719,-0.168043867,-0.241383861,0.024794296,0.090942158,-0.541116783,-0.135890458,-0.320896797,-0.346560615,-0.459138027,0.112461564,-0.252180849,1
1.052383525,-0.071743696,0.196784435,0.195959388,-0.455241289,-0.303554292,0.397932726,0.851739104,0.84403671,0.993338847,0.887844911,-0.008331433,0
-0.112422416,-0.030811709,0.439757937,-0.246691009,0.275881917,0.85481399,0.178709827,0.905742152,0.233885199,-0.694909276,0.431515187,-0.131186516,0
0.471645563,0.549717994,0.136076346,0.615773178,0.168802335,-0.049837598,0.68786415,0.346793109,0.407555792,0.245484863,0.045970421,-0.25382615,1
-0.253630141,-0.081810711,-0.134117858,-0.603803334,-0.209686385,-1.121472581,-0.443428039,-0.410738003,-0.100647782,0.383626224,-0.192884236,-0.015873772,1
-0.38757729,0.021227524,0.203822637,-0.874867593,-0.035094871,0.150119727,-0.270627234,-0.043911532,0.065139855,-0.539743124,0.006892261,-0.010325608,0
-0.205490042,-0.452673469,-0.057473147,0.357330438,0.744698937,0.831162989,-0.214986342,-0.322194022,-0.217062543,-0.084570278,-0.141796816,-0.865936682,0
0.196234226,0.561197284,0.515188247,0.966703774,0.677257578,0.063306801,0.399548998,0.501855397,0.334243495,0.086760995,-0.037180658,0.184504333,1
0.446237142,-0.09425007,-0.101471231,0.324632679,0.021747373,0.214371152,0.274024096,0.264910226,-0.153809271,0.010328271,0.207139871,-0.415133551,1
0.174261549,-0.257042716,0.130559875,-0.069914104,-0.516429013,0.262094466,0.115885591,0.39327752,0.131717018,-0.203312376,0.037160418,0.354815615,1
-0.315789919,0.648992118,0.73614513,0.397541774,0.934667277,-0.51539544,0.380777707,0.827745887,0.129553732,0.402427875,1.093637754,0.68887402,1
0.039744483,-0.207626696,-0.194308761,-0.580964331,-0.388300605,-0.647063456,-0.040194558,0.182608162,0.267541429,-0.019176624,-0.151225472,-0.172231688,1
2.044032862,-2.880737889,-2.708054529,-2.808988601,0.082701538,-1.445309508,-0.222111097,-0.070990287,0.518118789,3.413073964,-1.053079409,0.591996742,0
-0.252054881,0.384474441,-0.322825192,-0.263001006,-0.136920302,0.053744455,-0.055159392,0.297659651,-0.379128145,-0.599589414,0.499555757,0.581579255,0
-0.118182567,-0.057276606,-1.791177168,-1.404260874,0.095113467,-0.178851507,0.265897726,-0.131388917,-0.024062459,0.097666639,0.227922115,-1.038549468,1
-0.02871367,0.350460282,-0.39745096,0.026326413,0.29430247,-0.530616205,0.213498967,0.165080568,-0.530792506,-0.104413758,-0.363682344,-0.445887735,0
-0.085500787,0.264236979,0.357577313,0.349502609,-0.534928662,-0.271012061,0.015852733,-0.455786438,-0.091263068,0.057463293,-0.247193281,-0.283646097,1
0.730238238,0.886763134,0.088405497,-0.496189788,-0.438225022,0.037929539,-0.061982145,0.14745417,0.174733461,-0.227731432,0.415802537,0.359054569,1
0.305086142,0.176215244,0.431870453,0.3866838,-0.079201346,0.187084403,-0.236608014,-0.50901211,0.608430044,0.427340416,0.266328093,-0.463962876,0
0.118810274,-0.394984873,0.133180425,-0.028314729,0.543070744,0.143348374,0.097705255,0.367230473,-0.268323866,0.140817306,-0.385377253,-0.056175122,1
0.155944327,-0.404376244,-0.144292731,-0.428844569,-0.167665964,0.256613681,-0.40016552,0.009874202,-0.044422326,-0.082205125,-0.185195157,-0.401647303,0
-0.185975729,-0.588205199,0.237683133,0.231735761,-0.179015558,0.022985477,-0.05683532,-0.084806501,-0.152277953,0.120910443,0.116860041,0.34989143,1
-0.148631819,-0.21362813,-0.100835801,-0.024734641,-0.100501042,0.014015684,-0.149317051,-0.148159108,-0.538080513,0.150330117,-0.527776743,-1.025586532,1
0.441060223,0.189101748,0.368807331,-0.078789355,-0.638308314,0.240929792,-0.216075042,-0.133796681,-0.543359165,-0.413729,-0.061976819,-0.583314304,1
0.118270185,0.308553045,-0.355970362,0.140651923,0.673611178,0.105029481,0.328564304,0.613217875,-0.297690543,-0.125173365,0.043212718,0.005629656,1
-0.026681412,0.153029231,-0.362866617,0.14373107,0.071282969,0.340582351,-0.384945821,-0.105899802,0.442991814,-0.122155737,-0.319668547,0.09265457,0
-0.558545574,-0.259441691,-0.076789587,-0.330411472,-0.383313303,0.198392185,0.366529796,-0.061624482,-0.165768196,-0.104826548,-0.09098317,-0.160216836,1
-0.4023589,0.410182734,-0.011219631,0.735402374,0.359838071,-0.227256324,-0.079879653,-1.255362473,-0.762782067,-1.55140665,-0.662623774,-0.105936021,1
0.036808881,0.258139938,-0.006120743,0.219408787,-0.293338139,-0.551521221,0.34613371,-0.397743109,-0.066422966,0.427283957,0.253256766,-0.201103017,0
0.499428458,-0.109592008,-0.039036083,0.543714164,-0.247301139,-0.208262393,0.493551394,-0.180211584,0.0011899,0.433577007,0.047048203,-0.005145227,1
0.896781947,0.237418947,-0.329319842,-0.489991547,0.092468681,0.288279199,-0.104803645,-0.045284657,-0.108101171,-0.896981417,-0.510409204,0.074801004,1
0.187562973,-0.039673377,-0.137901943,0.226225415,0.148758852,-0.047597613,-0.132449654,-0.122909678,-0.006796387,0.146122589,0.224055737,0.73282257,0
-0.438941678,0.36796231,-0.133867521,0.073969299,0.47971574,-0.066232017,-0.4081574,0.79024778,0.264549368,0.136346125,0.641109427,-0.108864699,1
0.037930871,0.216315526,-0.713618781,-0.433572213,-0.152418834,0.16894295,-0.168525366,0.06005082,-0.533470581,-0.38453596,0.257851784,0.051669586,1
0.098971322,-0.945205139,-0.304123143,-0.003279683,-0.03585467,-0.679611812,-0.725616322,-0.109844476,-0.273935147,0.014756309,0.010745855,-0.675984587,1
-0.553771592,0.134927725,-0.757056004,0.031781898,0.649806512,-0.146114333,-0.365502348,-0.009482185,-0.311413014,-0.003568636,0.01495365,0.201081712,1
-0.28829358,0.151926949,0.145865061,0.110398147,-0.468800508,-0.600761205,-0.158356086,-0.032678318,-0.222426415,-0.023769512,0.289127149,-0.531079062,0
-0.258354589,0.094280164,0.702064391,0.018213625,0.500395718,0.004966795,0.222005103,0.708395257,0.118722656,0.010107229,-0.050954794,-0.127884729,1
0.88516071,0.20781152,0.194442451,0.911671148,0.278291013,0.388776245,0.728077349,0.461928221,0.032772328,0.523730602,0.044513672,0.088883268,1
-0.210772689,-0.267068452,-0.055988435,0.046120357,0.204618656,-0.031252994,-0.444608619,-0.200235093,0.057480071,-0.447196945,-0.046797866,-0.240775862,1
-0.233173602,0.070815584,-0.247259061,-0.607118437,-0.114580375,-0.296455369,0.173658077,0.328058836,0.057640127,-0.402084594,0.419276098,-0.488545184,0
-0.457209898,-0.030817568,0.62496641,0.750722474,0.308015086,-0.25161253,0.54636614,-0.217340577,-0.365225646,1.252997319,-0.446804395,-0.05890646,0
0.331753439,-0.377829055,0.23722134,0.5766319,-0.085059501,0.725179031,1.789482599,0.493014235,0.5248462,-0.628038899,-0.591877432,0.174501234,1
0.196784435,0.195959388,-0.455241289,-0.303554292,0.397932726,0.851739104,0.84403671,0.993338847,0.887844911,-0.008331433,-0.14546106,0.253380869,1
-0.121523769,0.210865367,0.306704545,0.210223012,0.347722286,0.149402272,-0.084269341,-0.054297594,0.206571818,-0.241433662,0.491834454,-0.033484191,1
0.145865061,0.110398147,-0.468800508,-0.600761205,-0.158356086,-0.032678318,-0.222426415,-0.023769512,0.289127149,-0.531079062,0.099673597,-0.128508974,1
-0.125565116,-0.025473935,-0.081078608,0.159447449,0.026318689,-0.094188018,0.042468897,0.589139969,-0.175765702,0.349916464,0.220917202,0.389543768,1
0.055651811,-0.33208953,-0.203484416,0.505578762,-0.60782231,0.010507502,0.22725446,-0.378543582,-0.237284724,-0.291664875,-0.614040259,-0.17734043,1
-0.535962501,0.150686182,0.673628488,0.772638959,-0.59967863,-1.869547607,-1.261376423,0.250723035,1.19374092,0.961478119,-0.008755675,-1.175195465,0
-0.306243818,-0.007123423,-0.24420042,0.49842711,0.314351279,0.023813188,-0.399888818,0.131017139,0.18471419,-0.045904641,0.059774651,-0.21945992,0
0.046276951,-2.12693174,-0.407155519,1.00470655,3.971872006,1.234507258,-6.334116665,2.872078354,1.464804646,-1.258470914,-0.951432409,-0.127207487,0
-0.423280693,-0.054866711,0.06126682,-1.03378241,0.019700202,-0.706261266,-0.653179672,-0.431611327,-0.165016918,-0.779697401,-0.423477767,0.516299584,0
-0.039044871,-0.156272162,0.253613097,-0.353176972,-0.77309356,0.273550053,-0.208625116,0.238467433,0.582984605,0.163256569,-0.507767348,-0.072937857,0
0.175462635,0.043838028,-0.344246594,-0.297121426,-0.03789625,-0.000407197,0.381111135,0.040584178,-0.05224696,-0.265051906,-0.028313131,-0.553777184,1
-0.157713465,0.116176674,0.323293375,0.422849261,-0.413870946,-0.047139283,-0.417343442,-0.149364988,0.214727749,0.523840058,-0.43671208,-0.202160558,1
0.182870484,-0.214800454,0.056640643,-0.15980671,-0.380771848,-0.170719012,0.056338907,0.238390468,-0.622166629,0.260391108,-0.744267505,-0.257716762,1
-1.093477698,0.139141379,-0.869652058,0.078064176,0.019107648,0.487030112,-0.192999018,-0.172675637,-0.964740758,-0.186172803,0.084368144,0.110610934,1
0.466198599,0.412946829,0.045995722,-0.09840327,-0.392414656,0.932786287,-0.208385431,0.181942638,0.475544164,0.033807498,-0.319661889,0.514525652,0
0.229093106,-0.100547647,-0.058231615,0.202527009,-0.319576135,-0.444454155,0.33485469,-0.413122864,-0.224001941,-0.079543029,-0.00010919,-0.281398656,1
-0.014405571,-0.284535859,-0.058190336,-0.128813906,-0.318730315,0.067900754,1.164784902,1.045514966,0.216114724,0.981337844,0.145133225,-0.012287026,0
0.185093957,-0.390112353,-0.240160938,0.011293135,0.365270653,0.158997375,0.42967228,-0.285592069,-0.457912174,0.035863459,0.132833149,-0.16310823,1
-0.114343088,-0.510087494,-0.126341427,-0.091946702,-0.191293796,-0.51655285,-0.249804777,-0.221041838,-0.371494727,-0.026567162,-0.470744083,-0.040901094,1
0.036479714,-0.45643625,-0.524017158,0.285584878,0.859091293,-0.068582523,0.47055633,0.765819668,0.169337897,-0.101176419,1.052383525,-0.071743696,1
0.038284805,0.459262663,0.029482791,0.042632415,-0.033346505,0.15380501,-0.030967237,0.450192735,0.594264956,0.228294691,0.395988086,0.079181106,1
0.099673597,-0.128508974,0.022735673,-0.017899638,0.228597758,0.260634787,0.293020158,0.585055745,-0.595741945,-0.801552632,-0.031320372,0.146330582,0
-0.049212287,-0.351275475,0.430372691,0.809198035,0.21899147,0.512910445,0.555331139,0.859930455,-0.180879238,-0.002621882,-0.057994327,0.007790545,0
-0.214294986,0.946723141,0.237545181,-0.272892253,0.392766992,-0.472082854,0.375573092,0.295342434,0.399676031,0.766193576,-0.022525815,-0.188063648,1
-0.39745096,0.026326413,0.29430247,-0.530616205,0.213498967,0.165080568,-0.530792506,-0.104413758,-0.363682344,-0.445887735,0.376166444,-0.708026143,1
-0.41209302,0.404081699,-0.099426989,0.164021961,-0.465265428,-0.387800463,0.105222826,-0.014445518,0.080946249,0.758781466,0.077637271,0.202170412,1
0.01717952,0.143284991,-0.483596232,-0.21896111,0.238546263,-0.349404871,0.135844918,-0.307698437,-0.138024449,-0.017582988,0.205020527,-0.235072436,0
-0.104413492,0.101615308,-0.318004071,-0.085457111,0.524714374,-0.07011677,-0.069020347,0.127929737,-0.028820996,-0.117847808,-0.039936497,0.327798379,1
0.250971241,0.524344194,0.664850177,-0.609311816,-0.306367655,-0.17956843,-0.371743466,-0.250890015,0.380091144,-0.247833238,-0.407259116,0.157727313,1
-0.239772915,-0.329855138,-0.016650616,-0.813995187,-0.291333312,0.205806692,-1.048301964,-0.761555681,0.124691599,-0.424009867,-0.227948746,0.121942951,1
0.485885219,-0.423896682,0.183605516,0.115267205,-0.260582323,0.113371833,-0.181527718,0.282943289,0.508738869,0.266520906,0.305086142,0.176215244,1
0.379910582,-0.779362375,-0.203132878,-0.352315972,-0.023947943,0.298451409,0.179824094,-0.484507832,-0.176829902,-0.020130036,0.323619612,-0.058048922,1
0.289209441,-0.113375828,0.077594394,0.125371504,-0.439818125,-0.272366012,0.557742898,-0.624591437,-0.263581842,-0.153755475,-0.489474095,-0.112738799,1
0.532179747,-0.560550136,-1.013267547,0.002816559,-0.194824881,0.701227626,1.442224236,1.667668279,0.295429253,-0.579329949,-0.438310243,-2.217490935,0
0.117632358,-0.478850212,-0.593360547,-0.272237115,0.182016674,0.311112343,-0.104319482,0.002383795,-0.188991759,-0.255054932,0.177543895,-0.067312196,0
0.20017171,0.055473646,0.03013207,0.369085099,0.146796901,0.291447029,-0.153794091,-0.08334336,0.642382951,0.220054604,-0.091248155,-0.233377067,1
-0.113616577,0.033195504,-0.371688072,0.003844007,0.132673359,-0.696969231,-0.339507499,-0.229962629,-0.008236358,0.46253915,-0.230846532,-0.733857741,1
-0.116842731,0.211062174,1.232790851,0.576423108,0.314152607,-0.119311215,0.210087191,0.095252217,0.095210938,0.108381602,-0.113042134,-0.100542321,0
-0.6106663,0.518767535,-0.895325197,0.04778723,0.226497856,-0.312613833,-0.058325625,-0.043639623,-0.548027153,-0.443924719,-0.028282238,-0.197001483,0
0.545597285,0.178014209,0.518836245,-0.106002334,-0.209169732,0.956740622,0.486269247,0.124611438,0.19056116,-0.120246517,-0.195074419,0.831763265,1
-0.257914368,-0.313125693,0.120143719,-0.168043867,-0.241383861,0.024794296,0.090942158,-0.541116783,-0.135890458,-0.320896797,-0.346560615,-0.459138027,0
-0.196750347,-0.420257473,-0.686564261,-0.433813495,-0.684568754,-0.297442337,-0.338054212,-0.207325759,-0.320098647,0.51584658,0.589950635,-0.194556967,1
-0.337228099,-0.481268629,0.267317458,-0.424420526,-0.464785526,0.519644514,0.241251768,-0.603789219,0.537419783,-0.805204359,-0.374562156,-0.012315522,1
2.643150364,1.046138945,1.802696405,1.543186803,-5.308455032,-2.847108556,0.415664052,0.276164212,-0.421414616,-1.314008209,1.018346196,0.642468172,0
-0.258631824,-0.581972071,-0.200158926,0.182124,-0.284006157,-0.367456842,0.463993236,-0.043420445,-0.263388762,0.63883349,0.064908426,-0.041496045,1
-0.782153901,0.558257953,1.629918237,1.722997581,0.028843366,-0.530402353,-0.510805482,-0.50112649,-0.280139247,0.436245228,2.090821407,-0.347587796,0
0.070901338,0.453319286,-0.105692874,0.173112661,0.45474461,-0.043373839,-0.326506745,0.086068306,-0.284357161,-0.2514333,-0.031078291,-0.333415252,0
0.230685144,0.146830457,-0.171826088,0.470105989,0.228200947,-0.064472201,0.044870003,0.079804552,0.147530336,0.297514775,0.102762332,0.150223857,0
-0.54145314,-1.172329104,-0.185391432,0.384987899,1.052945718,0.60557407,-0.265819962,-1.131043982,-0.305466175,0.768583497,0.923707304,0.704819165,0
-0.107383183,-0.639065984,-0.170325131,0.074657726,-0.083912744,-0.204529706,-0.04376053,1.530261151,0.054768707,0.228607612,-0.205490042,-0.452673469,1
-0.83757162,-0.175093254,-0.102130896,-0.003156379,0.059730442,0.295234843,-0.56193711,-0.837333533,-1.170133594,-0.107946441,0.667721331,-0.187873764,1
-0.199773301,0.744660587,0.293969575,-0.228157538,-0.498023907,-0.580074835,-0.464758362,0.403354123,-0.189242895,-0.420144022,-0.470856468,-0.639951751,1
0.442184876,0.026767166,-0.016937438,0.241106626,-0.513459855,0.00627281,-0.073514431,0.162270933,-0.455046346,-0.342481185,0.37758724,-0.381446161,0
-0.162471735,0.566833864,0.243008656,0.100360427,-0.056978864,0.204601878,0.025210016,-0.233614888,0.381835781,0.377644232,0.266806131,0.055828379,1
-0.483596232,-0.21896111,0.238546263,-0.349404871,0.135844918,-0.307698437,-0.138024449,-0.017582988,0.205020527,-0.235072436,-0.252054881,0.384474441,1
0.26180498,0.379442398,0.46655999,0.401439044,-0.10361481,0.705464182,0.109013303,0.200032693,0.087629451,0.134969537,-0.272414748,1.283048163,1
0.155011954,0.000854875,0.316330541,-0.505616047,-0.059525112,0.075410069,0.472208555,-0.10094073,0.361660738,-0.668035584,0.002823483,-0.283645565,1
0.25094674,0.144047987,0.330167527,-0.190860766,-0.158144897,0.237310556,0.037831801,0.22495988,-0.031649273,-0.237862896,0.230685144,0.146830457,1
0.360858594,0.910433577,0.471358208,0.444984124,0.436553888,0.321842219,0.37080124,0.532401322,0.273256839,0.329912396,0.442184876,0.026767166,1
-0.038923165,-0.13460708,0.338833719,0.416392161,0.371615901,-0.421062546,-0.482736297,0.09105401,-0.557274181,0.200371979,-0.825611097,-1.002001577,1
-0.274366579,-0.315874607,0.25810585,-0.251941431,-0.417176462,0.554919681,-0.086282957,0.019936158,-0.303366272,-0.576063848,-0.160918047,0.16120913,1
0.536265302,-0.068444305,0.181230509,0.033450635,0.664766287,1.338935131,-0.351966033,1.197899712,0.797973344,-0.015274028,0.085250716,0.230459042,1
-0.108988802,0.415714919,0.09867651,0.194201169,1.0937552,0.154585316,-0.008097874,0.562809295,0.170883063,0.268814154,0.42568393,-0.457332137,1
0.127862891,-0.018330005,0.20741098,0.145415253,0.227011047,0.284777142,0.32035511,0.429296774,0.143117212,-0.021072528,-0.145423243,-0.226760444,1
0.27396524,-0.002902047,0.536265302,-0.068444305,0.181230509,0.033450635,0.664766287,1.338935131,-0.351966033,1.197899712,0.797973344,-0.015274028,0
-0.305518906,-0.434721101,0.459354009,-0.122239893,-0.092623944,0.227556196,-0.454011974,-0.047396811,-0.308801518,-0.135566617,-0.369250747,-0.195766042,1
-0.026554912,-0.364350531,0.035767851,-0.263201542,0.364963058,0.227319974,0.19441582,-0.513592747,-0.250454854,-0.438654323,0.149953813,0.34357601,1
0.035941223,-0.05850166,-0.445315422,0.066953468,0.031523305,0.155442321,-0.1423662,0.146021123,0.647642161,0.618753255,0.09127745,0.756632562,1
-0.084588654,0.026439331,-0.602519957,-0.259990036,-0.013751765,0.380623244,-0.046753391,0.025075526,0.164551397,-0.426217361,0.321060315,-0.652118136,0
-0.620352483,0.192755072,0.058580223,0.548516376,-0.37128194,-0.193318065,0.578195176,-0.313780031,-0.049064216,0.302229902,0.141843954,-0.373843369,0
0.266487883,0.0325148,0.0173212,0.29419834,-0.261623885,-0.37427267,0.526744235,-0.131785195,-0.24599113,0.157336894,-0.076563751,-0.348601395,1
-0.340034539,-0.417292309,-0.248821537,0.297195994,-0.539753511,-0.871723998,-0.499968015,-0.549228505,-1.118021657,-0.285750261,-0.529690224,-0.039481629,1
-0.000413855,0.315782995,1.111791991,0.081948396,0.319931933,0.967396728,0.373659877,1.242931103,0.001569135,-0.003688212,-0.084795315,-0.354194033,1
0.57054418,-0.065953184,0.274562055,0.039021702,-0.079655415,0.026622556,0.327938461,0.035337485,0.169736572,-0.491879195,-0.309375429,-0.076927539,1
0.027422836,-0.442181147,-0.353819327,0.22431433,-0.110658072,0.032151811,-0.091827392,-0.428067459,-0.16413195,0.308943731,0.075758411,-0.133203861,1
-0.223469575,-0.962512757,0.355009227,-0.076535788,0.127758229,0.666554333,0.247696618,0.324622293,-0.650329024,0.782100637,0.466198599,0.412946829,1
0.088647844,0.961153213,0.405906763,0.710562804,0.964502138,0.403671039,-0.039924247,0.022238727,-0.443555072,-0.714972466,-0.167361299,-0.042369561,0
0.057806841,0.213310149,-0.396695155,0.005023254,-0.125944084,-0.61654363,-0.211210512,-0.101256048,-0.325066508,0.23722134,0.338994041,-0.184578635,1
-0.192884236,-0.015873772,0.362386982,-0.142180045,-0.238267963,-0.016544356,-0.002147573,0.489182745,0.588526643,0.149289088,-0.115685854,0.429643251,0
-0.171826088,0.470105989,0.228200947,-0.064472201,0.044870003,0.079804552,0.147530336,0.297514775,0.102762332,0.150223857,-0.213334383,-0.181961813,1
-0.709911928,-0.258834491,-0.372184219,-0.136020154,-1.33E-06,-0.171777619,-0.339008689,-0.3455843,-0.266033814,0.023416643,-0.026681412,0.153029231,1
0.42733003,0.25679158,0.123184516,0.790440859,0.231211651,0.074622306,0.499000755,0.296392519,0.027473702,0.819051199,-0.086959134,-0.14251081,1
0.135516816,-0.288843256,-0.265367225,-0.08779803,-0.754023995,-0.241244045,-0.004802478,-0.24440868,-0.992747358,0.115598502,-0.292517619,-0.31100049,1
-1.240652502,1.219621519,-1.158314219,0.152779959,-0.361932913,-1.452532533,-1.067191499,0.171094518,0.235411456,0.639165852,-0.551560635,-1.50873189,0
0.022735673,-0.017899638,0.228597758,0.260634787,0.293020158,0.585055745,-0.595741945,-0.801552632,-0.031320372,0.146330582,-0.040223586,-0.053701578,1
-0.24420042,0.49842711,0.314351279,0.023813188,-0.399888818,0.131017139,0.18471419,-0.045904641,0.059774651,-0.21945992,-0.063571786,-0.281063896,1
-0.44565604,0.005192365,-0.189553686,-0.479324788,0.412326845,0.081839739,-0.305198261,-0.105853729,-0.386598312,0.184781568,0.188361922,-0.246969309,1
0.217438048,-0.221299898,0.052860552,-0.16376683,-0.467115792,-0.098980377,-0.430011566,-0.644098026,-0.188113715,-0.496159961,-0.198930943,0.292604971,1
0.264183982,-0.436501956,0.209683988,0.333292746,-0.244576725,-0.033502833,-0.267656212,-0.407818646,0.107379987,0.111744375,-0.423280693,-0.054866711,1
0.120260099,0.313945147,-0.777673398,-0.433347975,0.157234096,-0.088851576,0.211539679,0.189955557,-0.645593125,-0.21145579,-0.469881219,-0.034911379,1
1.688353317,-1.621523687,-0.269486869,0.215037475,0.661260502,2.201038991,1.926118742,-1.682802224,-0.711980138,-0.391723566,1.793010488,0.709116708,0
0.402230003,0.665073882,-0.261795926,-0.226771096,0.271539899,0.54913343,-0.126968602,-0.144966244,0.034757448,-0.700878485,0.094383761,0.216769861,0
0.186325669,0.320999595,0.125845547,0.121175427,-0.068145765,0.626334742,0.304764698,0.160263442,0.597853033,0.120991403,0.01115971,0.137497143,1
0.661949728,0.357059595,-0.157446084,-0.302709004,0.153591158,-0.17474944,0.165712003,0.137824978,0.047174437,0.186741388,0.014265755,0.119911225,1
0.059201805,-0.338328251,0.327927808,0.155177603,-0.179378014,0.381559079,-0.002993127,0.09534676,0.689251923,0.409127324,-0.004125769,0.219245269,1
-1.118625662,0.821913564,0.088107223,0.039483494,0.071940237,-0.133302664,-0.152327754,-0.323117873,0.343468152,0.354461681,-0.590669955,-0.578763228,0
-0.023226759,-0.610153109,0.803592081,0.436715808,0.183762909,-0.042534145,0.261479542,-0.496301374,0.249542988,0.038348454,0.285764908,-0.30827075,0
0.720292929,0.124261499,-0.557659807,0.118228373,-0.10065151,0.264053221,-0.558319738,-0.227884031,0.045621814,0.594392788,0.12903921,0.450464377,1
-0.09596195,0.236351286,-0.080997115,0.155093447,0.471370458,0.50021196,-0.355792196,0.226675489,-0.237954775,0.172802936,0.713502934,0.31639419,1
0.14904674,-0.400862469,-0.028264129,-0.683830526,0.525688292,-0.108574681,0.418130939,0.169237496,-0.263696357,0.410620558,-0.489026417,0.177005937,1
-0.720589606,0.023075492,0.062058844,1.664691397,0.378701773,-1.831711012,-1.169406019,0.109684953,0.025575401,1.443342497,1.787050866,-0.146082908,0
-0.22447412,0.316360368,-0.337228099,-0.481268629,0.267317458,-0.424420526,-0.464785526,0.519644514,0.241251768,-0.603789219,0.537419783,-0.805204359,0
0.194746851,-0.445818493,0.081787275,0.28650074,-0.186839925,-0.055673649,0.080128658,-0.236152081,-0.293073687,0.428241363,-0.387505918,0.120884078,1
0.476356428,-0.287355614,1.037427212,0.485689743,-0.062687883,0.946248033,0.529293147,0.148516771,0.412968933,-0.089194591,0.675042893,0.374990658,1
-0.612124114,0.52703452,-0.497543739,-0.657513434,-0.187199452,-0.817506299,0.194365752,0.603395338,0.100562294,0.267410668,-0.243127699,0.543528542,1
-0.202687864,0.377286836,0.574510692,-0.453484136,-0.041861164,-0.027016704,0.412325514,-0.512794864,0.065054368,0.246536545,0.039494146,0.252861287,1
-0.122142421,-0.517494544,0.07342921,0.08661532,0.23663438,-0.009028649,0.308967965,0.993112478,0.786498049,0.0952405,-0.458407255,0.388505668,1
-0.053781739,-0.021045098,-0.409259683,0.011702729,0.502950222,0.203630357,-0.641230335,-1.18201582,0.231543747,-0.521973715,0.31920489,1.653134343,0
0.394588062,-0.03217072,-0.352432885,-1.06062441,-0.209211544,-0.284141978,-0.591301923,-0.019391541,0.17096642,0.144187802,-0.226230475,-0.239512991,1
0.224004871,0.111991783,0.066326027,0.069902919,0.318950825,-0.45593957,-0.585975601,0.064990984,-0.263175976,0.340571165,-0.277681682,-0.658902539,1
0.244438773,-0.063389626,0.05306455,0.072526132,0.069729813,0.655542162,0.536103116,0.708504447,0.530662011,0.550159546,0.148469633,0.308598585,1
-0.252455953,0.031580297,-0.259626515,-0.197905892,0.167449982,-0.142536643,0.005795039,0.242556185,-0.541639029,-0.032149947,-0.172048995,0.152530155,1
-0.407746474,-0.012985307,0.087307209,-0.508715966,-0.086460856,0.147009155,-0.197400158,0.293561312,-0.355759173,0.112053035,-0.056333314,-0.470255925,0
0.266806131,0.055828379,0.52951126,-0.549515061,-0.458337214,0.315661821,0.119940253,-0.537586763,0.074939223,0.334266664,0.386220942,0.182383658,0
0.854546342,-0.00429488,0.426575822,0.474890092,0.578154429,0.94975302,0.887804963,0.159461298,-0.047894555,0.350398763,0.219556593,-0.153056395,1
-1.003626105,0.064049024,0.184740023,0.369652086,-0.865168626,-1.873419311,-1.200525589,1.028157547,-0.289789211,0.708196586,-0.301849868,-2.039042098,0
0.424643433,0.349580107,0.190002163,-0.17024497,-0.599609122,-0.136126946,-0.202116883,-0.720828225,-0.233282259,-0.331486324,-0.095976065,-0.319622208,0
0.176833364,0.172099062,-0.034371556,0.258485084,0.427733498,-0.234204245,-0.237497777,0.184277432,-0.386559164,-0.952406593,-0.152489142,-0.183608446,0
0.046480151,-0.474425903,0.034405911,-0.576820186,-0.117574035,0.010255034,-0.484705971,-0.274716518,-0.125259918,0.037983868,0.479443831,-0.028191158,1
-0.245831074,-0.439121974,-0.21601885,-0.08408798,-0.061246047,0.173369923,-0.118664333,-0.511089109,-0.198748516,0.019309249,0.425320408,0.218415162,1
0.210131932,0.212234231,-0.362721475,-0.100559631,0.126707612,-0.418326947,0.292744521,-0.505352394,-0.464952506,-0.016814134,-0.159959309,0.243105595,1
-0.843224179,-0.099234442,-0.257805978,-0.076328061,0.264273731,-0.420805019,-0.00224904,0.413810759,0.246998604,0.633233395,0.174953705,-0.851159334,1
0.310229771,0.273440598,0.147730606,-0.362957964,0.006434464,0.326918204,-0.237903642,0.039737293,0.00476546,0.416599621,-0.049212287,-0.351275475,1
0.362386982,-0.142180045,-0.238267963,-0.016544356,-0.002147573,0.489182745,0.588526643,0.149289088,-0.115685854,0.429643251,0.402230003,0.665073882,1
-0.46432693,-0.172529695,-0.168027089,0.209930331,-0.429450172,0.12475445,-0.098009654,-0.41656713,0.899849375,0.229553567,-0.189859417,0.255151339,1
0.04362684,0.415634225,0.024164458,0.002968093,-0.131244573,-0.29814914,-0.156063903,0.051846953,0.072517344,0.024674187,0.036720997,0.038052045,1
-0.479163933,0.669782351,-0.05763773,-0.32518635,0.54122251,0.12697233,0.023251261,0.344955528,0.205374195,-0.139932604,-0.644359016,-0.181476585,1
0.171195718,-0.103860353,0.048713211,-0.342569602,-0.364503663,0.252427724,-0.139971752,0.151348776,0.059378905,-0.091528852,-0.180558327,-0.031502,1
-0.694596887,-0.124850856,0.145399008,-0.038906919,0.169217522,0.780891296,-0.071442226,0.624297157,0.174829601,0.326169589,-0.116842731,0.211062174,1
-0.101762048,-0.19879379,-0.022690399,0.626414903,0.431373773,0.403366373,-0.010716294,-0.007657387,0.213773539,0.952858798,0.369065924,-0.063159528,1
0.33756712,0.121783693,0.32716641,0.232322456,0.52806463,0.246628691,-0.207693009,0.338373525,0.536004579,-0.567793135,-0.189546496,-0.222455976,1
0.122146949,0.069472552,-0.709911928,-0.258834491,-0.372184219,-0.136020154,-1.33E-06,-0.171777619,-0.339008689,-0.3455843,-0.266033814,0.023416643,0
0.122819397,0.452910757,0.774820088,0.419409522,-0.586461095,0.470733696,0.096912166,0.331613091,0.162877334,-0.257125274,-0.256811553,0.072289377,1
-2.172154346,-0.468680932,0.578895321,0.271098347,2.729433587,-0.009143964,-0.200610332,-0.812304613,-0.528438538,0.935270483,1.859204156,0.429514621,0
0.474977976,0.092805571,0.304848322,0.368257388,0.088125598,0.673531283,0.334131908,0.007074687,0.572134354,0.037543647,-0.319122332,0.282446343,1
0.405906763,0.710562804,0.964502138,0.403671039,-0.039924247,0.022238727,-0.443555072,-0.714972466,-0.167361299,-0.042369561,0.148413973,-0.286762262,1
-0.520723094,0.053045375,-0.49820367,0.114809674,0.20940409,-0.146452022,0.081069819,0.095713477,-0.148810784,0.4622478,0.211036608,0.302181432,1
-0.237180594,-0.066967582,1.104233141,0.118455541,0.137178629,-0.453239125,-0.500744592,0.100546848,0.973654091,0.89706291,0.275234503,-0.748227891,0
0.303380387,-0.12514194,0.448032911,0.004135889,-0.071455808,0.495871274,0.045658832,-0.053105296,0.174818682,-0.197551958,-0.086866988,0.274030221,1
-0.489474095,-0.112738799,0.485885219,-0.423896682,0.183605516,0.115267205,-0.260582323,0.113371833,-0.181527718,0.282943289,0.508738869,0.266520906,0
0.248765078,-0.165756212,0.391203184,0.832955296,-0.388808203,-0.103996707,0.21147097,-0.369637438,0.206863701,0.441265819,-0.307065403,-0.109549664,1
-0.399616909,0.248452423,0.360858594,0.910433577,0.471358208,0.444984124,0.436553888,0.321842219,0.37080124,0.532401322,0.273256839,0.329912396,0
0.008646751,-0.303233913,-0.065573684,-0.431146872,-0.116057365,0.320688804,-0.523015543,-0.614131872,0.269717765,-0.566436254,-0.180654201,-0.112176074,0
-0.006120743,0.219408787,-0.293338139,-0.551521221,0.34613371,-0.397743109,-0.066422966,0.427283957,0.253256766,-0.201103017,0.017124126,-0.128647459,1
-0.076024727,-0.40077858,0.856225465,0.029448703,-0.279068922,0.306037689,-0.078522772,-0.052138569,-0.529693952,-0.032317726,-0.010696853,0.16838049,1
0.372046534,0.777143696,1.755074557,3.856031156,3.71745783,0.899649905,-0.26953161,0.204688963,-0.269441062,0.382790791,0.258070163,0.121790085,0
0.098498877,-0.043598877,0.266545673,0.220927322,-0.201613545,0.090418047,-0.295691841,0.167318422,0.219304658,-0.003477822,-0.571375886,-0.117683224,1
-0.335451238,-0.178956968,-0.219419973,0.512330941,0.115539912,0.124381607,-0.091520596,0.423282025,0.012923788,0.387264901,-0.234668168,0.409016536,1
0.314259667,0.186537923,0.563203976,-0.142145158,-0.004875715,0.061381069,0.349963336,-0.287449091,0.367153242,-0.114776118,-0.018732675,0.198337324,1
0.291766342,0.048393898,0.505814718,0.021938322,0.108870292,0.149745553,0.048982723,-0.78407404,-0.116048576,1.125712068,-0.539113553,-0.786035724,1
-0.036973464,0.567210435,0.263739767,0.271628316,0.299983792,0.119325329,0.086353797,0.578855373,0.367118354,0.465432674,0.066376361,-0.047721716,1
0.479352218,-0.47347835,-0.57048639,-0.354211344,-0.460154555,0.333042143,2.231778528,-1.151403316,-1.188190626,-0.354884325,-0.241070141,0.309971977,0
0.17006707,0.643816797,0.700129338,-0.197129847,-0.576350937,0.453252441,0.437125669,0.178488518,-0.639414325,0.075000475,0.101729558,-0.551765965,1
0.52951126,-0.549515061,-0.458337214,0.315661821,0.119940253,-0.537586763,0.074939223,0.334266664,0.386220942,0.182383658,0.870339154,-0.469099581,1
0.600892499,0.297411444,0.197157544,0.306363927,0.360562983,0.400907743,0.201579457,0.159557171,0.121384486,-0.040331444,-0.428724194,0.400170846,1
-0.292037185,0.464315212,0.57054418,-0.065953184,0.274562055,0.039021702,-0.079655415,0.026622556,0.327938461,0.035337485,0.169736572,-0.491879195,0
-0.00010919,-0.281398656,-0.46432693,-0.172529695,-0.168027089,0.209930331,-0.429450172,0.12475445,-0.098009654,-0.41656713,0.899849375,0.229553567,0
-0.04310992,-0.237086318,0.179279211,-0.007020359,-0.349125772,0.008780708,-0.188149934,-0.189615205,-0.2176266,-0.551586202,-0.112422416,-0.030811709,1
-0.141308659,-0.26218235,-0.083505547,0.872901914,-0.059127236,-0.563259902,0.614171553,0.197707487,0.644446102,0.158498299,0.108966165,-0.333159056,0
-0.392108126,-0.361513199,0.561236432,-0.121881165,-0.201099289,0.090055059,-0.34346469,0.096456499,-0.016878582,-0.17939639,-0.023059779,-0.095823465,1
-0.470744083,-0.040901094,-0.4791128,-0.548217836,0.924280683,0.309178089,0.015266305,0.077645261,-0.019346267,-0.536119361,0.279933917,0.285197921,0
0.430372691,0.809198035,0.21899147,0.512910445,0.555331139,0.859930455,-0.180879238,-0.002621882,-0.057994327,0.007790545,0.076666016,0.291708285,1
0.01495365,0.201081712,-0.468541915,-0.124915038,-0.098269845,-0.027146933,-0.079845298,0.350678128,-0.121188477,-0.366349233,-0.092519282,-0.291793772,0
0.023062442,0.146359344,-0.163334599,1.181192904,-0.153479039,-1.538326534,-0.060836453,-2.098856164,2.322642389,-0.014656707,-1.062684632,-3.300331968,0
-0.255114853,0.276102427,0.851725788,0.276591383,0.252821073,-0.031933432,-0.183408975,-0.162952436,0.757596093,0.326253213,0.008646751,-0.303233913,1
-0.339961035,0.361952354,-0.506587568,0.285711112,-0.51943519,0.367281073,0.294350673,0.155765629,0.581991512,-0.779509648,0.22925982,-0.287701026,1
-0.15311605,0.566335587,0.29311763,-0.206090585,0.588943428,0.300878614,-0.12226253,0.592935506,0.05334072,-0.233737659,0.680898652,0.129939358,0
-0.325220172,-0.733912335,-0.188866591,-0.764976778,-0.58714606,-0.593728329,-0.056294165,-0.655630313,0.127223999,-0.236902294,-0.669887546,-0.210094382,1
0.592669989,-0.039549806,-0.048659948,0.117719177,-0.497210045,0.171245519,0.022422218,0.171516629,-0.537046141,0.178552967,0.027552532,-0.264619409,0
0.29311763,-0.206090585,0.588943428,0.300878614,-0.12226253,0.592935506,0.05334072,-0.233737659,0.680898652,0.129939358,-0.292037185,0.464315212,1
0.23901418,0.684158894,0.237737994,-0.357580775,-0.113248795,-0.380551339,-0.704601318,0.159618424,0.914262936,-0.152767176,-0.284384592,0.221158218,1
-1.390152246,-0.977077319,1.019523579,1.952636369,0.351916232,-0.440002415,-0.733670787,0.197177251,0.968907539,0.573155143,0.825868891,-1.241838408,0
-0.086959134,-0.14251081,0.526849696,-0.107545902,-0.001078847,0.131908499,-0.025545041,-0.133066708,0.481899266,0.131184386,0.089976762,0.453307035,0
0.488882607,-0.176869849,-0.096007224,0.534349424,0.262096064,-0.351393453,0.700981283,0.13240438,-0.13218387,0.448057412,0.104137322,-0.229084052,1
0.37804557,-0.614311369,-0.125565116,-0.025473935,-0.081078608,0.159447449,0.026318689,-0.094188018,0.042468897,0.589139969,-0.175765702,0.349916464,0
0.190002163,-0.17024497,-0.599609122,-0.136126946,-0.202116883,-0.720828225,-0.233282259,-0.331486324,-0.095976065,-0.319622208,-0.33129724,0.058170895,1
0.193763878,-0.016954482,0.384521846,0.445521284,0.232804754,0.183538404,0.02599192,0.312725686,0.485484147,0.208410731,0.246101385,-0.005647499,1
0.465668897,-0.273929288,-0.382685596,0.495247828,-0.253692725,0.029401565,-0.341343749,-0.602253374,-0.123967219,-0.480947452,-0.368310119,0.146360409,1
0.631596083,0.059948289,0.196171642,0.699582058,0.453578944,-0.254959059,0.452193035,0.272748975,-0.053278136,0.791244335,0.165435833,-0.434291266,1
0.125400533,-0.110834107,-0.148566838,0.370078458,-0.345524645,-0.511991654,0.03087669,-0.965725328,-0.101299457,0.48614248,0.397358282,-0.396103134,1
-0.164091736,0.042807119,0.081676754,0.257057629,0.251073773,0.040844369,-0.505604861,0.276893386,-0.14016856,0.217143769,0.112118549,-0.081520426,1
-0.083505547,0.872901914,-0.059127236,-0.563259902,0.614171553,0.197707487,0.644446102,0.158498299,0.108966165,-0.333159056,-0.257914368,-0.313125693,1
0.105100587,-0.162026721,-0.102184159,0.598899922,-0.258800935,-0.089232674,-0.201414074,-0.054820106,-0.056474461,0.01045557,-0.391111571,0.0592817,1
-0.38947639,-0.518204809,-0.240556417,-0.435004195,-0.387671833,-0.198053964,-0.159266088,-0.450559985,-0.38200143,-0.116459502,0.155944327,-0.404376244,1
0.37844105,0.041492849,0.44520996,-0.101525826,-0.396215786,0.37643782,0.012604209,0.458675702,0.270899143,-0.177349218,-0.531762962,0.755050378,1
-0.189546496,-0.222455976,-0.38947639,-0.518204809,-0.240556417,-0.435004195,-0.387671833,-0.198053964,-0.159266088,-0.450559985,-0.38200143,-0.116459502,0
0.803592081,0.436715808,0.183762909,-0.042534145,0.261479542,-0.496301374,0.249542988,0.038348454,0.285764908,-0.30827075,0.122146949,0.069472552,1
-0.593360547,-0.272237115,0.182016674,0.311112343,-0.104319482,0.002383795,-0.188991759,-0.255054932,0.177543895,-0.067312196,-0.065056232,-0.125367243,1
0.492937269,0.172921713,0.94917245,0.272222734,-0.326259071,0.657720362,0.258808658,-0.217035645,-0.060478258,0.29192986,-0.131700773,-0.082230425,1