-0.641067505,-0.612609863,-0.70930481,-0.827651978,-0.823638916,-0.827331543,-0.675735474,-0.652984619,-0.853302002,-1.000152588,-0.820953369,-0.931350708,1
-0.950881958,-1.168380737,-0.770477295,-0.85244751,-1.077667236,-0.768035889,-0.832122803,-0.99949646,-1.014343262,-0.792709351,-0.892807007,-1.084609985,1
-0.757019043,-1.028930664,-0.876419067,-0.800384521,-1.030593872,-0.951004028,-0.736740112,-1.040496826,-0.904464722,-0.801437378,-1.063262939,-0.946090698,1
-1.045333862,-0.95614624,-0.919586182,-0.897674561,-1.006439209,-0.746810913,-0.941055298,-0.915283203,-1.104827881,-0.860641479,-1.092315674,-0.925384521,1
-0.868057251,-0.966430664,-1.108505249,-0.952606201,-0.876937866,-1.077636719,-0.816864014,-0.877548218,-1.027282715,-0.905197144,-0.885513306,-1.130203247,1
-1.046890259,-0.948699951,-0.852294922,-1.027191162,-0.95854187,-0.804107666,-1.098800659,-0.899017334,-0.805618286,-1.132644653,-0.946182251,-0.838638306,1
-1.095428467,-0.783096313,-0.949996948,-1.208740234,-0.82510376,-0.814331055,-1.118972778,-0.868881226,-0.884933472,-1.019989014,-0.884796143,-0.785903931,1
-0.749450684,-0.91468811,-1.068588257,-0.68321228,-0.99395752,-1.062698364,-0.793106079,-0.874450684,-1.047729492,-0.776870728,-0.872817993,-1.020294189,0
-0.981399536,-0.717681885,-0.935775757,-1.329421997,-0.828155518,-0.87979126,-1.092285156,-0.914794922,-0.806304932,-1.024887085,-1.02432251,-0.849761963,0
-0.879623413,-0.878860474,-0.723678589,-0.954711914,-0.869094849,-0.763549805,-0.98236084,-0.854476929,-0.848876953,-0.977722168,-1.052536011,-0.884078979,1
-0.913909912,-0.770065308,-0.922668457,-1.15562439,-0.924636841,-0.795440674,-1.070343018,-0.906677246,-0.884552002,-1.063400269,-0.884262085,-0.828933716,0
-0.846572876,-1.357330322,-0.842834473,-0.843765259,-1.176589966,-0.853317261,-0.895263672,-1.326202393,-0.818191528,-0.870758057,-1.191864014,-0.878570557,0
-0.671447754,-1.311660767,-0.988510132,-0.986755371,-1.208251953,-1.200637817,-0.578308105,-0.873504639,-1.253829956,-0.790542603,-1.28086853,-1.353424072,0
-1.06578064,-0.93447876,-0.824798584,-1.063262939,-0.931503296,-0.925949097,-0.918655396,-1.165100098,-0.881759644,-0.880722046,-1.138671875,-0.816589355,1
-0.808029175,-0.946258545,-0.983596802,-0.790725708,-1.015609741,-0.887969971,-0.817001343,-1.033370972,-0.942016602,-0.853134155,-1.0675354,-0.832992554,1
-0.767105103,-1.139358521,-0.82824707,-0.814376831,-1.224395752,-0.905792236,-0.811065674,-1.158248901,-0.856048584,-0.839187622,-1.19152832,-0.841796875,1
-0.95249939,-0.939941406,-0.928894043,-1.209640503,-0.820663452,-0.848464966,-0.828735352,-1.080383301,-0.992156982,-0.871963501,-0.98475647,-1.0284729,1
-0.998947144,-0.698638916,-1.064483643,-0.984359741,-0.816986084,-1.074676514,-0.859191895,-0.786346436,-0.99949646,-0.975448608,-0.823623657,-1.08265686,0
-0.870819092,-1.216415405,-0.927001953,-0.904083252,-1.141479492,-0.7237854,-0.804199219,-1.10295105,-0.737945557,-1.098953247,-0.976837158,-0.76625061,1
-0.885375977,-0.81401062,-1.457702637,-0.842376709,-0.781051636,-1.30430603,-0.833847046,-0.829193115,-1.414916992,-0.913635254,-0.779785156,-0.822662354,1
-0.825180054,-1.247253418,-0.831695557,-0.874404907,-1.110046387,-0.87928772,-0.856323242,-1.027755737,-0.887161255,-0.771514893,-1.144500732,-0.924942017,0
-0.866668701,-0.79095459,-0.954284668,-0.872375488,-0.806716919,-1.027511597,-0.778259277,-0.779510498,-0.989990234,-0.844177246,-0.768341064,-0.863967896,1
-0.648406982,-0.602508545,-1.262649536,-0.922393799,-1.223114014,-1.249023438,-0.645477295,-0.381484985,-1.590698242,-1.049560547,-1.229980469,-1.111526489,0
-1.027633667,-0.824417114,-0.783721924,-0.989334106,-0.991973877,-0.728927612,-1.073165894,-0.897247314,-0.833740234,-0.937774658,-0.95791626,-0.798995972,1
-0.994110107,-0.843978882,-0.806381226,-1.016555786,-0.900604248,-0.857681274,-0.960723877,-0.892654419,-0.938262939,-0.82043457,-1.02835083,-1.056289673,1
-1.071517944,-0.931549072,-0.742950439,-0.977142334,-1.08203125,-0.804046631,-0.959274292,-1.141220093,-0.761611938,-0.866271973,-1.282470703,-0.837417603,1
-0.906723022,-0.733474731,-1.073425293,-0.886352539,-0.831344604,-1.086196899,-0.834030151,-0.803604126,-1.050537109,-0.872909546,-0.871627808,-1.204498291,1
-0.947784424,-0.87713623,-1.383148193,-0.883483887,-0.798492432,-1.18862915,-0.604766846,-0.921279907,-1.138214111,-0.706512451,-1.003845215,-1.108032227,1
-0.843765259,-1.176589966,-0.853317261,-0.895263672,-1.326202393,-0.818191528,-0.870758057,-1.191864014,-0.878570557,-0.838684082,-1.039794922,-0.91569519,1
-1.079055786,-0.858825684,-0.82875061,-1.078445435,-0.859161377,-0.784866333,-1.01020813,-0.963134766,-0.822418213,-0.974700928,-1.121994019,-0.774139404,0
-0.825897217,-1.109634399,-0.691268921,-0.902694702,-1.026702881,-0.771865845,-0.91885376,-0.884750366,-0.757797241,-0.99420166,-0.92565918,-0.723083496,1
-0.867462158,-1.248046875,-0.880783081,-0.792388916,-1.239868164,-0.807952881,-0.91192627,-1.280578613,-0.87046814,-0.852783203,-1.169250488,-0.90234375,1
-0.967529297,-0.939575195,-0.765930176,-1.160293579,-0.981643677,-0.857818604,-1.238998413,-0.813354492,-0.856628418,-1.302276611,-0.820907593,-0.750534058,0
-1.331359863,-0.786437988,-0.753326416,-1.297592163,-0.83972168,-0.790161133,-1.273696899,-0.892852783,-0.774993896,-1.271652222,-0.777877808,-0.882904053,1
-0.947601318,-0.844451904,-0.897888184,-1.084777832,-0.915512085,-0.843429565,-1.0806427,-0.821060181,-0.846847534,-0.976043701,-1.013580322,-0.90562439,1
-0.995437622,-0.771026611,-1.124252319,-0.876434326,-0.790847778,-1.077194214,-0.853881836,-0.759918213,-1.028945923,-0.956756592,-0.780288696,-1.034667969,1
-0.869445801,-0.797821045,-1.006973267,-0.924728394,-0.786849976,-0.922790527,-0.866088867,-0.769393921,-0.983825684,-0.933898926,-0.784729004,-0.917175293,1
-0.895889282,-1.383666992,-0.86958313,-0.861541748,-1.170776367,-0.884094238,-0.937530518,-1.189697266,-0.904846191,-0.909637451,-1.007965088,-0.781433105,1
-0.847885132,-0.823410034,-1.47718811,-0.830078125,-0.9581604,-1.058151245,-0.976242065,-0.928131104,-0.889175415,-0.818954468,-0.890823364,-1.074081421,1
-0.71913147,-0.639541626,-1.217315674,-1.013763428,-1.361099243,-0.993026733,-0.690170288,-0.682601929,-0.946975708,-1.087203979,-1.276367188,-0.97505188,0
-0.836547852,-1.08215332,-0.795608521,-0.851074219,-1.075820923,-0.864379883,-0.872665405,-0.892944336,-1.006851196,-1.06199646,-0.899795532,-0.995101929,1
-1.311264038,-0.923217773,-0.814987183,-1.087554932,-0.781234741,-0.878356934,-1.299102783,-0.864059448,-0.853118896,-1.26373291,-0.849395752,-0.866653442,1
-0.950119019,-1.069320679,-0.828720093,-1.021072388,-1.024688721,-0.743621826,-0.932495117,-1.121932983,-0.883102417,-0.985275269,-0.916946411,-0.791931152,1
-0.904708862,-0.798171997,-1.05645752,-0.951599121,-0.8384552,-0.883850098,-1.117050171,-0.952285767,-0.8175354,-1.200820923,-0.827514648,-0.878494263,1
-1.104705811,-0.872406006,-0.845718384,-1.08416748,-0.9246521,-0.764892578,-1.187530518,-0.872055054,-0.864044189,-1.251266479,-0.872253418,-0.778091431,0
-0.897506714,-0.955703735,-1.160324097,-0.85206604,-0.94821167,-1.144500732,-0.891845703,-0.819656372,-1.182846069,-0.948013306,-0.842437744,-1.09854126,1
-1.258956909,-0.915145874,-0.889038086,-1.06439209,-0.918319702,-0.744903564,-1.196655273,-0.838317871,-0.851287842,-1.348770142,-0.859695435,-0.751968384,1
-1.005523682,-0.912612915,-0.828094482,-0.998184204,-0.983306885,-0.812667847,-0.909576416,-1.103607178,-0.932388306,-0.826461792,-0.951675415,-0.874649048,1
-1.277984619,-0.785171509,-0.89012146,-1.352081299,-0.783447266,-0.867004395,-1.20475769,-0.78288269,-0.988449097,-1.227249146,-0.747955322,-0.930587769,1
-1.054107666,-0.883056641,-0.741851807,-1.040176392,-0.742462158,-1.11579895,-1.015808105,-0.896560669,-0.921447754,-1.040847778,-0.88999939,-0.98487854,1
-0.90083313,-0.862854004,-1.218460083,-0.858276367,-0.84866333,-1.060455322,-0.719314575,-0.818969727,-1.129623413,-0.884567261,-0.762817383,-1.104324341,0
-0.833206177,-1.016204834,-0.844268799,-0.825210571,-0.980804443,-0.906311035,-0.862487793,-1.03086853,-0.905548096,-0.792373657,-0.86315918,-0.926803589,1
-0.819213867,-0.900558472,-1.127258301,-0.89515686,-0.899261475,-1.238418579,-0.888549805,-0.840591431,-1.245239258,-0.85760498,-0.997314453,-1.234268188,1
-0.748580933,-0.998291016,-1.022338867,-0.927062988,-0.933578491,-0.773391724,-0.993530273,-1.079925537,-0.914306641,-0.918869019,-0.881668091,-0.941665649,1
-0.815933228,-0.350479126,-1.444885254,-0.840835571,-1.337722778,-1.191558838,-0.578582764,-0.779251099,-1.328094482,-0.958984375,-1.320083618,-1.421920776,0
-0.987533569,-0.892272949,-0.880111694,-0.962692261,-0.91229248,-0.833450317,-1.019165039,-1.004745483,-0.864761353,-1.086883545,-0.887954712,-0.800552368,1
-1.104766846,-0.782836914,-0.941101074,-0.948120117,-1.084121704,-0.884719849,-0.869888306,-1.107498169,-0.92288208,-0.908721924,-0.990600586,-1.008804321,1
-0.80065918,-1.155090332,-0.887359619,-0.757553101,-1.023086548,-0.985656738,-0.817337036,-1.001159668,-0.937484741,-0.790252686,-1.067153931,-0.927993774,1
-0.833297729,-1.105331421,-0.939865112,-0.785995483,-1.032623291,-0.951049805,-0.860809326,-1.150482178,-0.991973877,-0.846298218,-1.18963623,-0.883560181,1
-0.997802734,-0.833770752,-0.971115112,-1.111373901,-0.803833008,-0.92539978,-1.195251465,-0.892425537,-0.823867798,-1.005523682,-0.816864014,-0.833511353,0
-1.1353302,-1.075241089,-0.92237854,-1.250762939,-0.923919678,-0.772018433,-1.221954346,-0.734161377,-1.011993408,-1.148696899,-1.26802063,-0.903778076,0
-1.162078857,-0.91784668,-0.626373291,-1.101425171,-1.245941162,-0.854171753,-1.24017334,-1.133712769,-0.941421509,-0.642990112,-1.044677734,-1.096343994,0
-0.783996582,-0.950393677,-0.958526611,-0.831695557,-0.918197632,-1.068450928,-0.795669556,-0.971298218,-1.03918457,-0.811157227,-0.892608643,-0.962463379,1
-1.086746216,-0.900360107,-0.877670288,-1.0625,-0.834960938,-0.781951904,-0.967269897,-1.045227051,-0.903137207,-0.836898804,-1.215438843,-0.907394409,1
-0.980163574,-0.856918335,-1.396713257,-0.953582764,-0.83354187,-1.193710327,-0.860229492,-0.923797607,-1.387237549,-0.868133545,-0.835205078,-1.226898193,1
-1.014251709,-0.945343018,-0.852142334,-1.076919556,-0.895767212,-0.908447266,-1.287017822,-0.889389038,-0.801177979,-1.12562561,-0.987121582,-0.809402466,0
-0.843963623,-0.959136963,-1.291687012,-0.824645996,-0.938156128,-1.192276001,-0.729522705,-0.910522461,-1.154327393,-0.78302002,-0.940704346,-0.924041748,1
-0.686447144,-0.893844604,-1.2603302,-0.797073364,-0.858474731,-1.356140137,-0.769012451,-0.938247681,-1.140167236,-0.947845459,-0.84135437,-1.091445923,1
-0.798294067,-0.947265625,-1.002838135,-0.820541382,-0.886901855,-1.068664551,-0.719726563,-0.984649658,-1.069473267,-0.749450684,-0.91468811,-1.068588257,1
-1.061782837,-0.98425293,-0.771621704,-1.083831787,-0.889404297,-0.830184937,-1.095153809,-0.999603271,-0.723251343,-1.048690796,-0.913406372,-0.833374023,1
-1.008712769,-1.021224976,-0.898208618,-0.877349854,-0.948547363,-0.840454102,-1.011672974,-1.098388672,-0.834945679,-0.957107544,-1.052902222,-0.977966309,1
-0.819168091,-1.114929199,-0.814041138,-1.092208862,-0.905136108,-1.075485229,-0.763580322,-1.00201416,-0.845199585,-1.037994385,-0.96194458,-0.829269409,1
-0.813354492,-0.813934326,-1.180038452,-0.824523926,-0.847473145,-1.190216064,-0.837387085,-0.832977295,-1.060760498,-0.866989136,-0.848358154,-0.995437622,1
-0.818634033,-1.052780151,-0.848251343,-0.793441772,-1.090240479,-0.970901489,-0.761917114,-1.034957886,-0.940750122,-0.72857666,-0.992721558,-1.069244385,0
-0.889480591,-0.845016479,-1.153060913,-0.847885132,-0.823410034,-1.47718811,-0.830078125,-0.9581604,-1.058151245,-0.976242065,-0.928131104,-0.889175415,0
-1.528610229,-1.066009521,-1.092132568,-0.847106934,-0.662185669,-0.591110229,-0.298919678,-1.197174072,-1.264343262,-1.316833496,-0.967834473,-0.422592163,0
-0.752212524,-0.83442688,-1.151412964,-0.705764771,-0.921844482,-1.147994995,-0.799606323,-0.929290771,-1.188858032,-0.819046021,-0.909927368,-1.153411865,1
-0.869491577,-1.153457642,-0.849502563,-0.884231567,-1.298110962,-0.873657227,-0.897705078,-1.177688599,-0.842483521,-0.878936768,-1.192367554,-0.796066284,1
-0.86289978,-1.268081665,-0.946746826,-0.8644104,-0.978942871,-0.796325684,-0.865219116,-1.000076294,-0.959396362,-0.779602051,-0.944717407,-0.951599121,1
-1.006835938,-0.844741821,-0.933792114,-0.895507813,-0.985794067,-1.144470215,-0.764389038,-0.872680664,-1.110092163,-0.844772339,-0.930877686,-0.958404541,1
-0.962493896,-0.832885742,-1.001831055,-0.952453613,-0.767059326,-1.038101196,-0.9190979,-0.847244263,-0.968536377,-0.969909668,-0.884689331,-1.074829102,1
-0.849594116,-1.163192749,-0.811782837,-0.895370483,-1.287277222,-0.852142334,-0.921478271,-1.195678711,-0.734405518,-0.879196167,-1.215530396,-0.765945435,1
-0.831237793,-1.079421997,-0.901000977,-0.825836182,-1.076324463,-0.866500854,-0.790893555,-1.164611816,-0.803710938,-0.791564941,-1.040023804,-0.894165039,0
-0.999710083,-0.759017944,-1.177246094,-0.947616577,-0.876831055,-1.254562378,-0.889282227,-0.768875122,-1.172042847,-0.71824646,-0.938964844,-1.095565796,1
-1.02784729,-1.275588989,-1.210128784,-0.627487183,-0.832565308,-1.378051758,-0.829650879,-1.263885498,-1.218536377,-0.84727478,-0.632095337,-1.510284424,0
-0.783615112,-0.962585449,-0.917633057,-0.744430542,-0.931030273,-0.954574585,-0.805801392,-0.896347046,-0.883804321,-0.79385376,-0.995986938,-1.091567993,0
-0.942138672,-0.82875061,-1.001480103,-0.864089966,-0.857543945,-1.004501343,-0.931106567,-0.806030273,-1.189117432,-0.888778687,-0.81237793,-1.208511353,1
-0.994659424,-1.008712769,-0.821548462,-0.891601563,-1.110122681,-0.893005371,-0.896347046,-0.985733032,-0.842651367,-0.934143066,-0.839324951,-0.941223145,0
-0.992401123,-1.049697876,-0.856124878,-0.919723511,-1.147888184,-0.87802124,-0.879394531,-1.060073853,-0.897033691,-0.861434937,-0.945419312,-1.180206299,0
-0.811950684,-0.914169312,-1.213562012,-0.794799805,-0.90814209,-1.156967163,-0.866485596,-0.893783569,-1.167510986,-0.83215332,-0.925308228,-1.201644897,0
-0.855117798,-0.875274658,-0.9659729,-0.942138672,-0.82875061,-1.001480103,-0.864089966,-0.857543945,-1.004501343,-0.931106567,-0.806030273,-1.189117432,0
-0.927429199,-0.800827026,-1.006103516,-0.898590088,-0.770080566,-1.053039551,-0.899642944,-0.778625488,-1.064300537,-0.862228394,-0.727172852,-0.996185303,0
-0.985275269,-0.916946411,-0.791931152,-0.980224609,-0.928009033,-0.77255249,-1.012084961,-0.917572021,-0.72328186,-0.949752808,-1.03414917,-0.838912964,0
-1.17326355,-0.904205322,-0.845474243,-1.046890259,-0.948699951,-0.852294922,-1.027191162,-0.95854187,-0.804107666,-1.098800659,-0.899017334,-0.805618286,0
-1.111373901,-0.803833008,-0.92539978,-1.195251465,-0.892425537,-0.823867798,-1.005523682,-0.816864014,-0.833511353,-1.060043335,-0.914718628,-0.819229126,1
-0.858551025,-0.980285645,-1.060943604,-0.878005981,-0.876571655,-1.22567749,-0.978546143,-0.853927612,-1.165115356,-0.915847778,-0.868515015,-1.059844971,0
-1.109237671,-0.772613525,-0.922698975,-1.067504883,-0.655075073,-0.921524048,-0.892745972,-0.73274231,-0.999084473,-1.020614624,-0.745498657,-1.095153809,0
-0.898452759,-0.757202148,-1.304595947,-0.770370483,-0.856628418,-1.379852295,-0.768966675,-0.805465698,-1.119445801,-0.761672974,-0.934799194,-1.080490112,1
-1.037567139,-0.685684204,-1.012924194,-0.934265137,-0.756698608,-1.108459473,-0.791412354,-0.807296753,-1.009429932,-0.923751831,-0.804534912,-0.905136108,1
-0.763900757,-1.040863037,-0.901397705,-0.736358643,-1.052963257,-0.875335693,-0.790084839,-0.973373413,-0.963806152,-0.811950684,-0.914169312,-1.213562012,1
-0.980682373,-0.750045776,-1.291687012,-0.848770142,-0.804153442,-1.209014893,-0.914459229,-0.936523438,-1.297195435,-0.841522217,-0.813949585,-1.188491821,1
-1.409179688,-0.589935303,-0.43699646,-1.362792969,-1.066604614,-1.139694214,-1.250350952,-1.132843018,-0.408630371,-1.066162109,-1.182220459,-0.838897705,0
-1.159927368,-0.874435425,-0.895584106,-1.005523682,-0.912612915,-0.828094482,-0.998184204,-0.983306885,-0.812667847,-0.909576416,-1.103607178,-0.932388306,0
-0.782577515,-1.1328125,-0.746002197,-0.843353271,-1.152908325,-0.818374634,-0.784332275,-1.133270264,-0.910705566,-0.849853516,-1.162597656,-0.951919556,1
-0.866989136,-0.848358154,-0.995437622,-0.848144531,-0.813934326,-1.033401489,-0.879898071,-0.830169678,-1.028549194,-0.762878418,-0.803985596,-1.07824707,0
-0.743225098,-0.882461548,-1.118164063,-0.813354492,-0.813934326,-1.180038452,-0.824523926,-0.847473145,-1.190216064,-0.837387085,-0.832977295,-1.060760498,0
-0.930648804,-0.876586914,-1.135238647,-0.878890991,-0.840454102,-1.041046143,-0.845596313,-0.835998535,-1.105636597,-0.906707764,-0.812957764,-1.05027771,1
-1.083648682,-0.865249634,-0.85987854,-0.991943359,-0.737289429,-0.834793091,-1.113830566,-0.870635986,-0.788467407,-0.989761353,-0.813186646,-0.839645386,1
-0.797958374,-1.24382019,-0.721694946,-0.933868408,-1.125198364,-0.79309082,-0.921478271,-0.89855957,-0.687759399,-1.134475708,-0.821838379,-0.735275269,1
-0.864776611,-0.759338379,-1.099395752,-0.932571411,-0.782089233,-0.963653564,-0.938308716,-0.759918213,-1.022018433,-0.975982666,-0.762329102,-0.980606079,0
-0.865142822,-1.233169556,-0.805511475,-0.784164429,-0.936203003,-0.851715088,-0.917556763,-0.887481689,-0.844146729,-0.798782349,-0.950866699,-0.889038086,1
-0.988723755,-1.028549194,-0.802154541,-0.739059448,-1.161346436,-0.923095703,-0.914169312,-1.142059326,-0.974060059,-0.691162109,-1.087173462,-0.953948975,0
-0.935440063,-0.748672485,-0.87046814,-0.953491211,-0.75743103,-0.981460571,-0.904800415,-0.701858521,-0.951629639,-1.023773193,-0.735275269,-1.016235352,1
-0.908676147,-0.99256897,-0.835281372,-0.852005005,-0.934570313,-0.880386353,-0.863967896,-0.984283447,-1.089050293,-0.851608276,-0.859970093,-1.169311523,1
-0.858276367,-0.84866333,-1.060455322,-0.719314575,-0.818969727,-1.129623413,-0.884567261,-0.762817383,-1.104324341,-0.809188843,-0.853485107,-1.086074829,1
-0.817672729,-0.806640625,-0.946060181,-0.834442139,-0.807617188,-0.967208862,-0.999282837,-0.928924561,-0.90713501,-1.159927368,-0.874435425,-0.895584106,1
-0.737121582,-1.33454895,-0.805038452,-0.810638428,-1.423095703,-0.83203125,-0.807647705,-1.196975708,-0.800048828,-0.783081055,-1.369934082,-0.823669434,0
-1.133926392,-0.859451294,-0.907592773,-0.994125366,-0.838592529,-0.877838135,-1.337219238,-0.869750977,-0.838851929,-1.274597168,-0.879898071,-0.805221558,1
-0.937347412,-0.870040894,-0.980453491,-0.871032715,-0.784088135,-1.043411255,-0.88760376,-0.825332642,-0.985458374,-1.089447021,-0.790344238,-0.907150269,0
-0.861816406,-0.799606323,-1.094116211,-0.87109375,-0.802703857,-1.11340332,-0.848205566,-0.794006348,-1.147781372,-0.891830444,-0.864685059,-1.087844849,1
-0.655502319,-0.858474731,-0.931854248,-0.796585083,-0.991027832,-0.869537354,-0.771072388,-1.056488037,-0.949050903,-0.731552124,-0.954177856,-0.97517395,1
-0.49432373,-0.546707153,-1.58934021,-0.891860962,-1.468002319,-1.189468384,-0.686477661,-0.659805298,-1.315734863,-1.082870483,-1.405288696,-1.016845703,0
-0.980621338,-0.894897461,-0.777008057,-1.168151855,-0.958999634,-0.871246338,-1.006530762,-0.927734375,-1.151641846,-0.775604248,-0.980407715,-0.742858887,1
-0.720733643,-0.913269043,-0.913757324,-0.955001831,-1.006759644,-0.963363647,-0.930664063,-0.981170654,-0.957260132,-1.027236938,-1.14604187,-0.888641357,1
-1.046630859,-1.363037109,-0.63130188,-0.917495728,-1.38772583,-0.773330688,-0.863540649,-1.256713867,-0.826049805,-0.895477295,-1.319381714,-0.879669189,0
-0.851776123,-0.984054565,-0.962585449,-0.766479492,-0.935089111,-0.930084229,-0.786254883,-0.870513916,-0.907730103,-0.888748169,-0.928100586,-0.834625244,1
-0.917388916,-0.885879517,-0.956176758,-0.823608398,-0.838699341,-0.935317993,-0.992736816,-0.875442505,-1.042297363,-0.917724609,-0.800415039,-1.009521484,0
-0.900878906,-0.798095703,-1.019714355,-0.953033447,-0.949386597,-1.205825806,-0.856246948,-0.832580566,-1.090270996,-0.901916504,-0.934417725,-1.268096924,1
-0.913543701,-0.810073853,-1.086669922,-0.940246582,-0.893890381,-1.296524048,-0.873413086,-0.783782959,-1.233352661,-0.778015137,-0.872299194,-1.347869873,1
-0.868652344,-1.013839722,-0.769836426,-0.827301025,-0.840667725,-0.994979858,-0.845932007,-0.889648438,-1.003860474,-0.864135742,-0.843597412,-1.092712402,1
-0.876724243,-0.812454224,-0.83555603,-0.980621338,-0.894897461,-0.777008057,-1.168151855,-0.958999634,-0.871246338,-1.006530762,-0.927734375,-1.151641846,0
-0.823608398,-0.838699341,-0.935317993,-0.992736816,-0.875442505,-1.042297363,-0.917724609,-0.800415039,-1.009521484,-0.913909912,-0.770065308,-0.922668457,1
-0.919723511,-1.147888184,-0.87802124,-0.879394531,-1.060073853,-0.897033691,-0.861434937,-0.945419312,-1.180206299,-0.865570068,-0.927261353,-1.125228882,1
-1.009750366,-0.727218628,-0.93157959,-1.016387939,-0.756866455,-0.906143188,-1.219802856,-0.841293335,-1.175811768,-0.876724243,-0.812454224,-0.83555603,1
-0.460891724,-0.729904175,-1.209945679,-0.896713257,-1.468811035,-1.24029541,-0.303024292,-0.870483398,-1.504180908,-0.953964233,-1.185409546,-1.07409668,0
-1.23815918,-0.801361084,-0.821228027,-1.1222229,-0.702575684,-1.005722046,-1.137268066,-0.841217041,-0.874755859,-1.167388916,-0.771133423,-0.848480225,1
-0.843811035,-1.06427002,-0.900863647,-0.785003662,-1.067230225,-0.951660156,-0.762496948,-0.999450684,-0.990585327,-0.858551025,-0.980285645,-1.060943604,1
-1.182006836,-0.833557129,-0.861816406,-1.189437866,-0.850296021,-0.820770264,-1.280319214,-0.816986084,-0.87411499,-1.08505249,-0.851486206,-0.868453979,1
-0.941253662,-1.197860718,-0.948608398,-0.826660156,-1.219848633,-0.958480835,-0.883789063,-1.257446289,-0.825805664,-0.902175903,-1.012496948,-1.03024292,1
-1.037750244,-0.966156006,-0.829360962,-0.93031311,-1.101043701,-0.859924316,-0.916229248,-1.041091919,-0.904968262,-0.835586548,-1.023590088,-0.941070557,0
-0.925460815,-0.840942383,-0.926193237,-1.179641724,-0.826553345,-0.905303955,-1.150238037,-0.94052124,-0.770095825,-1.054779053,-0.942199707,-0.769180298,0
-0.935302734,-0.856109619,-1.202285767,-0.94972229,-0.866897583,-1.030410767,-0.922073364,-0.814819336,-0.995635986,-0.911911011,-0.81161499,-0.977905273,1
-0.872131348,-1.169998169,-1.155609131,-0.784240723,-0.82270813,-1.05670166,-0.893035889,-0.905258179,-0.960586548,-0.864471436,-0.807495117,-1.305999756,0
-0.794799805,-0.90814209,-1.156967163,-0.866485596,-0.893783569,-1.167510986,-0.83215332,-0.925308228,-1.201644897,-0.955993652,-0.84967041,-1.174209595,1
-1.279983521,-0.823898315,-0.813247681,-1.016540527,-0.796325684,-0.82019043,-0.996810913,-0.851135254,-0.814208984,-0.9637146,-1.134536743,-0.804504395,1
-1.200820923,-0.827514648,-0.878494263,-1.099853516,-1.038635254,-0.854522705,-0.71736145,-1.30531311,-0.900497437,-0.871078491,-1.100509644,-0.778961182,0
-0.837631226,-1.061447144,-0.902542114,-0.799758911,-1.071929932,-0.928466797,-0.746627808,-0.988006592,-1.045196533,-0.828109741,-0.932861328,-0.996444702,1
-0.899307251,-0.776016235,-0.842819214,-1.286178589,-0.85055542,-0.852172852,-1.103271484,-0.771591187,-0.863708496,-1.290130615,-0.811965942,-0.874694824,1
-0.807723999,-0.973526001,-0.997802734,-0.766067505,-0.97517395,-0.910385132,-0.76965332,-1.096069336,-0.963439941,-0.826507568,-0.939300537,-0.947906494,1
-1.042755127,-1.294906616,-1.163848877,-0.424224854,-0.956054688,-1.535324097,-0.721374512,-1.190368652,-1.261535645,-0.850250244,-0.437591553,-1.178665161,0
-1.149551392,-0.669509888,-0.938751221,-0.994125366,-0.727218628,-1.02331543,-0.924194336,-0.709671021,-1.02935791,-0.998947144,-0.698638916,-1.064483643,1
-0.816833496,-0.967422485,-1.069198608,-0.775299072,-0.888046265,-1.226211548,-0.763275146,-0.880737305,-1.060379028,-0.685073853,-0.92199707,-1.065200806,1
-0.912414551,-0.811935425,-1.205505371,-0.832473755,-0.874160767,-1.10774231,-0.782897949,-0.873931885,-1.161300659,-0.90083313,-0.862854004,-1.218460083,1
-0.972061157,-0.948455811,-0.81918335,-0.927963257,-0.960250854,-0.848800659,-0.950241089,-0.988983154,-0.860031128,-0.917388916,-0.885879517,-0.956176758,1
-0.929321289,-0.931518555,-0.914474487,-0.937316895,-0.814041138,-0.933639526,-0.895568848,-0.847457886,-0.844024658,-0.883651733,-0.973617554,-0.934020996,1
-0.41305542,-0.317703247,-0.422943115,-0.806549072,-0.971984863,-1.070724487,-1.094238281,-0.871200562,-0.708862305,-1.232070923,-0.954605103,-0.842559814,0
-1.179641724,-0.826553345,-0.905303955,-1.150238037,-0.94052124,-0.770095825,-1.054779053,-0.942199707,-0.769180298,-1.034332275,-0.890487671,-0.782852173,1
-1.060775757,-1.029769897,-0.697418213,-1.022277832,-1.00567627,-0.766799927,-1.032669067,-0.952331543,-0.69631958,-1.008071899,-0.933441162,-0.804901123,1
-0.867919922,-1.22644043,-1.002380371,-0.812728882,-0.99671936,-0.944076538,-1.00138855,-0.954940796,-0.878646851,-0.808898926,-0.91267395,-1.046981812,1
-0.93031311,-1.101043701,-0.859924316,-0.916229248,-1.041091919,-0.904968262,-0.835586548,-1.023590088,-0.941070557,-0.875411987,-0.918930054,-0.995620728,1
-0.871032715,-0.784088135,-1.043411255,-0.88760376,-0.825332642,-0.985458374,-1.089447021,-0.790344238,-0.907150269,-1.114974976,-0.793838501,-0.89074707,1
-1.03036499,-0.856033325,-0.846496582,-1.071517944,-0.931549072,-0.742950439,-0.977142334,-1.08203125,-0.804046631,-0.959274292,-1.141220093,-0.761611938,0
-0.710586548,-0.983108521,-0.924026489,-0.771835327,-1.090835571,-0.924118042,-0.708251953,-1.035812378,-1.000076294,-0.778640747,-1.052276611,-0.902191162,1
-1.286758423,-0.897262573,-0.676544189,-1.172561646,-0.79460144,-0.866470337,-1.108398438,-0.801116943,-0.807830811,-1.022521973,-0.745300293,-0.89414978,1
-1.099853516,-1.038635254,-0.854522705,-0.71736145,-1.30531311,-0.900497437,-0.871078491,-1.100509644,-0.778961182,-0.848312378,-0.884674072,-0.946136475,1
-0.89239502,-0.803527832,-1.206756592,-0.808456421,-0.896759033,-1.146026611,-0.908813477,-0.885757446,-0.881332397,-0.85383606,-0.847122192,-1.005767822,1
-0.905548096,-0.888397217,-1.006057739,-0.935302734,-0.856109619,-1.202285767,-0.94972229,-0.866897583,-1.030410767,-0.922073364,-0.814819336,-0.995635986,0
-1.0128479,-1.051620483,-0.828170776,-0.900131226,-1.025588989,-0.78616333,-0.900817871,-1.269546509,-0.805557251,-0.825180054,-1.247253418,-0.831695557,1
-0.826477051,-0.788970947,-1.050247192,-0.89932251,-0.690231323,-1.012451172,-0.982025146,-0.68359375,-1.003753662,-0.981399536,-0.717681885,-0.935775757,1
-0.837524414,-0.934799194,-0.933532715,-0.812332153,-1.052627563,-0.972793579,-0.812545776,-1.102218628,-0.893890381,-0.792053223,-1.021362305,-0.943572998,1
-1.079452515,-0.68737793,-0.95664978,-0.97769165,-0.706115723,-1.034515381,-0.921310425,-0.760070801,-0.864685059,-0.846664429,-0.758331299,-0.774307251,1
-1.387786865,-0.853363037,-0.802230835,-1.139633179,-0.718948364,-1.015197754,-0.939697266,-0.730575562,-1.054870605,-0.917236328,-0.739547729,-1.0418396,1
-0.85760498,-0.997314453,-1.234268188,-0.867797852,-0.862686157,-1.366333008,-0.862228394,-0.919830322,-1.267471313,-0.875640869,-0.834716797,-1.253768921,0
-0.947845459,-0.84135437,-1.091445923,-0.934936523,-0.840911865,-1.083053589,-0.86100769,-0.818740845,-1.089981079,-0.869338989,-0.84173584,-0.964355469,0
-1.156555176,-0.783187866,-0.534469604,-1.131103516,-1.048965454,-1.446273804,-1.247161865,-0.806991577,-0.641433716,-1.058578491,-1.211471558,-1.421157837,0
-0.910263062,-0.807922363,-1.075775146,-0.906723022,-0.733474731,-1.073425293,-0.886352539,-0.831344604,-1.086196899,-0.834030151,-0.803604126,-1.050537109,0
-0.955993652,-0.84967041,-1.174209595,-0.930648804,-0.876586914,-1.135238647,-0.878890991,-0.840454102,-1.041046143,-0.845596313,-0.835998535,-1.105636597,0
-0.765167236,-0.737045288,-0.962219238,-1.009750366,-0.727218628,-0.93157959,-1.016387939,-0.756866455,-0.906143188,-1.219802856,-0.841293335,-1.175811768,0
-0.827682495,-1.027709961,-0.837982178,-0.824447632,-1.005813599,-0.829162598,-0.820007324,-1.005172729,-0.883071899,-0.821655273,-0.930862427,-0.982345581,0
-0.789779663,-1.129074097,-1.003509521,-0.793685913,-1.119369507,-0.876556396,-0.95413208,-1.054458618,-0.968536377,-0.793563843,-1.180084229,-0.877426147,1
-0.872589111,-0.834442139,-0.938980103,-1.091842651,-0.723220825,-0.861068726,-1.099594116,-0.947937012,-0.877746582,-0.986358643,-1.043914795,-0.886901855,1
-0.868865967,-1.177368164,-0.795379639,-0.949447632,-1.207351685,-0.953887939,-0.881057739,-1.039245605,-0.960952759,-0.930877686,-1.067367554,-0.927932739,1
-0.867797852,-0.862686157,-1.366333008,-0.862228394,-0.919830322,-1.267471313,-0.875640869,-0.834716797,-1.253768921,-0.854095459,-0.938919067,-1.189315796,1
-0.973251343,-0.780349731,-0.982559204,-1.025192261,-0.77835083,-0.856750488,-1.135391235,-0.778121948,-0.907730103,-1.055831909,-0.824035645,-0.893936157,0
-0.994567871,-0.96031189,-0.931060791,-1.002914429,-0.8387146,-0.945831299,-1.05241394,-0.759170532,-1.020111084,-0.937973022,-0.707504272,-0.981613159,1
-1.08505249,-0.851486206,-0.868453979,-1.0128479,-1.051620483,-0.828170776,-0.900131226,-1.025588989,-0.78616333,-0.900817871,-1.269546509,-0.805557251,0
-1.114974976,-0.793838501,-0.89074707,-1.184631348,-0.733215332,-0.841247559,-1.066482544,-0.822387695,-0.899215698,-1.075424194,-0.88230896,-0.872451782,0
-0.919265747,-1.24017334,-0.979919434,-1.573638916,-1.177154541,-0.485046387,-0.976593018,-1.248748779,-0.978164673,-1.323272705,-1.055206299,-0.552474976,0
-1.314880371,-0.809387207,-0.864212036,-1.122253418,-0.839019775,-0.895370483,-1.150680542,-0.882156372,-0.878723145,-1.19140625,-0.78503418,-0.905731201,1
-0.928161621,-0.710632324,-0.890655518,-1.254119873,-0.821365356,-0.892456055,-0.994842529,-0.735733032,-0.880981445,-1.233062744,-0.905212402,-0.814437866,1
-1.053695679,-0.735748291,-0.892837524,-0.872421265,-0.958267212,-0.908248901,-0.903991699,-1.027084351,-0.878768921,-0.810440063,-1.005859375,-0.860183716,1
-0.878051758,-1.082168579,-0.915924072,-0.824234009,-1.083465576,-0.94543457,-0.852325439,-1.026977539,-0.866958618,-0.853759766,-1.050796509,-0.98890686,1
-1.08416748,-0.9246521,-0.764892578,-1.187530518,-0.872055054,-0.864044189,-1.251266479,-0.872253418,-0.778091431,-1.242904663,-0.867843628,-0.849487305,1
-0.740249634,-0.961349487,-0.968521118,-0.740844727,-0.956588745,-0.949295044,-0.806625366,-1.066894531,-0.957336426,-0.791351318,-0.975814819,-0.965118408,0
-1.301620483,-0.692382813,-0.902832031,-1.210464478,-0.722625732,-0.913711548,-1.074752808,-0.667358398,-1.021133423,-0.958953857,-0.74937439,-1.030059814,1
-1.050582886,-0.810592651,-0.831802368,-1.300613403,-0.844512939,-0.794952393,-1.15133667,-0.779541016,-0.88432312,-1.201797485,-0.841690063,-0.874786377,1
-0.930236816,-0.775222778,-0.90461731,-1.182006836,-0.833557129,-0.861816406,-1.189437866,-0.850296021,-0.820770264,-1.280319214,-0.816986084,-0.87411499,0
-0.868408203,-0.810379028,-1.204498291,-0.82585144,-0.85206604,-1.052597046,-0.867279053,-0.822647095,-1.126953125,-0.792800903,-0.810058594,-1.09854126,1
-0.80039978,-1.373977661,-0.871047974,-0.875305176,-1.137069702,-0.901824951,-0.892242432,-1.11769104,-0.932098389,-0.843597412,-0.987167358,-0.905090332,1
-1.047470093,-0.899963379,-0.796707153,-1.071777344,-0.899169922,-0.79876709,-1.060592651,-0.977996826,-0.791427612,-1.17326355,-0.904205322,-0.845474243,1
-0.906707764,-0.812957764,-1.05027771,-0.959945679,-0.747772217,-0.998046875,-0.969024658,-0.773544312,-0.968429565,-1.019119263,-0.766952515,-0.896820068,0
-0.966842651,-0.883041382,-0.809020996,-1.057891846,-0.8722229,-0.863922119,-1.038116455,-0.99017334,-0.833724976,-0.778137207,-0.713790894,-0.513809204,0
-0.793441772,-1.090240479,-0.970901489,-0.761917114,-1.034957886,-0.940750122,-0.72857666,-0.992721558,-1.069244385,-0.80027771,-1.004333496,-1.236679077,1
-1.165237427,-0.777709961,-0.859771729,-1.325210571,-0.833847046,-0.779708862,-1.165786743,-0.754821777,-0.880187988,-1.22769165,-0.767913818,-0.892929077,1
-0.723876953,-0.913742065,-0.975341797,-0.678848267,-0.957351685,-0.962585449,-0.751464844,-1.117614746,-0.903564453,-0.777359009,-1.055847168,-0.965499878,1
-0.934936523,-0.840911865,-1.083053589,-0.86100769,-0.818740845,-1.089981079,-0.869338989,-0.84173584,-0.964355469,-0.999099731,-0.831924438,-0.941619873,1
-1.067504883,-0.655075073,-0.921524048,-0.892745972,-0.73274231,-0.999084473,-1.020614624,-0.745498657,-1.095153809,-0.954208374,-0.764144897,-1.170303345,1
-0.985641479,-0.81388855,-0.886871338,-1.064315796,-0.9871521,-0.873153687,-1.194122314,-1.004364014,-0.959350586,-1.038696289,-0.899383545,-0.827011108,1
-0.954208374,-0.764144897,-1.170303345,-0.980682373,-0.750045776,-1.291687012,-0.848770142,-0.804153442,-1.209014893,-0.914459229,-0.936523438,-1.297195435,0
-0.964385986,-0.805038452,-0.830459595,-0.938339233,-1.017379761,-0.812698364,-0.924819946,-0.928024292,-0.981613159,-0.726806641,-0.92906189,-1.171966553,1
-0.895950317,-0.874832153,-1.033172607,-0.9165802,-0.872085571,-1.075439453,-1.003463745,-0.83543396,-1.033355713,-0.905548096,-0.888397217,-1.006057739,1
-1.019256592,-0.895462036,-0.776229858,-1.088409424,-0.910751343,-0.768692017,-1.099624634,-0.850784302,-0.871902466,-1.078720093,-0.82913208,-0.872436523,1
-0.82043457,-1.02835083,-1.056289673,-0.897506714,-0.955703735,-1.160324097,-0.85206604,-0.94821167,-1.144500732,-0.891845703,-0.819656372,-1.182846069,0
-1.141952515,-0.926956177,-0.744277954,-1.082763672,-0.914810181,-0.803344727,-0.990447998,-0.90246582,-0.77897644,-1.104705811,-0.872406006,-0.845718384,1
-1.008071899,-0.933441162,-0.804901123,-1.099853516,-0.975265503,-0.765380859,-1.091506958,-0.89225769,-0.732116699,-1.063034058,-1.017379761,-0.823501587,0
-0.837463379,-0.83934021,-1.067306519,-0.812057495,-0.833786011,-0.978103638,-1.108779907,-0.858947754,-0.890625,-0.97517395,-0.907943726,-0.859054565,0
-0.772003174,-0.938873291,-0.738098145,-0.951950073,-0.915710449,-0.940765381,-0.722549438,-0.979660034,-0.987365723,-0.743652344,-1.021179199,-0.898574829,1
-1.04284668,-0.776168823,-0.731765747,-1.03414917,-0.880462646,-0.808746338,-1.021286011,-0.782684326,-0.794418335,-0.953338623,-0.982757568,-0.761764526,1
-0.869506836,-1.085464478,-0.925857544,-0.837631226,-1.061447144,-0.902542114,-0.799758911,-1.071929932,-0.928466797,-0.746627808,-0.988006592,-1.045196533,0
-0.656509399,-1.085662842,-0.923660278,-0.797195435,-0.971603394,-0.851959229,-0.754684448,-1.023803711,-0.996276855,-0.752685547,-0.954544067,-0.980300903,1
-0.835708618,-1.158218384,-0.982696533,-0.785095215,-1.113342285,-0.987319946,-0.800292969,-1.054901123,-0.901031494,-0.788650513,-1.120925903,-0.921646118,1
-0.880355835,-1.34664917,-0.871810913,-0.834579468,-1.171768188,-0.890899658,-0.868453979,-1.07170105,-0.938079834,-0.867736816,-1.052581787,-0.810852051,0
-0.88180542,-0.878463745,-1.090270996,-0.8644104,-0.898834229,-1.069274902,-0.784927368,-1.049316406,-0.993759155,-0.856002808,-0.902893066,-1.030685425,1
-0.879104614,-0.793411255,-1.265213013,-0.789398193,-0.947601318,-1.257385254,-0.721694946,-0.951644897,-1.050430298,-0.721801758,-0.891921997,-1.091400146,0
-0.928482056,-1.076187134,-0.79888916,-0.913162231,-0.867828369,-1.008331299,-1.028930664,-0.926025391,-0.951248169,-0.932937622,-1.014770508,-0.881118774,1
-0.773071289,-0.935455322,-1.124679565,-0.711196899,-0.954727173,-1.001419067,-0.680633545,-1.023605347,-0.974884033,-0.812774658,-1.034057617,-0.956375122,1
-0.875411987,-0.918930054,-0.995620728,-0.850662231,-0.912811279,-1.217803955,-0.860778809,-0.865219116,-1.000839233,-0.801528931,-0.837799072,-1.036987305,0
-0.810043335,-0.960632324,-1.005783081,-0.818862915,-0.96546936,-1.081863403,-0.823959351,-0.862533569,-1.062026978,-0.827194214,-0.934249878,-1.085586548,0
-0.789398193,-0.947601318,-1.257385254,-0.721694946,-0.951644897,-1.050430298,-0.721801758,-0.891921997,-1.091400146,-0.740249634,-0.961349487,-0.968521118,1
-1.221557617,-0.891937256,-0.848587036,-1.097885132,-0.866516113,-0.811431885,-0.992248535,-0.838531494,-0.798980713,-1.099411011,-0.987365723,-0.809082031,0
-1.008972168,-0.951446533,-0.831237793,-1.28968811,-0.781280518,-0.835037231,-1.092056274,-0.648971558,-0.947036743,-0.97958374,-0.782440186,-1.012802124,1
-0.810714722,-0.896606445,-1.135559082,-0.819213867,-0.900558472,-1.127258301,-0.89515686,-0.899261475,-1.238418579,-0.888549805,-0.840591431,-1.245239258,0
-1.132644653,-0.946182251,-0.838638306,-1.068054199,-0.936935425,-0.83505249,-1.135131836,-0.913040161,-0.800857544,-1.170883179,-0.867767334,-0.845657349,0
-0.80581665,-1.027160645,-0.950241089,-0.835845947,-0.99041748,-0.997314453,-0.78817749,-0.8931427,-1.233703613,-0.889480591,-0.845016479,-1.153060913,1
-1.050704956,-0.942764282,-0.773223877,-1.044815063,-0.832077026,-0.791656494,-1.018432617,-0.858261108,-0.815872192,-1.190444946,-0.91015625,-0.762802124,1
-0.951049805,-1.07460022,-1.059799194,-0.964889526,-0.97253418,-1.024917603,-1.059463501,-0.851623535,-1.159469604,-0.999893188,-0.867630005,-1.028289795,1
-0.834579468,-1.171768188,-0.890899658,-0.868453979,-1.07170105,-0.938079834,-0.867736816,-1.052581787,-0.810852051,-0.793945313,-1.052398682,-0.806945801,1
-0.76600647,-1.040817261,-0.948532104,-0.778717041,-1.097717285,-0.854064941,-0.838363647,-0.820114136,-1.006118774,-0.967346191,-1.038696289,-0.918060303,0
-0.792800903,-0.810058594,-1.09854126,-0.826477051,-0.788970947,-1.050247192,-0.89932251,-0.690231323,-1.012451172,-0.982025146,-0.68359375,-1.003753662,0
-0.800552368,-0.934158325,-1.216049194,-0.861114502,-0.901260376,-1.111907959,-0.817474365,-0.932815552,-1.278457642,-0.904144287,-0.783447266,-1.203140259,1
-1.097885132,-0.866516113,-0.811431885,-0.992248535,-0.838531494,-0.798980713,-1.099411011,-0.987365723,-0.809082031,-1.077850342,-0.911239624,-0.747833252,1
-0.892990112,-1.033157349,-0.736450195,-0.937057495,-0.815368652,-0.919906616,-0.771408081,-0.851959229,-0.989974976,-0.863082886,-0.766723633,-0.987976074,1
-1.077850342,-0.911239624,-0.747833252,-1.122787476,-0.940261841,-0.85949707,-0.938964844,-1.310852051,-0.795059204,-0.859146118,-1.368484497,-0.906661987,0
-1.185348511,-0.839279175,-0.848739624,-1.263717651,-0.86630249,-0.890945435,-1.095687866,-0.899368286,-0.856826782,-1.011520386,-0.935897827,-0.790145874,0
-1.105697632,-0.992416382,-0.826126099,-1.081893921,-0.906829834,-0.889785767,-1.406112671,-0.746109009,-0.88444519,-1.090545654,-0.664672852,-0.965423584,1
-1.032165527,-0.872299194,-0.770111084,-1.089355469,-0.901977539,-0.791213989,-1.002807617,-0.909576416,-0.768508911,-1.066223145,-0.918548584,-0.779678345,1
-1.022186279,-0.808364868,-0.918945313,-1.076873779,-0.822647095,-0.900787354,-1.189559937,-0.95552063,-0.842422485,-1.036392212,-0.961654663,-0.85559082,1
-0.740844727,-0.956588745,-0.949295044,-0.806625366,-1.066894531,-0.957336426,-0.791351318,-0.975814819,-0.965118408,-0.809539795,-1.006988525,-0.980773926,1
-0.999099731,-0.831924438,-0.941619873,-1.166641235,-0.91468811,-0.866653442,-1.128921509,-0.96913147,-0.826721191,-0.988830566,-0.872009277,-0.855880737,0
-0.673828125,-1.217941284,-0.763885498,-0.889801025,-1.225708008,-0.757080078,-0.953216553,-0.987335205,-0.732971191,-1.062683105,-1.007858276,-0.73298645,1
-0.828109741,-0.932861328,-0.996444702,-0.874954224,-0.745651245,-1.123504639,-0.804397583,-0.891555786,-1.043716431,-0.823898315,-0.844085693,-0.949966431,0
-1.055831909,-0.712127686,-0.956558228,-0.949554443,-0.770782471,-1.023620605,-0.913955688,-0.750473022,-1.012664795,-0.939041138,-0.801239014,-1.06817627,1
-0.890960693,-0.722610474,-1.168273926,-0.93296814,-0.82862854,-1.153106689,-0.907852173,-0.866516113,-1.002593994,-0.866668701,-0.895782471,-1.077957153,1
-0.775665283,-1.105133057,-0.875335693,0.305786133,-0.340484619,-1.22593689,-1.544235229,-0.974090576,-1.03553772,-1.261871338,-0.848861694,-0.271530151,0
-1.166641235,-0.91468811,-0.866653442,-1.128921509,-0.96913147,-0.826721191,-0.988830566,-0.872009277,-0.855880737,-1.079055786,-0.858825684,-0.82875061,1
-0.976043701,-1.013580322,-0.90562439,-0.950881958,-1.168380737,-0.770477295,-0.85244751,-1.077667236,-0.768035889,-0.832122803,-0.99949646,-1.014343262,0
-0.841522217,-0.813949585,-1.188491821,-0.885375977,-0.81401062,-1.457702637,-0.842376709,-0.781051636,-1.30430603,-0.833847046,-0.829193115,-1.414916992,0
-0.765701294,-1.062347412,-0.867904663,-0.795043945,-1.057846069,-0.942855835,-0.782592773,-0.963562012,-0.886901855,-0.838317871,-1.020553589,-0.944366455,1
-0.704391479,-0.987792969,-0.973953247,-0.783950806,-0.909194946,-0.929656982,-0.734436035,-0.932754517,-0.885604858,-0.760406494,-1.067321777,-0.896438599,1
-1.057891846,-0.8722229,-0.863922119,-1.038116455,-0.99017334,-0.833724976,-0.778137207,-0.713790894,-0.513809204,-0.582397461,-0.598800659,-0.519165039,1
-0.898590088,-0.770080566,-1.053039551,-0.899642944,-0.778625488,-1.064300537,-0.862228394,-0.727172852,-0.996185303,-0.989776611,-0.768218994,-1.071670532,1
-0.898406982,-1.144775391,-0.908554077,-0.781936646,-1.152450562,-0.888809204,-0.861114502,-1.303253174,-0.832641602,-0.788635254,-1.140716553,-0.790512085,1
-0.874404907,-1.110046387,-0.87928772,-0.856323242,-1.027755737,-0.887161255,-0.771514893,-1.144500732,-0.924942017,-0.818634033,-1.052780151,-0.848251343,1
-1.329421997,-0.828155518,-0.87979126,-1.092285156,-0.914794922,-0.806304932,-1.024887085,-1.02432251,-0.849761963,-1.046630859,-1.363037109,-0.63130188,1
-0.848678589,-0.96685791,-1.057388306,-0.852416992,-0.863388062,-1.118240356,-0.980728149,-0.858261108,-1.074523926,-0.837463379,-0.83934021,-1.067306519,1
-1.230148315,-0.79888916,-0.606903076,-1.213150024,-1.122085571,-1.419403076,-1.208908081,-0.797348022,-0.422515869,-1.289611816,-1.071212769,-1.222503662,0
-0.946685791,-0.829345703,-0.988418579,-0.922622681,-0.88180542,-1.155426025,-0.920455933,-0.812316895,-1.236419678,-0.870132446,-0.819015503,-1.439544678,0
-0.870574951,-0.738571167,-0.944381714,-0.865081787,-0.7525177,-0.96005249,-0.861877441,-0.753829956,-1.024551392,-0.972427368,-0.823760986,-0.948822021,1
-1.023666382,-0.871856689,-0.881454468,-1.270095825,-0.784362793,-0.89012146,-0.945953369,-1.083526611,-0.836761475,-0.992401123,-1.049697876,-0.856124878,1
-1.029571533,-0.859420776,-0.911682129,-1.012329102,-0.614105225,-1.122055054,-1.013931274,-0.765625,-1.121292114,-0.884567261,-0.740539551,-0.977371216,1
-0.810638428,-1.423095703,-0.83203125,-0.807647705,-1.196975708,-0.800048828,-0.783081055,-1.369934082,-0.823669434,-0.756759644,-1.297531128,-0.80821228,1
-0.795547485,-1.059249878,-0.792617798,-0.822952271,-1.184356689,-0.85508728,-0.774963379,-1.143585205,-0.813446045,-0.9243927,-1.31918335,-0.79447937,1
-1.042770386,-0.902618408,-0.919708252,-1.020004272,-0.922302246,-0.766113281,-1.124221802,-0.84677124,-0.952224731,-1.225128174,-0.89263916,-0.834793091,1
-1.281387329,-0.784515381,-0.830490112,-1.151397705,-0.708190918,-0.902908325,-1.013931274,-0.740325928,-0.943817139,-0.943283081,-0.685180664,-0.932861328,1
-0.984359741,-0.816986084,-1.074676514,-0.859191895,-0.786346436,-0.99949646,-0.975448608,-0.823623657,-1.08265686,-0.946685791,-0.829345703,-0.988418579,1
-1.07144165,-0.922088623,-1.016845703,-0.962234497,-0.915115356,-0.900268555,-0.959213257,-1.145355225,-0.955688477,-0.868148804,-1.024505615,-0.863128662,1
-0.922622681,-0.88180542,-1.155426025,-0.920455933,-0.812316895,-1.236419678,-0.870132446,-0.819015503,-1.439544678,-0.879104614,-0.793411255,-1.265213013,1
-0.865570068,-0.927261353,-1.125228882,-0.904708862,-0.798171997,-1.05645752,-0.951599121,-0.8384552,-0.883850098,-1.117050171,-0.952285767,-0.8175354,0
-1.070159912,-0.782043457,-0.897659302,-1.066055298,-0.71383667,-0.914413452,-1.06791687,-0.697799683,-0.886688232,-0.981582642,-0.783416748,-0.936004639,1
-0.894454956,-0.807327271,-1.411346436,-0.841018677,-0.850967407,-1.232711792,-0.740814209,-0.926055908,-1.187194824,-0.735412598,-0.862579346,-1.021743774,1
-0.897506714,-1.496307373,-1.030380249,-1.548233032,-1.043380737,-0.693466187,-0.544906616,-1.44619751,-0.806167603,-1.380493164,-1.007492065,-0.439666748,0
-0.912231445,-1.185317993,-0.804779053,-0.776611328,-1.132461548,-0.783721924,-0.858551025,-1.209518433,-0.852416992,-0.774368286,-1.138183594,-0.82144165,1
-0.763046265,-0.924057007,-0.80506897,-1.109634399,-0.812561035,-0.824935913,-1.349609375,-0.863296509,-0.823410034,-1.054931641,-0.673583984,-0.877609253,1
-0.850921631,-0.835800171,-1.014968872,-0.807006836,-0.787536621,-0.927780151,-0.796905518,-0.971679688,-0.920440674,-1.370239258,-0.907485962,-0.903411865,1
-0.659133911,-1.016708374,-0.965194702,-0.719512939,-1.147369385,-0.955825806,-0.763580322,-1.062271118,-0.984329224,-0.810775757,-1.0572052,-0.901184082,1
-0.959945679,-0.747772217,-0.998046875,-0.969024658,-0.773544312,-0.968429565,-1.019119263,-0.766952515,-0.896820068,-0.927429199,-0.800827026,-1.006103516,1
-0.814071655,-1.070648193,-0.889846802,-0.803146362,-1.060317993,-0.882125854,-0.812683105,-1.03338623,-0.849502563,-0.827682495,-1.027709961,-0.837982178,1
-1.091003418,-1.282516479,-0.642715454,-0.464385986,-1.452636719,-1.040298462,-1.086181641,-1.061553955,-1.36265564,-0.676055908,-0.368362427,-1.519577026,0
-0.577850342,-1.27243042,-0.844192505,-1.140686035,-1.176376343,-0.86328125,-0.724273682,-1.275772095,-0.891265869,-1.37449646,-0.948822021,-0.409942627,0
-0.894958496,-0.796066284,-1.29574585,-0.768615723,-0.928771973,-1.293823242,-0.784378052,-0.858596802,-0.988494873,-0.868209839,-1.038879395,-1.354766846,1
-0.943283081,-0.685180664,-0.932861328,-1.057662964,-0.707382202,-0.953186035,-1.002883911,-0.703979492,-1.017608643,-0.917144775,-0.706802368,-1.014480591,0
-0.902984619,-1.055099487,-0.831985474,-0.8331604,-0.998519897,-0.911407471,-0.790908813,-0.948760986,-1.107757568,-0.899124146,-0.879425049,-1.00944519,1
-0.756759644,-1.297531128,-0.80821228,-0.737380981,-1.193618774,-0.715515137,-0.914932251,-1.043273926,-0.650909424,-0.941467285,-1.038772583,-0.688735962,0
-0.932571411,-0.782089233,-0.963653564,-0.938308716,-0.759918213,-1.022018433,-0.975982666,-0.762329102,-0.980606079,-0.925460815,-0.840942383,-0.926193237,1
-0.888778687,-0.81237793,-1.208511353,-0.919296265,-0.804092407,-1.228820801,-0.906890869,-0.808563232,-0.988632202,-0.836929321,-0.872253418,-1.037445068,0
-1.184631348,-0.733215332,-0.841247559,-1.066482544,-0.822387695,-0.899215698,-1.075424194,-0.88230896,-0.872451782,-0.966842651,-0.883041382,-0.809020996,1
-1.076919556,-0.895767212,-0.908447266,-1.287017822,-0.889389038,-0.801177979,-1.12562561,-0.987121582,-0.809402466,-1.306304932,-0.905044556,-0.753601074,1
-1.014022827,-0.397369385,-0.950012207,-1.416900635,-0.685974121,-1.47277832,-1.285049438,-0.747802734,-0.666793823,-1.271911621,-0.910812378,-1.404251099,0
-1.236114502,-0.897994995,-0.762191772,-1.122589111,-0.95123291,-0.807769775,-1.181976318,-0.907913208,-0.799301147,-1.22479248,-0.837539673,-0.82951355,1
-0.959671021,-0.693267822,-1.051193237,-0.904953003,-0.787155151,-1.040237427,-0.942352295,-0.783355713,-1.157012939,-0.913711548,-0.77305603,-1.127655029,1
-0.792709351,-0.892807007,-1.084609985,-0.817672729,-0.806640625,-0.946060181,-0.834442139,-0.807617188,-0.967208862,-0.999282837,-0.928924561,-0.90713501,0
-0.966812134,-0.942337036,-0.937454224,-1.053695679,-0.735748291,-0.892837524,-0.872421265,-0.958267212,-0.908248901,-0.903991699,-1.027084351,-0.878768921,0
-0.787017822,-1.095733643,-0.806350708,-0.930755615,-1.325393677,-0.805740356,-0.798629761,-1.227371216,-0.756286621,-0.909011841,-1.275726318,-0.760971069,1
-0.848144531,-0.813934326,-1.033401489,-0.879898071,-0.830169678,-1.028549194,-0.762878418,-0.803985596,-1.07824707,-0.930236816,-0.775222778,-0.90461731,1
-0.785644531,-1.008178711,-0.979873657,-0.745025635,-1.058502197,-1.014282227,-0.754272461,-1.005081177,-0.987930298,-0.78666687,-0.999465942,-1.0078125,1
-1.060043335,-0.914718628,-0.819229126,-0.972061157,-0.948455811,-0.81918335,-0.927963257,-0.960250854,-0.848800659,-0.950241089,-0.988983154,-0.860031128,0
-0.788513184,-0.947723389,-0.69821167,-1.02897644,-0.956726074,-0.760620117,-0.893783569,-0.908737183,-0.731674194,-1.13180542,-0.992416382,-0.671875,1
-0.810440063,-1.005859375,-0.860183716,-0.868652344,-1.013839722,-0.769836426,-0.827301025,-0.840667725,-0.994979858,-0.845932007,-0.889648438,-1.003860474,0
-0.891601563,-1.110122681,-0.893005371,-0.896347046,-0.985733032,-0.842651367,-0.934143066,-0.839324951,-0.941223145,-0.937347412,-0.870040894,-0.980453491,1
-0.843597412,-0.987167358,-0.905090332,-0.80581665,-1.027160645,-0.950241089,-0.835845947,-0.99041748,-0.997314453,-0.78817749,-0.8931427,-1.233703613,0
-1.037994385,-0.96194458,-0.829269409,-0.950119019,-1.069320679,-0.828720093,-1.021072388,-1.024688721,-0.743621826,-0.932495117,-1.121932983,-0.883102417,0
-1.00680542,-0.720230103,-0.924942017,-1.146148682,-0.781234741,-0.855300903,-0.929092407,-0.732376099,-0.932418823,-1.084396362,-0.838012695,-0.877471924,1
0.158981323,-0.594711304,-1.384094238,-1.277694702,-1.177352905,-1.209976196,-0.706512451,-0.682739258,-1.286682129,-0.849716187,-1.387130737,-1.082260132,0
-0.870529175,-0.734008789,-0.951919556,-1.030136108,-0.730789185,-1.035934448,-0.897277832,-0.772521973,-0.993713379,-0.973251343,-0.780349731,-0.982559204,1
-0.857116699,-0.916244507,-0.952224731,-0.892074585,-0.849975586,-0.960754395,-0.956893921,-0.93888855,-1.091064453,-0.831863403,-0.848068237,-1.269302368,1
-0.775604248,-0.980407715,-0.742858887,-1.060775757,-1.029769897,-0.697418213,-1.022277832,-1.00567627,-0.766799927,-1.032669067,-0.952331543,-0.69631958,0
-0.753036499,-1.274215698,-0.834365845,-0.895431519,-1.191268921,-1.113876343,-0.748474121,-0.766448975,-0.783538818,-1.215072632,-0.844314575,-1.332824707,0
-0.573471069,-0.938247681,-1.045501709,-1.069274902,-1.182479858,-0.854187012,-0.6355896,-0.742385864,-1.103485107,-1.048278809,-1.103744507,-0.836700439,0
-0.926116943,-0.828689575,-0.900802612,-0.95916748,-0.901733398,-0.902175903,-1.336044312,-1.002319336,-0.870727539,-1.221557617,-0.891937256,-0.848587036,1
-0.989776611,-0.768218994,-1.071670532,-0.870529175,-0.734008789,-0.951919556,-1.030136108,-0.730789185,-1.035934448,-0.897277832,-0.772521973,-0.993713379,0
-0.913284302,-0.812271118,-0.991790771,-0.905456543,-0.775665283,-1.018127441,-1.016174316,-0.907577515,-0.924987793,-0.897766113,-0.848403931,-1.011077881,1
-0.80027771,-1.004333496,-1.236679077,-0.686447144,-0.893844604,-1.2603302,-0.797073364,-0.858474731,-1.356140137,-0.769012451,-0.938247681,-1.140167236,0
-1.036392212,-0.961654663,-0.85559082,-1.037628174,-0.961456299,-0.801742554,-1.055618286,-0.816680908,-0.749145508,-0.970443726,-0.858413696,-0.81388855,0
-0.7368927,-0.967712402,-0.945144653,-0.807281494,-1.014694214,-0.933776855,-0.768737793,-1.048370361,-0.957702637,-0.788070679,-1.10723877,-0.932632446,1
-1.305953979,-0.841842651,-0.815231323,-1.017654419,-0.897094727,-0.869750977,-1.304077148,-0.827346802,-0.819351196,-1.16607666,-1.016235352,-0.790924072,0
-0.922195435,-1.279327393,-0.755523682,-0.834671021,-1.08895874,-0.702804565,-0.912521362,-1.061782837,-0.723739624,-0.981079102,-0.92010498,-0.762359619,1
-0.866668701,-0.895782471,-1.077957153,-0.868408203,-0.810379028,-1.204498291,-0.82585144,-0.85206604,-1.052597046,-0.867279053,-0.822647095,-1.126953125,0
-0.8984375,-1.051498413,-0.86100769,-0.815231323,-1.00843811,-0.876235962,-0.754623413,-0.988586426,-0.971054077,-0.885055542,-0.927246094,-1.008956909,1
-0.880508423,-1.328857422,-0.797271729,-0.789123535,-1.267456055,-0.717666626,-0.939239502,-1.240280151,-0.777267456,-0.885055542,-1.277175903,-0.827331543,1
-0.898666382,-0.904769897,-0.936386108,-1.039840698,-0.798370361,-0.887451172,-1.197616577,-0.876052856,-0.822677612,-1.012878418,-0.897232056,-0.851257324,1
-0.878005981,-0.876571655,-1.22567749,-0.978546143,-0.853927612,-1.165115356,-0.915847778,-0.868515015,-1.059844971,-0.855117798,-0.875274658,-0.9659729,1
-1.20173645,-0.795425415,-0.929962158,-0.996353149,-0.829803467,-0.902572632,-1.187438965,-0.814575195,-0.871444702,-1.208023071,-0.804168701,-0.84715271,1
-1.274642944,-1.411590576,-0.811767578,-0.86618042,-1.175369263,-0.949859619,-0.804748535,-1.129806519,-0.921173096,-0.76600647,-1.040817261,-0.948532104,1
-0.933654785,-0.920516968,-0.96144104,-0.948532104,-0.838928223,-0.980010986,-0.967605591,-0.768157959,-1.010620117,-1.009994507,-1.055587769,-0.788360596,0
-0.853759766,-1.050796509,-0.98890686,-0.843811035,-1.06427002,-0.900863647,-0.785003662,-1.067230225,-0.951660156,-0.762496948,-0.999450684,-0.990585327,0
-1.101333618,-0.791183472,-0.913864136,-1.196670532,-0.826660156,-0.866409302,-1.108230591,-0.707641602,-0.898574829,-0.861999512,-0.784210205,-0.896331787,1
-1.07119751,-0.796905518,-0.89704895,-1.198471069,-0.83833313,-0.836578369,-1.117523193,-0.758117676,-0.945053101,-1.231826782,-0.830673218,-1.23840332,1
-1.034332275,-0.890487671,-0.782852173,-0.994110107,-0.843978882,-0.806381226,-1.016555786,-0.900604248,-0.857681274,-0.960723877,-0.892654419,-0.938262939,0
-0.893936157,-0.818908691,-1.067962646,-0.860549927,-0.809844971,-1.02583313,-0.984466553,-0.845169067,-0.980056763,-0.920135498,-0.763015747,-0.963745117,1
-0.825836182,-1.076324463,-0.866500854,-0.790893555,-1.164611816,-0.803710938,-0.791564941,-1.040023804,-0.894165039,-0.810043335,-0.960632324,-1.005783081,1
-0.866271973,-1.282470703,-0.837417603,-0.861312866,-1.198486328,-0.900421143,-0.84942627,-1.360229492,-0.84954834,-0.831619263,-1.254608154,-0.783935547,0
-0.841918945,-1.025787354,-0.883468628,-0.814071655,-1.070648193,-0.889846802,-0.803146362,-1.060317993,-0.882125854,-0.812683105,-1.03338623,-0.849502563,0
-0.99206543,-1.200378418,-1.080032349,-1.204559326,-0.545471191,-0.753860474,-1.355743408,-0.761077881,-0.983093262,-1.106399536,-1.090911865,-0.59362793,0
-0.818954468,-0.890823364,-1.074081421,-0.874053955,-0.821334839,-1.054855347,-0.885177612,-0.787185669,-1.096954346,-0.830154419,-0.781204224,-1.006256104,0
-0.874053955,-0.821334839,-1.054855347,-0.885177612,-0.787185669,-1.096954346,-0.830154419,-0.781204224,-1.006256104,-0.987915039,-0.801712036,-0.939682007,1
-1.07258606,-0.922073364,-0.718597412,-1.141952515,-0.926956177,-0.744277954,-1.082763672,-0.914810181,-0.803344727,-0.990447998,-0.90246582,-0.77897644,0
-1.227249146,-0.747955322,-0.930587769,-1.149551392,-0.669509888,-0.938751221,-0.994125366,-0.727218628,-1.02331543,-0.924194336,-0.709671021,-1.02935791,0
-0.919296265,-0.804092407,-1.228820801,-0.906890869,-0.808563232,-0.988632202,-0.836929321,-0.872253418,-1.037445068,-0.864776611,-0.759338379,-1.099395752,1
-0.68321228,-0.99395752,-1.062698364,-0.793106079,-0.874450684,-1.047729492,-0.776870728,-0.872817993,-1.020294189,-0.783615112,-0.962585449,-0.917633057,1
-1.067260742,-0.758804321,-1.019515991,-0.966873169,-0.825744629,-1.005004883,-0.826416016,-0.921768188,-0.907623291,-0.895507813,-0.957931519,-0.862945557,1
-0.98550415,-1.225631714,-0.922668457,-1.292861938,-1.252349854,-0.60836792,-0.631164551,-1.614822388,-0.67010498,-1.363861084,-0.994171143,-0.810806274,0
-0.898788452,-0.750534058,-1.027038574,-0.890838623,-0.710968018,-1.092697144,-0.931610107,-0.742752075,-1.014144897,-0.910263062,-0.807922363,-1.075775146,1
-0.948013306,-0.842437744,-1.09854126,-0.895950317,-0.874832153,-1.033172607,-0.9165802,-0.872085571,-1.075439453,-1.003463745,-0.83543396,-1.033355713,0
-0.88168335,-0.843185425,-0.952789307,-0.989761353,-0.842605591,-1.079605103,-0.936050415,-0.88369751,-1.02494812,-0.940109253,-0.838623047,-1.081115723,1
-0.848617554,-1.067611694,-0.874893188,-0.857589722,-1.03276062,-0.955062866,-0.777801514,-1.176437378,-0.911193848,-0.867034912,-1.331863403,-0.879653931,1
-0.910568237,-0.734130859,-1.001998901,-0.808990479,-0.75038147,-0.989746094,-0.910797119,-0.699157715,-1.076461792,-0.912582397,-0.73777771,-1.03414917,1
-0.942489624,-0.886398315,-0.745452881,-1.037841797,-0.897537231,-0.811233521,-0.900085449,-0.978042603,-0.741470337,-1.057647705,-0.960830688,-0.727371216,1
-0.980224609,-0.928009033,-0.77255249,-1.012084961,-0.917572021,-0.72328186,-0.949752808,-1.03414917,-0.838912964,-0.877746582,-1.244003296,-0.924972534,1
-0.720687866,-1.121643066,-0.97769165,-0.776657104,-1.036453247,-0.952697754,-0.81237793,-1.060546875,-0.91204834,-0.79788208,-1.009628296,-0.969039917,1
-1.017654419,-0.897094727,-0.869750977,-1.304077148,-0.827346802,-0.819351196,-1.16607666,-1.016235352,-0.790924072,-0.967529297,-0.939575195,-0.765930176,1
-1.010955811,-0.772491455,-1.066833496,-0.898788452,-0.750534058,-1.027038574,-0.890838623,-0.710968018,-1.092697144,-0.931610107,-0.742752075,-1.014144897,0
-0.838775635,-1.007080078,-0.907424927,-0.824615479,-1.028045654,-0.854949951,-0.816818237,-0.999938965,-0.853485107,-0.841918945,-1.025787354,-0.883468628,1
-0.739486694,-0.855758667,-1.175567627,-0.799819946,-0.825469971,-1.118789673,-0.830535889,-0.837127686,-0.92616272,-0.830810547,-0.794174194,-1.008560181,1
-1.242904663,-0.867843628,-0.849487305,-1.331359863,-0.786437988,-0.753326416,-1.297592163,-0.83972168,-0.790161133,-1.273696899,-0.892852783,-0.774993896,0
-0.911911011,-0.81161499,-0.977905273,-1.022186279,-0.808364868,-0.918945313,-1.076873779,-0.822647095,-0.900787354,-1.189559937,-0.95552063,-0.842422485,0
-0.835342407,-1.032958984,-0.915664673,-0.839004517,-1.009124756,-0.948974609,-0.738647461,-1.156204224,-0.893005371,-0.860641479,-1.177337646,-0.873291016,1
-0.856781006,-0.823364258,-1.316497803,-0.694213867,-0.972366333,-1.045166016,-0.643203735,-1.091552734,-1.009094238,-0.649291992,-1.066665649,-1.028488159,1
-1.160293579,-0.981643677,-0.857818604,-1.238998413,-0.813354492,-0.856628418,-1.302276611,-0.820907593,-0.750534058,-1.109237671,-0.772613525,-0.922698975,1
-0.942337036,-1.524703979,-0.840591431,-1.372573853,-1.085250854,-0.947509766,-0.553451538,-1.074676514,-1.077438354,-0.938980103,-0.690490723,-1.084121704,0
-0.793945313,-1.052398682,-0.806945801,-0.763900757,-1.040863037,-0.901397705,-0.736358643,-1.052963257,-0.875335693,-0.790084839,-0.973373413,-0.963806152,0
-0.809539795,-1.006988525,-0.980773926,-0.798294067,-0.947265625,-1.002838135,-0.820541382,-0.886901855,-1.068664551,-0.719726563,-0.984649658,-1.069473267,0
-0.812210083,-1.187759399,-0.843673706,-0.798065186,-1.168395996,-0.832489014,-0.848754883,-1.230743408,-0.810012817,-0.811050415,-1.125701904,-0.745330811,1
-1.07875061,-0.726882935,-0.965377808,-1.124588013,-0.761932373,-0.913040161,-1.03742981,-0.776657104,-0.917144775,-1.16317749,-0.809005737,-0.875320435,1
-0.818008423,-1.076553345,-0.962905884,-0.819168091,-1.114929199,-0.814041138,-1.092208862,-0.905136108,-1.075485229,-0.763580322,-1.00201416,-0.845199585,0
-0.854095459,-0.938919067,-1.189315796,-0.912414551,-0.811935425,-1.205505371,-0.832473755,-0.874160767,-1.10774231,-0.782897949,-0.873931885,-1.161300659,0
-0.948654175,-1.097579956,-0.869354248,-0.920394897,-0.958908081,-0.791412354,-0.957763672,-0.940734863,-0.838027954,-0.980194092,-0.957748413,-0.804916382,1
-1.030395508,-0.667388916,-0.727783203,-1.137664795,-0.760147095,-1.086135864,-1.029586792,-1.168029785,-0.677810669,-0.67729187,-0.947540283,-0.978088379,0
-0.778717041,-1.097717285,-0.854064941,-0.838363647,-0.820114136,-1.006118774,-0.967346191,-1.038696289,-0.918060303,-0.765167236,-0.737045288,-0.962219238,1
-0.987915039,-0.801712036,-0.939682007,-1.09463501,-0.7915802,-0.888916016,-1.225234985,-0.862442017,-0.830978394,-1.177978516,-0.880630493,-0.841064453,0
-0.809829712,-0.891723633,-1.167251587,-0.840713501,-0.830566406,-1.146820068,-0.880584717,-0.89390564,-1.177703857,-0.874298096,-0.839263916,-1.138275146,1
-0.824447632,-1.005813599,-0.829162598,-0.820007324,-1.005172729,-0.883071899,-0.821655273,-0.930862427,-0.982345581,-0.743225098,-0.882461548,-1.118164063,1
-0.858947754,-1.204864502,-0.916595459,-0.854354858,-0.997116089,-0.915359497,-0.869445801,-1.000549316,-0.881729126,-0.867034912,-0.929901123,-0.895492554,1
-0.68208313,-0.810073853,-0.998001099,-1.132766724,-1.173675537,-0.861984253,-0.661209106,-0.738632202,-1.222427368,-0.987228394,-1.194992065,-0.936233521,0
-0.837265015,-0.822647095,-0.895462036,-1.195343018,-0.82611084,-0.839660645,-1.167831421,-0.760238647,-0.884094238,-1.127731323,-0.868606567,-0.853256226,1
-0.708175659,-1.349334717,-0.772232056,-0.911483765,-1.347900391,-0.866409302,-0.794525146,-1.191833496,-0.772994995,-0.940505981,-1.288742065,-0.852722168,1
-0.826461792,-0.951675415,-0.874649048,-0.848678589,-0.96685791,-1.057388306,-0.852416992,-0.863388062,-1.118240356,-0.980728149,-0.858261108,-1.074523926,0
-0.730194092,-0.998672485,-0.987167358,-0.721923828,-1.028533936,-0.920684814,-0.750198364,-1.05758667,-0.879699707,-0.825927734,-1.10635376,-0.911117554,1
-0.857803345,-0.925918579,-0.937683105,-0.899749756,-0.932785034,-1.068603516,-0.864700317,-0.845672607,-1.00390625,-0.932632446,-0.940551758,-1.031829834,1
-0.853622437,-1.093963623,-0.935394287,-0.811309814,-1.04119873,-0.923736572,-0.852142334,-1.004394531,-0.896179199,-0.798324585,-1.022567749,-0.923980713,1
-0.809188843,-0.853485107,-1.086074829,-0.861816406,-0.799606323,-1.094116211,-0.87109375,-0.802703857,-1.11340332,-0.848205566,-0.794006348,-1.147781372,0
-0.809875488,-1.127182007,-0.796646118,-0.936889648,-0.884994507,-0.651428223,-0.929168701,-1.033493042,-0.684799194,-1.07611084,-0.946975708,-0.85597229,1
-0.622085571,-1.122177124,-0.936355591,-0.77281189,-0.993743896,-0.93560791,-0.812667847,-1.087631226,-0.874481201,-0.737121582,-1.33454895,-0.805038452,1
-1.271652222,-0.777877808,-0.882904053,-1.281387329,-0.784515381,-0.830490112,-1.151397705,-0.708190918,-0.902908325,-1.013931274,-0.740325928,-0.943817139,0
-0.877746582,-1.244003296,-0.924972534,-0.80039978,-1.373977661,-0.871047974,-0.875305176,-1.137069702,-0.901824951,-0.892242432,-1.11769104,-0.932098389,0
-0.891830444,-0.864685059,-1.087844849,-0.926116943,-0.828689575,-0.900802612,-0.95916748,-0.901733398,-0.902175903,-1.336044312,-1.002319336,-0.870727539,0
-0.908721924,-0.990600586,-1.008804321,-0.878051758,-1.082168579,-0.915924072,-0.824234009,-1.083465576,-0.94543457,-0.852325439,-1.026977539,-0.866958618,0
-0.913635254,-0.779785156,-0.822662354,-1.274642944,-1.411590576,-0.811767578,-0.86618042,-1.175369263,-0.949859619,-0.804748535,-1.129806519,-0.921173096,0
-1.099853516,-0.975265503,-0.765380859,-1.091506958,-0.89225769,-0.732116699,-1.063034058,-1.017379761,-0.823501587,-1.014251709,-0.945343018,-0.852142334,1
-0.872909546,-0.871627808,-1.204498291,-0.890960693,-0.722610474,-1.168273926,-0.93296814,-0.82862854,-1.153106689,-0.907852173,-0.866516113,-1.002593994,0
-1.078445435,-0.859161377,-0.784866333,-1.01020813,-0.963134766,-0.822418213,-0.974700928,-1.121994019,-0.774139404,-0.897232056,-1.279876709,-0.832992554,1
-0.812057495,-0.833786011,-0.978103638,-1.108779907,-0.858947754,-0.890625,-0.97517395,-0.907943726,-0.859054565,-0.966812134,-0.942337036,-0.937454224,1
-1.037628174,-0.961456299,-0.801742554,-1.055618286,-0.816680908,-0.749145508,-0.970443726,-0.858413696,-0.81388855,-0.994659424,-1.008712769,-0.821548462,1
-1.306304932,-0.905044556,-0.753601074,-1.277984619,-0.785171509,-0.89012146,-1.352081299,-0.783447266,-0.867004395,-1.20475769,-0.78288269,-0.988449097,0
-1.122787476,-0.940261841,-0.85949707,-0.938964844,-1.310852051,-0.795059204,-0.859146118,-1.368484497,-0.906661987,-0.869506836,-1.085464478,-0.925857544,1
-0.818862915,-0.96546936,-1.081863403,-0.823959351,-0.862533569,-1.062026978,-0.827194214,-0.934249878,-1.085586548,-0.810714722,-0.896606445,-1.135559082,1
-0.820877075,-1.128616333,-0.801605225,-0.886138916,-1.180221558,-0.828430176,-0.906158447,-1.024368286,-0.935394287,-0.856292725,-1.249099731,-0.950485229,1
-0.950195313,-0.829116821,-0.944747925,-1.023666382,-0.871856689,-0.881454468,-1.270095825,-0.784362793,-0.89012146,-0.945953369,-1.083526611,-0.836761475,0
-0.870864868,-0.905792236,-0.682250977,-0.991348267,-0.89666748,-0.800415039,-0.96913147,-0.928604126,-0.819259644,-1.332931519,-0.726272583,-0.908111572,1
-0.848312378,-0.884674072,-0.946136475,-0.947601318,-0.844451904,-0.897888184,-1.084777832,-0.915512085,-0.843429565,-1.0806427,-0.821060181,-0.846847534,0
-1.09463501,-0.7915802,-0.888916016,-1.225234985,-0.862442017,-0.830978394,-1.177978516,-0.880630493,-0.841064453,-1.03036499,-0.856033325,-0.846496582,1
-0.960647583,-0.865905762,-0.886688232,-1.072998047,-0.888076782,-0.948913574,-0.900924683,-0.912765503,-0.944747925,-1.034225464,-1.094970703,-0.930923462,1
-0.690383911,-0.65246582,-0.985351563,-1.16116333,-1.177368164,-1.016052246,-0.675842285,-0.78793335,-1.126419067,-1.107910156,-1.08380127,-0.960784912,0
-0.864135742,-0.843597412,-1.092712402,-0.898666382,-0.904769897,-0.936386108,-1.039840698,-0.798370361,-0.887451172,-1.197616577,-0.876052856,-0.822677612,0
-1.297348022,-0.915176392,-0.803970337,-1.047470093,-0.899963379,-0.796707153,-1.071777344,-0.899169922,-0.79876709,-1.060592651,-0.977996826,-0.791427612,0
-0.85383606,-1.217056274,-0.8203125,-1.30947876,-0.874923706,-0.533294678,-1.007492065,-1.147613525,-1.682998657,-1.568283081,-1.111633301,-0.568359375,0
-1.068054199,-0.936935425,-0.83505249,-1.135131836,-0.913040161,-0.800857544,-1.170883179,-0.867767334,-0.845657349,-1.305953979,-0.841842651,-0.815231323,1
-0.744430542,-0.931030273,-0.954574585,-0.805801392,-0.896347046,-0.883804321,-0.79385376,-0.995986938,-1.091567993,-0.818008423,-1.076553345,-0.962905884,1
-1.128112793,-0.993011475,-0.749740601,-1.106582642,-0.962356567,-0.723678589,-1.054046631,-0.921875,-0.8099823,-1.063232422,-0.915405273,-0.770217896,0
-1.15562439,-0.924636841,-0.795440674,-1.070343018,-0.906677246,-0.884552002,-1.063400269,-0.884262085,-0.828933716,-1.037750244,-0.966156006,-0.829360962,1
-1.025192261,-0.77835083,-0.856750488,-1.135391235,-0.778121948,-0.907730103,-1.055831909,-0.824035645,-0.893936157,-1.185348511,-0.839279175,-0.848739624,1
-1.051086426,-0.775360107,-0.890014648,-1.020812988,-0.723022461,-1.016265869,-1.155029297,-0.776367188,-0.820663452,-1.265533447,-0.698455811,-0.951980591,1
-0.838684082,-1.039794922,-0.91569519,-0.838775635,-1.007080078,-0.907424927,-0.824615479,-1.028045654,-0.854949951,-0.816818237,-0.999938965,-0.853485107,0
-0.917495728,-1.38772583,-0.773330688,-0.863540649,-1.256713867,-0.826049805,-0.895477295,-1.319381714,-0.879669189,-0.880355835,-1.34664917,-0.871810913,1
-0.874954224,-0.745651245,-1.123504639,-0.804397583,-0.891555786,-1.043716431,-0.823898315,-0.844085693,-0.949966431,-0.997802734,-0.833770752,-0.971115112,1
-1.263717651,-0.86630249,-0.890945435,-1.095687866,-0.899368286,-0.856826782,-1.011520386,-0.935897827,-0.790145874,-1.297348022,-0.915176392,-0.803970337,1
-1.002212524,-0.955505371,-0.868484497,-1.075027466,-0.882675171,-0.819549561,-1.041259766,-0.984390259,-0.813552856,-0.957168579,-0.979400635,-0.778762817,1
-1.106582642,-0.962356567,-0.723678589,-1.054046631,-0.921875,-0.8099823,-1.063232422,-0.915405273,-0.770217896,-1.07258606,-0.922073364,-0.718597412,1
-0.850662231,-0.912811279,-1.217803955,-0.860778809,-0.865219116,-1.000839233,-0.801528931,-0.837799072,-1.036987305,-0.950195313,-0.829116821,-0.944747925,1
-0.824005127,-0.927536011,-1.120941162,-0.895904541,-0.843200684,-1.003768921,-0.857254028,-0.872879028,-0.980239868,-0.838241577,-0.88470459,-0.933059692,1
-0.943664551,-0.763916016,-0.857757568,-1.215652466,-0.797515869,-0.84085083,-1.047119141,-0.829559326,-0.916152954,-0.87286377,-0.831970215,-0.890136719,1
-1.057662964,-0.707382202,-0.953186035,-1.002883911,-0.703979492,-1.017608643,-0.917144775,-0.706802368,-1.014480591,-1.010955811,-0.772491455,-1.066833496,1
-0.830551147,-1.30317688,-0.84161377,-0.840667725,-1.24911499,-0.857772827,-0.804641724,-1.072723389,-0.90512085,-0.831237793,-1.079421997,-0.901000977,1
-0.861312866,-1.198486328,-0.900421143,-0.84942627,-1.360229492,-0.84954834,-0.831619263,-1.254608154,-0.783935547,-0.846572876,-1.357330322,-0.842834473,1
-0.678909302,-0.685211182,-1.280975342,-0.804031372,-1.150756836,-1.212768555,-0.901489258,-0.493637085,-1.106964111,-1.389129639,-0.965042114,-1.202255249,0
-0.897232056,-1.279876709,-0.832992554,-0.830551147,-1.30317688,-0.84161377,-0.840667725,-1.24911499,-0.857772827,-0.804641724,-1.072723389,-0.90512085,0
-1.012878418,-0.897232056,-0.851257324,-1.104766846,-0.782836914,-0.941101074,-0.948120117,-1.084121704,-0.884719849,-0.869888306,-1.107498169,-0.92288208,0
-0.737380981,-1.193618774,-0.715515137,-0.914932251,-1.043273926,-0.650909424,-0.941467285,-1.038772583,-0.688735962,-1.128112793,-0.993011475,-0.749740601,1