0.023193359,0.028823853,0.056732178,0.096328735,0.067047119,0.065872192,-0.016815186,-0.004867554,0.174377441,0.373260498,0.204696655,0.379272461,1
0.166900635,0.287200928,0.261657715,0.11618042,0.277740479,0.328704834,0.204421997,0.184661865,0.317077637,0.147018433,0.226486206,0.338790894,1
0.226226807,0.309127808,0.269363403,0.242218018,0.305267334,0.304870605,0.280166626,0.245376587,0.180145264,0.245864868,0.254959106,0.338012695,1
0.272094727,0.255737305,0.208206177,0.130081177,0.218292236,0.199874878,0.261276245,0.172714233,0.153244019,0.120437622,0.290710449,0.294509888,0
0.273391724,0.294616699,0.234100342,0.330169678,0.374465942,0.191421509,0.30065918,0.301635742,0.188293457,0.159805298,0.225830078,0.196044922,0
0.272720337,0.246017456,0.145248413,0.163330078,0.184387207,0.13269043,0.237045288,0.240966797,0.183578491,0.161834717,0.147598267,0.102813721,0
0.152908325,0.379760742,0.274185181,0.139572144,0.273117065,0.258926392,0.154525757,0.251846313,0.345672607,0.115264893,0.286239624,0.224304199,0
0.28956604,0.155517578,0.162124634,0.104660034,0.231704712,0.223007202,0.356628418,0.285324097,0.150741577,0.191696167,0.367126465,0.230743408,1
0.223876953,0.18031311,0.162521362,0.222885132,0.142944336,0.077987671,0.293487549,0.19178772,0.082443237,0.16758728,0.149230957,0.120635986,0
0.235153198,0.225219727,0.251358032,0.476165771,0.384597778,0.398468018,0.298675537,0.220474243,0.093429565,0.357833862,0.301727295,0.183700562,1
0.39932251,0.309646606,0.227935791,0.373962402,0.244277954,0.15397644,0.268096924,0.348632813,0.276290894,0.289505005,0.238769531,0.242919922,0
0.329162598,0.26399231,0.242752075,0.132247925,0.185287476,0.135192871,0.324127197,0.180297852,0.301101685,0.068908691,0.174118042,0.1431427,1
0.127029419,0.016326904,0.101821899,0.19883728,0.10723877,0.209030151,0.220062256,0.134994507,0.302459717,0.290130615,0.232376099,0.300369263,1
0.291595459,0.214859009,0.24331665,0.204025269,0.213577271,0.341567993,0.323165894,0.250106812,0.380783081,0.286819458,0.235153198,0.221343994,1
0.241256714,0.326705933,0.180923462,0.111663818,0.27923584,0.205673218,0.319061279,0.188674927,0.135559082,0.19442749,0.393249512,0.222213745,1
0.32069397,0.272583008,0.384368896,0.324447632,0.102905273,0.326660156,0.326782227,0.223464966,0.324539185,0.359771729,0.255523682,0.289932251,0
0.256088257,0.316253662,0.178985596,-0.016021729,0.201873779,0.178009033,0.172286987,0.120544434,0.08883667,0.105026245,0.212356567,0.203018188,0
0.168502808,0.194869995,0.434051514,0.292221069,0.219940186,0.362304688,0.317199707,0.249450684,0.445678711,0.317474365,0.252868652,0.3956604,1
0.142456055,0.147323608,0.238967896,0.175094604,0.233306885,0.166610718,0.160491943,0.194580078,0.274291992,0.244140625,0.304855347,0.203994751,1
0.222885132,0.142944336,0.077987671,0.293487549,0.19178772,0.082443237,0.16758728,0.149230957,0.120635986,0.273925781,0.220794678,0.104995728,1
0.2240448,0.203796387,0.318527222,0.159820557,0.243591309,0.280944824,0.176315308,0.149078369,0.183349609,0.22026062,0.067565918,0.208587646,0
0.121673584,0.179977417,0.324508667,0.247909546,0.215209961,0.127792358,0.187835693,0.172592163,0.26348877,0.255935669,0.297668457,0.230728149,1
0.183944702,0.184295654,0.236541748,0.220291138,0.267776489,0.239074707,0.18145752,0.271133423,0.322860718,0.271774292,0.301635742,0.217376709,0
0.254089355,0.264923096,0.201812744,0.20111084,0.21887207,0.268676758,0.278640747,0.405960083,0.408966064,0.230926514,0.20526123,0.402252197,0
0.492523193,0.689498901,0.761367798,0.643585205,0.553222656,0.724624634,0.624725342,0.487808228,0.987731934,0.468963623,0.668304443,0.744522095,0
0.224838257,0.332626343,0.174530029,0.146530151,0.133544922,0.288192749,0.245361328,0.374465942,0.169647217,0.085357666,0.354949951,0.222045898,1
0.490112305,0.287506104,0.244216919,0.340301514,0.242218018,0.410614014,0.28805542,0.194244385,0.217788696,0.439437866,0.221359253,0.222122192,0
0.255203247,0.157287598,0.107681274,0.229156494,0.212554932,0.23008728,0.178344727,0.250473022,0.203567505,0.273391724,0.294616699,0.234100342,1
0.130081177,0.218292236,0.199874878,0.261276245,0.172714233,0.153244019,0.120437622,0.290710449,0.294509888,0.251083374,0.187088013,0.168579102,1
0.21194458,0.383636475,0.249099731,0.217544556,0.40145874,0.252838135,0.137359619,0.337997437,0.195877075,0.134246826,0.387283325,0.240341187,1
0.22177124,0.134140015,0.127090454,0.372436523,0.275634766,0.179885864,0.256164551,0.23046875,0.077972412,0.293045044,0.352905273,0.230392456,0
0.120285034,0.172485352,0.094345093,0.256393433,0.25402832,0.225753784,0.341369629,0.241958618,0.225753784,0.212875366,0.313262939,0.275268555,1
0.309066772,0.272232056,0.208984375,0.185943604,0.298233032,0.276428223,0.272384644,0.218093872,0.18762207,0.187515259,0.343978882,0.30291748,0
0.316040039,0.210464478,0.316879272,0.392807007,0.289138794,0.343765259,0.296417236,0.203140259,0.266601563,0.398300171,0.239044189,0.184371948,0
0.187072754,0.400726318,0.293197632,0.216262817,0.389968872,0.314453125,0.144638062,0.371871948,0.320114136,0.093429565,0.378662109,0.295669556,0
0.127716064,0.11265564,0.133773804,0.213119507,0.166702271,0.214538574,0.145767212,0.045516968,0.289489746,0.248123169,0.200073242,0.325820923,1
0.409408569,0.304260254,0.21472168,0.302154541,0.140319824,0.154495239,0.282318115,0.221374512,0.279968262,0.251296997,0.148788452,0.245330811,1
0.06300354,0.534744263,0.278411865,0.192474365,0.430084229,0.482543945,0.389266968,0.451751709,0.435897827,0.289535522,0.288513184,0.624389648,0
0.372436523,0.275634766,0.179885864,0.256164551,0.23046875,0.077972412,0.293045044,0.352905273,0.230392456,0.272094727,0.255737305,0.208206177,1
0.148086548,0.256317139,0.26725769,0.088134766,0.053436279,0.284576416,0.237060547,0.219406128,0.229370117,0.121749878,0.210357666,0.174453735,1
0.201217651,0.351699829,0.307571411,0.226226807,0.309127808,0.269363403,0.242218018,0.305267334,0.304870605,0.280166626,0.245376587,0.180145264,0
0.099807739,0.306503296,0.24710083,0.201675415,0.323257446,0.201171875,0.188598633,0.44128418,0.301437378,0.203933716,0.326721191,0.226531982,1
0.318328857,0.216766357,0.415023804,0.246627808,0.230819702,0.393249512,0.237640381,0.217300415,0.354232788,0.187484741,0.179168701,0.247390747,1
0.183837891,0.246200562,0.097061157,0.092376709,0.198944092,0.21987915,0.114013672,0.195281982,0.118255615,0.169448853,0.342071533,0.300460815,1
0.163330078,0.184387207,0.13269043,0.237045288,0.240966797,0.183578491,0.161834717,0.147598267,0.102813721,0.332427979,0.254135132,0.193557739,1
0.879043579,0.587738037,0.451812744,0.788818359,0.994415283,0.465194702,0.795318604,0.445892334,0.560150146,0.805892944,0.756515503,0.59487915,0
0.270294189,0.310287476,0.257415771,0.222686768,0.424346924,0.362945557,0.21206665,0.49382019,0.314697266,0.228378296,0.407958984,0.32144165,1
0.125045776,0.286468506,0.16192627,0.141204834,0.318847656,0.185470581,0.14225769,0.271636963,0.173202515,0.162231445,0.30619812,0.176422119,1
0.253326416,0.236587524,0.221801758,0.229217529,0.160095215,0.207687378,0.337814331,0.312332153,0.319458008,0.279541016,0.341018677,0.19569397,1
0.346420288,0.288696289,0.218688965,0.397705078,0.264541626,0.19367981,0.308654785,0.225952148,0.162185669,0.361801147,0.234436035,0.182846069,1
0.358032227,0.238479614,0.255249023,0.272567749,0.551177979,0.220962524,0.23600769,0.511428833,0.337799072,0.2759552,0.433990479,0.315582275,0
0.384735107,0.29385376,0.246414185,0.387252808,0.234222412,0.183517456,0.406402588,0.334991455,0.226074219,0.454818726,0.291854858,0.178771973,1
0.460449219,0.234359741,0.18510437,0.379547119,0.379852295,0.254043579,0.342926025,0.250610352,0.176834106,0.209396362,0.287750244,0.249938965,1
0.20111084,0.300827026,0.163375854,0.109466553,0.093612671,0.286880493,0.343765259,0.244766235,0.362808228,0.272781372,0.212478638,0.1615448,1
0.322509766,0.286071777,0.187332153,0.369598389,0.244430542,0.231277466,0.29901123,0.172668457,0.189453125,0.38458252,0.208358765,0.257156372,1
0.521911621,0.522979736,0.428161621,0.327484131,0.376541138,0.534317017,0.468170166,0.529296875,0.286483765,0.289596558,0.362106323,0.482040405,0
0.227218628,0.444503784,0.301589966,0.07611084,0.138031006,0.486343384,0.288131714,0.255065918,0.306884766,0.176452637,0.373306274,0.456329346,0
0.205688477,0.381118774,0.285644531,0.166900635,0.287200928,0.261657715,0.11618042,0.277740479,0.328704834,0.204421997,0.184661865,0.317077637,0
0.637237549,0.583709717,0.722640991,0.410324097,0.571868896,0.727584839,0.55078125,0.725418091,0.710083008,0.556930542,0.58190918,0.862030029,0
0.155960083,0.167510986,0.188201904,0.280990601,0.175537109,0.349609375,0.190307617,0.146759033,0.184738159,0.248657227,0.205078125,0.318405151,1
0.253005981,0.173629761,0.207046509,0.33543396,0.267822266,0.352554321,0.242797852,0.216842651,0.220016479,0.423522949,0.291168213,0.396347046,0
0.15071106,0.23210144,0.233352661,0.103927612,0.290283203,0.070922852,-0.043823242,0.141036987,0.086914063,0.168991089,0.088897705,0.063858032,1
0.155090332,0.114959717,0.295379639,0.287384033,0.211166382,0.215393066,0.193115234,0.106872559,0.296035767,0.32069397,0.272583008,0.384368896,1
0.255020142,0.16973877,0.263397217,0.351776123,0.185394287,0.189926147,0.136413574,0.210189819,0.165420532,0.372451782,0.337280273,0.202346802,0
0.252593994,0.345077515,0.176849365,0.125045776,0.286468506,0.16192627,0.141204834,0.318847656,0.185470581,0.14225769,0.271636963,0.173202515,0
0.117324829,0.238372803,0.230392456,0.211853027,0.116775513,0.127563477,0.067718506,0.186782837,0.296463013,0.109405518,0.16053772,0.076965332,1
0.458969116,0.229797363,0.206054688,0.294662476,0.25189209,0.264221191,0.359405518,0.164535522,0.18347168,0.299942017,0.2447052,0.233001709,1
0.162017822,0.421340942,0.37701416,0.264007568,0.435012817,0.351882935,0.099029541,0.467315674,0.354721069,0.249984741,0.418548584,0.198440552,1
0.202728271,0.117630005,0.055389404,0.132659912,0.116149902,0.092788696,0.282821655,0.173233032,0.213684082,0.164001465,0.125152588,0.151351929,0
0.180130005,0.109039307,0.268096924,0.275360107,0.213287354,0.096405029,0.181167603,0.19644165,0.261932373,0.240447998,0.176727295,0.203445435,1
0.131393433,0.31892395,0.020782471,0.029907227,0.092559814,0.263870239,0.18939209,0.279693604,0.148529053,0.035064697,0.263595581,0.272003174,1
0.208908081,0.380371094,0.225921631,0.181030273,0.335159302,0.22052002,0.225494385,0.444885254,0.223876953,0.280334473,0.282012939,0.119766235,0
0.347763062,0.173950195,0.114074707,0.333816528,0.277008057,0.179641724,0.253082275,0.223770142,0.133666992,0.301620483,0.267211914,0.116226196,1
0.103347778,0.212249756,0.175842285,0.02053833,0.205352783,0.256896973,0.149505615,0.156036377,0.154510498,0.079315186,0.238342285,0.253707886,1
0.271408081,0.244049072,0.137664795,0.38583374,0.21156311,0.261993408,0.206451416,0.209121704,0.153396606,0.294464111,0.29675293,0.197860718,0
0.438934326,0.267532349,0.184112549,0.375869751,0.248916626,0.159301758,0.414718628,0.284469604,0.127700806,0.363433838,0.207427979,0.109375,1
0.300827026,0.220474243,0.216201782,0.462387085,0.312683105,0.287994385,0.423538208,0.229232788,0.213317871,0.431411743,0.287734985,0.40007019,1
0.572555542,0.599441528,0.514633179,0.310684204,1.009628296,0.448959351,0.307189941,0.625305176,0.817108154,0.485900879,0.47744751,0.925613403,0
0.175354004,0.131057739,0.22253418,0.189590454,0.221237183,0.266159058,0.148757935,0.209823608,0.211654663,0.198425293,0.258407593,0.30078125,1
0.176574707,0.244110107,0.218963623,0.292160034,0.246002197,0.141403198,0.372070313,0.276702881,0.191635132,0.248855591,0.120239258,0.101989746,1
0.203445435,0.294677734,0.350524902,0.325119019,0.340774536,0.13835144,0.164703369,0.110809326,0.42791748,0.356155396,0.357574463,0.554351807,0
0.309524536,0.326934814,0.265625,0.292816162,0.288864136,0.268371582,0.24029541,0.282165527,0.298675537,0.301544189,0.287704468,0.237915039,1
0.366973877,0.30645752,0.209472656,0.326278687,0.292327881,0.192611694,0.307754517,0.27923584,0.240890503,0.259002686,0.160324097,0.205932617,1
0.332427979,0.254135132,0.193557739,0.206283569,0.245788574,0.154144287,0.34753418,0.33404541,0.198822021,0.204925537,0.174880981,0.15435791,0
0.291915894,0.322616577,0.199111938,0.295608521,0.337982178,0.275909424,0.471679688,0.287902832,0.269317627,0.479553223,0.34034729,0.199768066,0
0.164520264,0.164779663,0.12840271,0.316101074,0.27722168,0.381225586,0.211349487,0.227920532,0.154449463,0.233032227,0.244903564,0.270172119,1
0.147369385,0.177062988,0.240753174,0.48727417,0.294509888,0.202362061,0.244796753,0.35244751,0.259613037,0.2240448,0.203796387,0.318527222,1
0.219726563,0.43951416,0.285842896,0.164733887,0.326644897,0.305206299,0.255584717,0.272674561,0.176498413,0.291168213,0.330947876,0.238998413,1
0.453125,0.271774292,0.304367065,0.280792236,0.260772705,0.274230957,0.303756714,0.23588562,0.302032471,0.251541138,0.222549438,0.27015686,1
0.337844849,0.202896118,0.341293335,0.32824707,0.188293457,0.137542725,0.336135864,0.244842529,0.212402344,0.168792725,0.204071045,0.161270142,1
0.245864868,0.254959106,0.338012695,0.344665527,0.248764038,0.311843872,0.255569458,0.266967773,0.23197937,0.3387146,0.309692383,0.214492798,0
0.201004028,0.306137085,0.278396606,0.291595459,0.34135437,0.182434082,0.181777954,0.363967896,0.252243042,0.363311768,0.289321899,0.184829712,1
0.179580688,0.26612854,0.253417969,0.169372559,0.219573975,0.218811035,0.126647949,0.344207764,0.265319824,0.115524292,0.288269043,0.293304443,1
0.683410645,0.524917603,0.630691528,0.740356445,0.432601929,0.436645508,0.668334961,0.604690552,0.593048096,0.700836182,0.480300903,0.530136108,0
0.254730225,0.199737549,0.365692139,0.233001709,0.117858887,0.405929565,0.282730103,0.166152954,0.221725464,0.026672363,0.109512329,0.346038818,1
0.230941772,0.318405151,0.248123169,0.293685913,0.256591797,0.193435669,0.178588867,0.325210571,0.280761719,0.325622559,0.258773804,0.225189209,1
0.249908447,0.230697632,0.341842651,0.314559937,0.241104126,0.33480835,0.309112549,0.206207275,0.222976685,0.301422119,0.234130859,0.266143799,1
0.329559326,0.237075806,0.187454224,0.157867432,0.14932251,0.122375488,0.224685669,0.264022827,0.2318573,0.230636597,0.188827515,0.17414856,1
0.079910278,0.095993042,0.188842773,0.243057251,0.258666992,0.201889038,0.498184204,0.275238037,0.105865479,0.248886108,0.317474365,0.274887085,1
0.38583374,0.21156311,0.261993408,0.206451416,0.209121704,0.153396606,0.294464111,0.29675293,0.197860718,0.232818604,0.247924805,0.090270996,1
0.351776123,0.185394287,0.189926147,0.136413574,0.210189819,0.165420532,0.372451782,0.337280273,0.202346802,0.247589111,0.307418823,0.165496826,1
0.206283569,0.245788574,0.154144287,0.34753418,0.33404541,0.198822021,0.204925537,0.174880981,0.15435791,0.433456421,0.343200684,0.190185547,1
0.320678711,0.244049072,0.296661377,0.314727783,0.278244019,0.26802063,0.373718262,0.213806152,0.287765503,0.324874878,0.166610718,0.371658325,0
0.318878174,0.222564697,0.295913696,0.089660645,0.127319336,0.134567261,0.317276001,0.282745361,0.378845215,0.151031494,0.228988647,0.152877808,1
0.224868774,0.211929321,0.174728394,0.295257568,0.243164063,0.23348999,0.220275879,0.193466187,0.147171021,0.272720337,0.246017456,0.145248413,1
0.377990723,0.278793335,0.252105713,0.226760864,0.164276123,0.257492065,0.278564453,0.296142578,0.271316528,0.171340942,0.188247681,0.280044556,1
0.541900635,0.729064941,0.765151978,0.434173584,0.621810913,0.700271606,0.605789185,0.664276123,0.543563843,0.498123169,0.412124634,0.651535034,0
0.153503418,0.272689819,0.165588379,0.146224976,0.167556763,0.169754028,0.145767212,0.232940674,0.211334229,0.215209961,0.24105835,0.226791382,0
0.241760254,0.282714844,0.346282959,0.328933716,0.22555542,0.35546875,0.321640015,0.231506348,0.429214478,0.348617554,0.249481201,0.276809692,0
0.43762207,0.585327148,0.294815063,0.263092041,0.407348633,0.533905029,0.490615845,0.527603149,0.132659912,0.541748047,0.426605225,0.340789795,0
0.259002686,0.160324097,0.205932617,0.179580688,0.26612854,0.253417969,0.169372559,0.219573975,0.218811035,0.126647949,0.344207764,0.265319824,0
0.373962402,0.244277954,0.15397644,0.268096924,0.348632813,0.276290894,0.289505005,0.238769531,0.242919922,0.201217651,0.351699829,0.307571411,1
0.240447998,0.176727295,0.203445435,0.160827637,0.2215271,0.34362793,0.310012817,0.221160889,0.243560791,0.19052124,0.238876343,0.1902771,0
0.290130615,0.232376099,0.300369263,0.256195068,0.223220825,0.334747314,0.308517456,0.248382568,0.221389771,0.246841431,0.190246582,0.249145508,0
0.724014282,0.599655151,0.644866943,0.759857178,0.495605469,0.455322266,0.752883911,0.623214722,0.537017822,0.995544434,0.539550781,0.50289917,0
0.250534058,0.205322266,0.188751221,0.366973877,0.30645752,0.209472656,0.326278687,0.292327881,0.192611694,0.307754517,0.27923584,0.240890503,0
0.149200439,0.173568726,0.292495728,0.229934692,0.310974121,0.278579712,0.198654175,0.201782227,0.321273804,0.24810791,0.333221436,0.246292114,1
0.255950928,0.248916626,0.287109375,0.301528931,0.194396973,0.136459351,0.290176392,0.247055054,0.266815186,0.254226685,0.21270752,0.226959229,0
0.138977051,0.209091187,0.351898193,0.2474823,0.258865356,0.313079834,0.228088379,0.184585571,0.281555176,0.250595093,0.235275269,0.28692627,0
0.37713623,0.226013184,0.501480103,0.2240448,0.164413452,0.274581909,0.227432251,0.273925781,0.139251709,0.143066406,0.25038147,0.312805176,1
0.175064087,0.424453735,0.395492554,0.281768799,0.288223267,0.231460571,0.178268433,0.240432739,0.392440796,0.396850586,0.305648804,0.364334106,1
0.301116943,0.3568573,0.213821411,0.145248413,0.271392822,0.166015625,0.432128906,0.332687378,0.238861084,0.403869629,0.286376953,0.248901367,0
0.521453857,0.478591919,0.330429077,0.381729126,0.439727783,0.555679321,0.504745483,0.545440674,0.310379028,0.312576294,0.440826416,0.649475098,0
0.704116821,0.73097229,0.56489563,0.650482178,0.810516357,0.558761597,0.672409058,0.962295532,0.532333374,0.733673096,0.922943115,0.499099731,0
0.701766968,0.493225098,0.263717651,0.403793335,0.634796143,0.505096436,0.485946655,0.689880371,0.559906006,0.461196899,0.914230347,0.714508057,0
0.276824951,0.374069214,0.282089233,0.284988403,0.288925171,0.22277832,0.216522217,0.35887146,0.404815674,0.143661499,0.152008057,0.2394104,0
0.159790039,0.175140381,0.267700195,0.252685547,0.318771362,0.108612061,0.247238159,0.190917969,0.275650024,0.252639771,0.342254639,0.172210693,1
0.119400024,0.230865479,0.264282227,0.412155151,0.333679199,0.282363892,0.365661621,0.284851074,0.224411011,0.20111084,0.278961182,0.227844238,0
0.34854126,0.177368164,0.112487793,0.2290802,0.365951538,0.22769165,0.404388428,0.238296509,0.182693481,0.254989624,0.400909424,0.247299194,1
0.279342651,0.335968018,0.209976196,0.218536377,0.260574341,0.313262939,0.175643921,0.088439941,0.087310791,0.073532104,0.030517578,0.248458862,1
0.191726685,0.191711426,0.232925415,0.127380371,0.077209473,0.130584717,0.123306274,0.182235718,0.180389404,0.092330933,0.157791138,0.200668335,1
0.112365723,0.150100708,0.119384766,0.124557495,0.187911987,0.321136475,0.196807861,0.318359375,0.238464355,0.056793213,0.106048584,0.268127441,0
0.2212677,0.218017578,0.247619629,0.194320679,0.234939575,0.266326904,0.118026733,0.182037354,0.253219604,0.112365723,0.150100708,0.119384766,1
0.182754517,0.349105835,0.196563721,0.077041626,0.323043823,0.168411255,0.140304565,0.363937378,0.202148438,0.136932373,0.40536499,0.207077026,1
0.248519897,0.117584229,0.31842041,0.185836792,0.093521118,0.268371582,0.251205444,0.147994995,0.257614136,0.264892578,0.132766724,0.33656311,0
0.34803772,0.293014526,0.243850708,0.428649902,0.282348633,0.343139648,0.304077148,0.273254395,0.311264038,0.320098877,0.183731079,0.03175354,1
0.325317383,0.212554932,0.171447754,0.231399536,0.156997681,0.156738281,0.278213501,0.24269104,0.170806885,0.22177124,0.134140015,0.127090454,1
0.598815918,0.798278809,0.122039795,0.221832275,0.736663818,0.689666748,0.387329102,-0.104309082,0.208480835,0.158813477,0.063644409,0.095184326,0
0.192749023,0.037490845,0.151885986,0.120376587,0.271408081,0.259246826,0.233917236,0.172607422,0.28477478,0.215881348,0.130004883,0.356643677,1
0.267456055,0.191741943,0.169448853,0.124511719,0.235748291,0.245361328,0.206848145,0.276199341,0.27230835,0.187072754,0.400726318,0.293197632,1
0.162231445,0.30619812,0.176422119,0.186538696,0.261138916,0.132324219,0.190505981,0.323242188,0.188354492,0.225494385,0.300140381,0.16746521,0
0.389434814,0.245849609,0.246780396,0.231002808,0.4190979,0.296600342,0.397262573,0.290435791,0.241928101,0.425582886,0.412322998,0.304458618,1
0.232818604,0.247924805,0.090270996,0.454574585,0.387268066,0.284500122,0.237319946,0.455718994,0.296432495,0.088882446,0.237518311,0.279647827,0
0.180541992,0.181503296,0.449584961,0.266921997,0.313659668,0.314437866,0.192138672,0.382476807,0.373535156,0.216827393,0.401168823,0.32925415,1
0.247589111,0.307418823,0.165496826,0.129180908,0.167037964,0.271209717,0.176803589,0.176086426,0.311828613,0.221481323,0.22807312,0.319854736,0
0.26083374,0.307846069,0.208206177,0.20199585,0.287811279,0.30871582,0.279220581,0.324462891,0.204696655,0.223968506,0.278625488,0.297027588,1
0.159820557,0.243591309,0.280944824,0.176315308,0.149078369,0.183349609,0.22026062,0.067565918,0.208587646,0.255020142,0.16973877,0.263397217,1
0.304992676,0.243667603,0.43737793,0.332489014,0.252532959,0.489227295,0.275726318,0.21333313,0.332931519,0.306869507,0.259216309,0.20526123,1
0.301620483,0.267211914,0.116226196,0.200683594,0.160308838,0.118118286,0.303756714,0.282043457,0.085784912,0.380645752,0.196533203,0.110137939,0
0.238983154,0.17477417,0.184951782,0.221115112,0.369735718,0.348922729,0.36050415,0.245025635,0.175521851,0.131744385,0.233352661,0.188293457,1
0.319198608,0.352264404,0.28163147,0.283721924,0.266021729,0.212341309,0.248565674,0.320251465,0.22013855,0.291915894,0.322616577,0.199111938,1
0.514892578,-0.002487183,0.222640991,0.306152344,0.54864502,0.545303345,0.527023315,0.647888184,0.674591064,0.491073608,0.550506592,0.812438965,0
0.24798584,0.164932251,0.299530029,0.150588989,0.150314331,0.304534912,0.239929199,0.198043823,0.327957153,0.158126831,0.090072632,0.291610718,1
0.179977417,0.139221191,0.184448242,0.251235962,0.257415771,0.146682739,0.145507813,0.204574585,0.289825439,0.212814331,0.288482666,0.094573975,1
0.212402344,0.234619141,0.240966797,0.121673584,0.179977417,0.324508667,0.247909546,0.215209961,0.127792358,0.187835693,0.172592163,0.26348877,0
0.314727783,0.278244019,0.26802063,0.373718262,0.213806152,0.287765503,0.324874878,0.166610718,0.371658325,0.344390869,0.291061401,0.479644775,1
0.391540527,0.264266968,0.13394165,0.237747192,0.305038452,0.271987915,0.408935547,0.21333313,0.211517334,0.392318726,0.324508667,0.253417969,1
0.258773804,0.262039185,0.234619141,0.234832764,0.170227051,0.14982605,0.126495361,0.257415771,0.281036377,0.267440796,0.108886719,0.180007935,0
0.305038452,0.251861572,0.195831299,0.265609741,0.240859985,0.257110596,0.277130127,0.223526001,0.207794189,0.246643066,0.279678345,0.301498413,0
0.103134155,0.369430542,0.367370605,0.386505127,0.359405518,0.369918823,0.255142212,0.12171936,0.210083008,0.392333984,0.300689697,0.261245728,1
0.038864136,0.194793701,0.168960571,0.079696655,0.152099609,0.073684692,0.031066895,0.226806641,0.145507813,0.164001465,0.109008789,0.070449829,1
0.299133301,0.202529907,0.259429932,0.361679077,0.213439941,0.209472656,0.320358276,0.34185791,0.218917847,0.386978149,0.180755615,0.236709595,1
0.190383911,0.226821899,0.182846069,0.326217651,0.285690308,0.321075439,0.342498779,0.237670898,0.301010132,0.377960205,0.275802612,0.389053345,1
0.320098877,0.183731079,0.03175354,0.127029419,0.016326904,0.101821899,0.19883728,0.10723877,0.209030151,0.220062256,0.134994507,0.302459717,0
0.203063965,0.19984436,0.199539185,0.351959229,0.254180908,0.213577271,0.222305298,0.247955322,0.273895264,0.335754395,0.307922363,0.30657959,1
0.228805542,0.430984497,0.295928955,0.150131226,0.290985107,0.226074219,0.154418945,0.428375244,0.28894043,0.140670776,0.37638855,0.27255249,1
0.345016479,0.279098511,0.292892456,0.285018921,0.239639282,0.434173584,0.229782104,0.360565186,0.280410767,0.176574707,0.20993042,0.373306274,1
0.323028564,0.159881592,0.06829834,0.306945801,0.331497192,0.253433228,0.322906494,0.189254761,0.230102539,0.278640747,0.320648193,0.225601196,1
0.261901855,0.072189331,0.270050049,0.272369385,0.230621338,0.143722534,0.159957886,0.191894531,0.121307373,0.049438477,-0.026947021,-0.10697937,1
0.392333984,0.300689697,0.261245728,0.338302612,0.236984253,0.221786499,0.253723145,0.299911499,0.234359741,0.184341431,0.207717896,0.16494751,0
0.241928101,0.18862915,0.25630188,0.144119263,0.1353302,0.115997314,0.271118164,0.197341919,0.250640869,0.228225708,0.074478149,0.116912842,1
0.26953125,0.298461914,0.191513062,0.120285034,0.172485352,0.094345093,0.256393433,0.25402832,0.225753784,0.341369629,0.241958618,0.225753784,0
0.334686279,0.196975708,0.226913452,0.347763062,0.173950195,0.114074707,0.333816528,0.277008057,0.179641724,0.253082275,0.223770142,0.133666992,0
0.244552612,0.385696411,0.242126465,0.221984863,0.395370483,0.271759033,0.281234741,0.428451538,0.215637207,0.230361938,0.26965332,0.307647705,1
0.286590576,0.143234253,0.097137451,0.183380127,0.229660034,0.267044067,0.15612793,0.21836853,0.231399536,0.278549194,0.205963135,0.248199463,1
0.271621704,0.626251221,0.671630859,0.302963257,0.696685791,0.345825195,0.351272583,0.52305603,0.546936035,0.456893921,0.35559082,0.571868896,0
0.887741089,0.486679077,0.495361328,0.73840332,0.681152344,0.406921387,0.773101807,0.68510437,-0.064422607,0.410293579,0.444381714,0.285293579,0
0.253631592,0.274749756,0.215606689,0.353408813,0.307250977,0.271759033,0.359161377,0.368896484,0.240753174,0.276824951,0.374069214,0.282089233,1
0.318328857,0.259994507,0.295684814,0.159927368,0.201065063,0.230224609,0.348251343,0.244781494,0.373428345,0.21875,0.235321045,0.220581055,1
0.251937866,0.227111816,0.151657104,0.225860596,0.232513428,0.19909668,0.233795166,0.285186768,0.190353394,0.31829834,0.287811279,0.234863281,0
0.23348999,0.21472168,0.251953125,0.155090332,0.114959717,0.295379639,0.287384033,0.211166382,0.215393066,0.193115234,0.106872559,0.296035767,0
0.23550415,0.164962769,0.290740967,0.313247681,0.194229126,0.177780151,0.186172485,0.215209961,0.155700684,0.284820557,0.252731323,0.193603516,1
0.345092773,0.21244812,0.154342651,0.424819946,0.271224976,0.24798584,0.347091675,0.187683105,0.188796997,0.400985718,0.26725769,0.275558472,1
0.234802246,0.254302979,0.297821045,0.161453247,0.176239014,0.319641113,0.228424072,0.188613892,0.271774292,0.183944702,0.184295654,0.236541748,1
0.223480225,0.166854858,0.256317139,0.186386108,0.153823853,0.229782104,0.276184082,0.186233521,0.322662354,0.213287354,0.149047852,0.259857178,1
0.224868774,0.25201416,0.107849121,0.312561035,0.250320435,0.126617432,0.16545105,0.265686035,0.169616699,0.105636597,0.27166748,0.236099243,1
0.295608521,0.337982178,0.275909424,0.471679688,0.287902832,0.269317627,0.479553223,0.34034729,0.199768066,0.355773926,0.24156189,0.177581787,1
0.076675415,0.388061523,0.293502808,0.117721558,0.265472412,0.222625732,0.085403442,0.236495972,0.254348755,0.104812622,0.077926636,0.137069702,1
0.162597656,0.50428772,0.601638794,0.391601563,0.519195557,0.586410522,0.314743042,0.34211731,0.529281616,0.366775513,0.431274414,0.352645874,0
0.270065308,0.379180908,0.361328125,0.20904541,0.274688721,0.28503418,0.17741394,0.185577393,0.337356567,0.240310669,0.288986206,0.233978271,1
0.129180908,0.167037964,0.271209717,0.176803589,0.176086426,0.311828613,0.221481323,0.22807312,0.319854736,0.39932251,0.309646606,0.227935791,1
0.207351685,0.170150757,0.201797485,0.180130005,0.109039307,0.268096924,0.275360107,0.213287354,0.096405029,0.181167603,0.19644165,0.261932373,0
0.109405518,0.16053772,0.076965332,0.076675415,0.388061523,0.293502808,0.117721558,0.265472412,0.222625732,0.085403442,0.236495972,0.254348755,0
0.186904907,0.176422119,0.278900146,0.10144043,0.126541138,0.149398804,0.268264771,0.222854614,0.232269287,0.153060913,0.15385437,0.126602173,1
0.102539063,0.241821289,0.22114563,0.25567627,0.142990112,0.153656006,0.183578491,0.283493042,0.237976074,0.291732788,0.236862183,0.170669556,0
0.304428101,0.214584351,0.358428955,0.075881958,0.164627075,0.281692505,0.226257324,0.193252563,0.351821899,0.153198242,0.132019043,0.133728027,1
0.256195068,0.223220825,0.334747314,0.308517456,0.248382568,0.221389771,0.246841431,0.190246582,0.249145508,0.246109009,0.220809937,0.190811157,1
0.201141357,0.317306519,0.324813843,0.492431641,0.284729004,0.250045776,0.274642944,0.365829468,0.374664307,0.379486084,0.426559448,0.199569702,0
0.185943604,0.298233032,0.276428223,0.272384644,0.218093872,0.18762207,0.187515259,0.343978882,0.30291748,0.215911865,0.294799805,0.302200317,1
0.299118042,0.276153564,0.235809326,0.38343811,0.275375366,0.177902222,0.351806641,0.292709351,0.228927612,0.290374756,0.253570557,0.132614136,1
0.195541382,0.331298828,0.267578125,0.103134155,0.369430542,0.367370605,0.386505127,0.359405518,0.369918823,0.255142212,0.12171936,0.210083008,0
0.333847046,0.175689697,0.365127563,0.389602661,0.228103638,0.366973877,0.304779053,0.133331299,0.368087769,0.232681274,0.181930542,0.339523315,1
0.423675537,0.264770508,0.180908203,0.349472046,0.277297974,0.352203369,0.192092896,0.166778564,0.19102478,0.389816284,0.224838257,0.269454956,1
0.305541992,0.405563354,0.326416016,0.228897095,0.302276611,0.279251099,0.46446228,0.366973877,0.226959229,0.323562622,0.156509399,0.035888672,0
0.280151367,0.146972656,0.397109985,0.293899536,0.190246582,0.281204224,0.289520264,0.153427124,0.43711853,0.382904053,0.268218994,0.234390259,1
0.164001465,0.109008789,0.070449829,0.117324829,0.238372803,0.230392456,0.211853027,0.116775513,0.127563477,0.067718506,0.186782837,0.296463013,0
0.362976074,0.273590088,0.397232056,0.278381348,0.222579956,0.268585205,0.381546021,0.265167236,0.334197998,0.316040039,0.210464478,0.316879272,1
0.252639771,0.342254639,0.172210693,0.267242432,0.206390381,0.274810791,0.252868652,0.339126587,0.186203003,0.189620972,0.092285156,0.303436279,0
0.145248413,0.271392822,0.166015625,0.432128906,0.332687378,0.238861084,0.403869629,0.286376953,0.248901367,0.305541992,0.405563354,0.326416016,1
0.136734009,0.390823364,0.263076782,0.263015747,0.344146729,0.195068359,0.177154541,0.256011963,0.241333008,0.316162109,0.260528564,0.180511475,1
0.167388916,0.222320557,0.278411865,0.207244873,0.216369629,0.189071655,0.147583008,0.20475769,0.291702271,0.204788208,0.199035645,0.173400879,1
0.07611084,0.138031006,0.486343384,0.288131714,0.255065918,0.306884766,0.176452637,0.373306274,0.456329346,0.29510498,0.33531189,0.359069824,1
0.193984985,0.272994995,0.180709839,0.331298828,0.310745239,0.170532227,0.366409302,0.329925537,0.189025879,0.301208496,0.319412231,0.177612305,1
0.167770386,0.131317139,0.260360718,0.191986084,0.302139282,0.097229004,0.152496338,0.173904419,0.298660278,0.20173645,0.284698486,0.130310059,1
0.379852295,0.336547852,0.3256073,0.357879639,0.262557983,0.204864502,0.27557373,0.294815063,0.412353516,0.237030029,0.440795898,0.28894043,1
0.20111084,0.21887207,0.268676758,0.278640747,0.405960083,0.408966064,0.230926514,0.20526123,0.402252197,0.256088257,0.316253662,0.178985596,1
0.299087524,0.199905396,0.220153809,0.373916626,0.306335449,0.329681396,0.242752075,0.134918213,0.250961304,0.355270386,0.307159424,0.291915894,1
0.253952026,0.225402832,0.383758545,0.226013184,0.251907349,0.139953613,0.186859131,0.2159729,0.28678894,0.253265381,0.392166138,0.32862854,1
0.083908081,0.251052856,0.271087646,0.15486145,0.155609131,0.206161499,0.112640381,0.251907349,0.237960815,0.192062378,0.254959106,0.267150879,1
0.338302612,0.236984253,0.221786499,0.253723145,0.299911499,0.234359741,0.184341431,0.207717896,0.16494751,0.26953125,0.298461914,0.191513062,1
0.27520752,0.19859314,0.168411255,0.329772949,0.306396484,0.239517212,0.29510498,0.308639526,0.288833618,0.247894287,0.250274658,0.332305908,1
0.086791992,0.099517822,0.143295288,0.2605896,0.235992432,0.303833008,0.204605103,0.274703979,0.433776855,0.418548584,0.357910156,0.369445801,1
0.262054443,0.21685791,0.194610596,0.384399414,0.337081909,0.215866089,0.327728271,0.250396729,0.204772949,0.346710205,0.28956604,0.264511108,1
0.214050293,0.282623291,0.209457397,0.133041382,0.277313232,0.229644775,0.243896484,0.326095581,0.197891235,0.196014404,0.352127075,0.284255981,1
0.267242432,0.206390381,0.274810791,0.252868652,0.339126587,0.186203003,0.189620972,0.092285156,0.303436279,0.325637817,0.315917969,0.242004395,1
0.21697998,0.178268433,0.140289307,0.306488037,0.281005859,0.317047119,0.245193481,0.216445923,0.172363281,0.347015381,0.293807983,0.316223145,1
0.355316162,0.235671997,0.233947754,0.278869629,0.294326782,0.331878662,0.371704102,0.20954895,0.189331055,0.194244385,0.342132568,0.24597168,1
0.255096436,0.237838745,0.18586731,0.238037109,0.342010498,0.18447876,0.323730469,0.187194824,0.15284729,0.361312866,0.197311401,0.272735596,1
0.284988403,0.288925171,0.22277832,0.216522217,0.35887146,0.404815674,0.143661499,0.152008057,0.2394104,0.197357178,0.164489746,0.207290649,1
0.344390869,0.291061401,0.479644775,0.337875366,0.242660522,0.274627686,0.343200684,0.227844238,0.078460693,0.185821533,0.146606445,0.120407104,0
0.288864136,0.274597168,0.217178345,0.387023926,0.324081421,0.236831665,0.267532349,0.295227051,0.194549561,0.258773804,0.262039185,0.234619141,1
0.281997681,0.187759399,0.165679932,0.247055054,0.205780029,0.28024292,0.270523071,0.213043213,0.320541382,0.226470947,0.218231201,0.19708252,1
0.322662354,0.171569824,0.239578247,0.322814941,0.110565186,0.324615479,0.317337036,0.194000244,0.276763916,0.324417114,0.215408325,0.335174561,1
0.165344238,0.293258667,0.273651123,0.358932495,0.243026733,0.36618042,0.341293335,0.317062378,0.117004395,0.244171143,0.211029053,0.303604126,1
0.377960205,0.275802612,0.389053345,0.34803772,0.293014526,0.243850708,0.428649902,0.282348633,0.343139648,0.304077148,0.273254395,0.311264038,0
0.248123169,0.200073242,0.325820923,0.251358032,0.10748291,0.325088501,0.089538574,0.0675354,0.05947876,0.185592651,0.096343994,0.100204468,0
0.246826172,0.221343994,0.229827881,0.372558594,0.264511108,0.214248657,0.356262207,0.289642334,0.211730957,0.348922729,0.298934937,0.26600647,1
0.000457764,-0.074157715,-0.051422119,0.021774292,0.0128479,0.169311523,0.110183716,0.193725586,0.216918945,0.157684326,0.187133789,0.210906982,1
0.230392456,0.148376465,0.283432007,0.235031128,0.252212524,0.298965454,0.190124512,0.192993164,0.337753296,0.298126221,0.220581055,0.311523438,1
0.189651489,0.190704346,0.236251831,0.160415649,0.136398315,0.310272217,0.210281372,0.202560425,0.251907349,0.186904907,0.329681396,0.29725647,1
0.192077637,0.178161621,0.186798096,0.172302246,0.260452271,0.261901855,0.205123901,0.237930298,0.201507568,0.22102356,0.207504272,0.267105103,0
0.252639771,0.218093872,0.191192627,0.294052124,0.333114624,0.311691284,0.294311523,0.138687134,0.335998535,0.190383911,0.346435547,0.282043457,1
0.21937561,0.148880005,0.135452271,0.325317383,0.212554932,0.171447754,0.231399536,0.156997681,0.156738281,0.278213501,0.24269104,0.170806885,0
0.204223633,0.159332275,0.233337402,0.219299316,0.299713135,0.293319702,0.173126221,0.27482605,0.175247192,0.25920105,0.214004517,0.268005371,1
0.411727905,0.276596069,0.546157837,0.735733032,0.349136353,0.537750244,0.44128418,0.363082886,0.27885437,0.587661743,0.668334961,0.679000854,0
0.209350586,0.27835083,0.252578735,0.27520752,0.19859314,0.168411255,0.329772949,0.306396484,0.239517212,0.29510498,0.308639526,0.288833618,0
0.317321777,0.250854492,0.230895996,0.308105469,0.127609253,0.210296631,0.2940979,0.239685059,0.153930664,0.250534058,0.205322266,0.188751221,1
0.219909668,0.222976685,0.306365967,0.234802246,0.254302979,0.297821045,0.161453247,0.176239014,0.319641113,0.228424072,0.188613892,0.271774292,0
0.216079712,0.255783081,0.242385864,0.23550415,0.164962769,0.290740967,0.313247681,0.194229126,0.177780151,0.186172485,0.215209961,0.155700684,0
0.143692017,0.364044189,0.227722168,0.323760986,0.332290649,0.09928894,0.354492188,0.330062866,0.182357788,0.281616211,0.304000854,0.215866089,0
0.255935669,0.297668457,0.230728149,0.320861816,0.207138062,0.363967896,0.33757019,0.165847778,0.210266113,0.286819458,0.117996216,0.253677368,0
0.381347656,0.249450684,0.203262329,0.140365601,0.313934326,0.173751831,0.091064453,0.068115234,0.060134888,0.03527832,0.21031189,0.229217529,1
0.268539429,0.158355713,0.274505615,0.213562012,0.157958984,0.30380249,0.247680664,0.139755249,0.259384155,0.315719604,0.057235718,0.253250122,1
0.231628418,0.246963501,0.360839844,0.346389771,0.253967285,0.268447876,0.178482056,0.164489746,0.260757446,0.314987183,0.310256958,0.259475708,1
0.184692383,0.140274048,0.188064575,0.340820313,0.334259033,0.274703979,0.215927124,0.105865479,0.24571228,0.375701904,0.237457275,0.263931274,1
0.200683594,0.160308838,0.118118286,0.303756714,0.282043457,0.085784912,0.380645752,0.196533203,0.110137939,0.311965942,0.253540039,0.196502686,1
0.315719604,0.057235718,0.253250122,0.322662354,0.171569824,0.239578247,0.322814941,0.110565186,0.324615479,0.317337036,0.194000244,0.276763916,0
0.337875366,0.242660522,0.274627686,0.343200684,0.227844238,0.078460693,0.185821533,0.146606445,0.120407104,0.255950928,0.248916626,0.287109375,1
0.237289429,0.416488647,0.363418579,0.162017822,0.421340942,0.37701416,0.264007568,0.435012817,0.351882935,0.099029541,0.467315674,0.354721069,0
0.221496582,0.260101318,0.234207153,0.318328857,0.259994507,0.295684814,0.159927368,0.201065063,0.230224609,0.348251343,0.244781494,0.373428345,0
0.410247803,0.30557251,0.244857788,0.373901367,0.262145996,0.224700928,0.407608032,0.262023926,0.141296387,0.271408081,0.244049072,0.137664795,1
0.366912842,0.277877808,0.271789551,0.356277466,0.221206665,0.212402344,0.457168579,0.266433716,0.248886108,0.463897705,0.23727417,0.155227661,1
-0.303253174,-0.588531494,0.007278442,0.524749756,0.326263428,0.195327759,0.477706909,0.340423584,0.225250244,0.275253296,0.22227478,0.265167236,0
0.215621948,0.349975586,0.270797729,0.309951782,0.310348511,0.241226196,0.231216431,0.321014404,0.295379639,0.298416138,0.283309937,0.256347656,1
0.112762451,0.155990601,0.1980896,0.230422974,0.328155518,0.003616333,0.160140991,0.212310791,0.354568481,0.221694946,0.292297363,0.219589233,1
0.151428223,0.140197754,0.108688354,0.038864136,0.194793701,0.168960571,0.079696655,0.152099609,0.073684692,0.031066895,0.226806641,0.145507813,0
0.123580933,0.401306152,0.258834839,0.213653564,0.247436523,0.202835083,0.15171814,0.381057739,0.262039185,0.404098511,0.246826172,0.163070679,1
0.32824707,0.073562622,0.214096069,0.150177002,0.409729004,0.280303955,0.31489563,0.132400513,0.144241333,0.195480347,0.277618408,0.222625732,1
0.345565796,0.130020142,0.157608032,0.263916016,0.348937988,0.244155884,0.334259033,0.210632324,0.16242981,0.149719238,0.305969238,0.269439697,1
0.228408813,0.270812988,0.049453735,0.258575439,0.213500977,0.335678101,0.288284302,0.203536987,0.293899536,0.251937866,0.227111816,0.151657104,1
0.377380371,0.274597168,0.268295288,0.317230225,0.143692017,0.175933838,0.335250854,0.301376343,0.280456543,0.425827026,0.20350647,0.283599854,1
0.146224976,0.167556763,0.169754028,0.145767212,0.232940674,0.211334229,0.215209961,0.24105835,0.226791382,0.205688477,0.381118774,0.285644531,1
0.145568848,0.206008911,0.194366455,0.240020752,0.153747559,0.131729126,0.19317627,0.249053955,0.249649048,0.220916748,0.153533936,0.158126831,1
0.105636597,0.27166748,0.236099243,0.267456055,0.191741943,0.169448853,0.124511719,0.235748291,0.245361328,0.206848145,0.276199341,0.27230835,0
0.175552368,0.156951904,0.220687866,0.202713013,0.185165405,0.12109375,0.090713501,0.088119507,0.185897827,0.208312988,0.208831787,0.113616943,1
0.286819458,0.235153198,0.221343994,0.305862427,0.196517944,0.275039673,0.296005249,0.159988403,0.253616333,0.303955078,0.207733154,0.248550415,0
0.410110474,0.351776123,0.172012329,0.316207886,0.185821533,0.153549194,0.355682373,0.281417847,0.145843506,0.283065796,0.2550354,0.215133667,1
0.35609436,0.301376343,0.240631104,0.379959106,0.331634521,0.20602417,0.302688599,0.203872681,0.188583374,0.324691772,0.271759033,0.234771729,1
0.231246948,0.285339355,0.210357666,0.144714355,0.298751831,0.305938721,0.27571106,0.296524048,0.17338562,0.213684082,0.366577148,0.263778687,1
0.186538696,0.261138916,0.132324219,0.190505981,0.323242188,0.188354492,0.225494385,0.300140381,0.16746521,0.301116943,0.3568573,0.213821411,1
0.433456421,0.343200684,0.190185547,0.316802979,0.304168701,0.192276001,0.339614868,0.40423584,0.208129883,0.178131104,0.307601929,0.127853394,0
0.361801147,0.234436035,0.182846069,0.190383911,0.226821899,0.182846069,0.326217651,0.285690308,0.321075439,0.342498779,0.237670898,0.301010132,0
0.192398071,0.368774414,0.299240112,0.214355469,0.403839111,0.177124023,0.186157227,0.499755859,0.318450928,0.25289917,0.354949951,0.234893799,1
0.33543396,0.267822266,0.352554321,0.242797852,0.216842651,0.220016479,0.423522949,0.291168213,0.396347046,0.221496582,0.260101318,0.234207153,1
0.588821411,0.716690063,0.845550537,0.460723877,0.65296936,0.838546753,0.57635498,0.681915283,0.884033203,0.567138672,0.582122803,0.769546509,0
0.382904053,0.268218994,0.234390259,0.270065308,0.379180908,0.361328125,0.20904541,0.274688721,0.28503418,0.17741394,0.185577393,0.337356567,0
0.352844238,0.205978394,0.369140625,0.264831543,0.206375122,0.284667969,0.338882446,0.161331177,0.315704346,0.283111572,0.270568848,0.401077271,0
0.270706177,0.196929932,0.332824707,0.139190674,0.15927124,0.172058105,0.264831543,0.243041992,0.272064209,0.19430542,0.111999512,0.194580078,1
0.126586914,0.248046875,0.26600647,0.167724609,0.255722046,0.272705078,0.209075928,0.130187988,0.28817749,0.212402344,0.234619141,0.240966797,1
0.168640137,0.340881348,0.347061157,0.202819824,0.360748291,0.174591064,0.218215942,0.35345459,0.357284546,0.225906372,0.320922852,0.196655273,1
0.155456543,0.334823608,0.343170166,0.213745117,0.268112183,0.3540802,0.185668945,0.138763428,0.279037476,0.227310181,0.170211792,0.253601074,1
0.2474823,0.258865356,0.313079834,0.228088379,0.184585571,0.281555176,0.250595093,0.235275269,0.28692627,0.219909668,0.222976685,0.306365967,1
0.160827637,0.2215271,0.34362793,0.310012817,0.221160889,0.243560791,0.19052124,0.238876343,0.1902771,0.278030396,0.311767578,0.238632202,1
0.351806641,0.32975769,0.226089478,0.321929932,0.244293213,0.231643677,0.369430542,0.344604492,0.22668457,0.390014648,0.188735962,0.148345947,1
0.412155151,0.333679199,0.282363892,0.365661621,0.284851074,0.224411011,0.20111084,0.278961182,0.227844238,0.192077637,0.178161621,0.186798096,1
0.815505981,0.541610718,0.362731934,0.66519165,0.885238647,0.392166138,0.580657959,0.761856079,0.446289063,0.527145386,0.646759033,0.477645874,0
0.240310669,0.288986206,0.233978271,0.209396362,0.166595459,0.306060791,0.14251709,0.255981445,0.172439575,0.243286133,0.188232422,0.372848511,0
0.29510498,0.33531189,0.359069824,0.155456543,0.334823608,0.343170166,0.213745117,0.268112183,0.3540802,0.185668945,0.138763428,0.279037476,0
0.384353638,0.378448486,0.394485474,0.242004395,0.41166687,0.480712891,0.496337891,0.341415405,0.873153687,0.370223999,0.315536499,0.460144043,0
0.363311768,0.289321899,0.184829712,0.215621948,0.349975586,0.270797729,0.309951782,0.310348511,0.241226196,0.231216431,0.321014404,0.295379639,0
0.25920105,0.214004517,0.268005371,0.228408813,0.270812988,0.049453735,0.258575439,0.213500977,0.335678101,0.288284302,0.203536987,0.293899536,0
0.289215088,0.170684814,0.228317261,0.174713135,0.061920166,0.310684204,0.185409546,0.181976318,0.15133667,0.114318848,0.087356567,0.170822144,1
0.305862427,0.196517944,0.275039673,0.296005249,0.159988403,0.253616333,0.303955078,0.207733154,0.248550415,0.303939819,0.175827026,0.179611206,1
0.187026978,0.388122559,0.372283936,0.356033325,0.366073608,0.23538208,0.284729004,0.338623047,0.367507935,0.393569946,0.353897095,0.355392456,1
0.139572144,0.273117065,0.258926392,0.154525757,0.251846313,0.345672607,0.115264893,0.286239624,0.224304199,0.138977051,0.209091187,0.351898193,1
0.169021606,0.340499878,0.356018066,0.285690308,0.138748169,0.197509766,0.209899902,0.141616821,0.294891357,0.351806641,0.25062561,0.271820068,1
0.350402832,0.309509277,0.205352783,0.479949951,0.293380737,0.237091064,0.328323364,0.210189819,0.203857422,0.299514771,0.225845337,0.357727051,1
0.403640747,0.214508057,0.074401855,0.311538696,0.148681641,0.172546387,0.267868042,0.271224976,0.196990967,0.21937561,0.148880005,0.135452271,1
0.355773926,0.24156189,0.177581787,0.438934326,0.267532349,0.184112549,0.375869751,0.248916626,0.159301758,0.414718628,0.284469604,0.127700806,0
0.256790161,0.16796875,0.444702148,0.301544189,0.277801514,0.391174316,0.20690918,0.136947632,0.277526855,0.238952637,0.366760254,0.23487854,1
-0.016021729,0.201873779,0.178009033,0.172286987,0.120544434,0.08883667,0.105026245,0.212356567,0.203018188,0.151428223,0.140197754,0.108688354,1
0.28767395,0.160293579,0.164901733,0.255203247,0.157287598,0.107681274,0.229156494,0.212554932,0.23008728,0.178344727,0.250473022,0.203567505,0
0.224151611,0.285568237,0.210601807,0.174209595,0.195800781,0.274383545,0.250839233,0.210327148,0.219741821,0.168838501,0.239944458,0.299179077,1
0.234741211,0.196914673,0.196716309,0.36164856,0.244415283,0.194946289,0.282302856,0.252044678,0.300476074,0.48135376,0.48336792,0.282333374,1
0.296661377,0.324371338,0.496520996,0.389144897,0.376205444,0.50100708,0.323898315,0.292678833,0.312728882,0.406646729,0.3565979,0.360427856,1
0.265609741,0.240859985,0.257110596,0.277130127,0.223526001,0.207794189,0.246643066,0.279678345,0.301498413,0.119400024,0.230865479,0.264282227,1
0.720779419,0.201309204,0.192657471,0.432876587,0.268447876,0.157440186,0.324783325,0.16986084,0.119888306,0.074157715,0.164123535,0.046051025,0
0.225860596,0.232513428,0.19909668,0.233795166,0.285186768,0.190353394,0.31829834,0.287811279,0.234863281,0.291381836,0.301208496,0.196380615,1
0.104812622,0.077926636,0.137069702,0.127716064,0.11265564,0.133773804,0.213119507,0.166702271,0.214538574,0.145767212,0.045516968,0.289489746,0
0.264831543,0.206375122,0.284667969,0.338882446,0.161331177,0.315704346,0.283111572,0.270568848,0.401077271,0.399612427,0.230621338,0.393218994,1
0.175918579,0.233551025,0.20463562,0.188430786,0.187927246,0.24647522,0.180725098,0.24987793,0.128143311,0.134643555,0.205078125,0.19392395,1
0.363616943,0.236541748,0.295257568,0.338943481,0.264450073,0.279159546,0.383758545,0.219299316,0.237976074,0.350357056,0.208267212,0.230728149,1
0.220291138,0.267776489,0.239074707,0.18145752,0.271133423,0.322860718,0.271774292,0.301635742,0.217376709,0.241760254,0.282714844,0.346282959,1
0.273925781,0.220794678,0.104995728,0.224868774,0.25201416,0.107849121,0.312561035,0.250320435,0.126617432,0.16545105,0.265686035,0.169616699,0
0.168289185,0.212585449,0.208465576,0.270858765,0.165283203,0.131835938,0.152832031,0.291564941,0.261627197,0.201812744,0.257888794,0.172683716,1
0.234832764,0.170227051,0.14982605,0.126495361,0.257415771,0.281036377,0.267440796,0.108886719,0.180007935,0.305038452,0.251861572,0.195831299,1
0.142196655,0.38583374,0.270797729,0.195465088,0.327255249,0.224456787,0.181564331,0.364562988,0.234771729,0.139648438,0.283859253,0.193328857,1
0.234954834,0.234725952,0.314849854,0.202835083,0.128829956,0.256958008,0.279083252,0.190322876,0.222625732,0.190078735,0.164657593,0.315750122,1
0.303939819,0.175827026,0.179611206,0.337844849,0.202896118,0.341293335,0.32824707,0.188293457,0.137542725,0.336135864,0.244842529,0.212402344,0
0.181945801,0.277359009,0.258911133,0.243362427,0.134368896,0.28237915,0.248931885,0.341629028,0.28918457,0.235687256,0.340560913,0.292404175,1
0.350357056,0.208267212,0.230728149,0.403640747,0.214508057,0.074401855,0.311538696,0.148681641,0.172546387,0.267868042,0.271224976,0.196990967,0
0.222763062,0.22958374,0.754760742,0.326660156,0.458297729,0.82144165,0.390640259,0.207107544,0.457641602,0.65322876,0.53024292,0.396850586,0
0.190292358,0.316040039,0.279632568,0.266220093,0.214096069,-0.010177612,0.001693726,0.225631714,0.356460571,0.365432739,0.336608887,0.405181885,1
0.215911865,0.294799805,0.302200317,0.249908447,0.230697632,0.341842651,0.314559937,0.241104126,0.33480835,0.309112549,0.206207275,0.222976685,0
0.333450317,0.375915527,0.184188843,0.144088745,0.325897217,0.204437256,0.202835083,0.224197388,0.127105713,0.053482056,0.265151978,0.283889771,1
0.586608887,0.215866089,0.70350647,0.463134766,0.347122192,0.420349121,0.760574341,0.467498779,0.557617188,0.756271362,0.353225708,0.476287842,0
0.249298096,0.365783691,0.372116089,0.285415649,0.477233887,0.261398315,0.273086548,0.331451416,0.335479736,0.264526367,0.352630615,0.324829102,1
0.243713379,0.342147827,0.239028931,0.374786377,0.200790405,0.206008911,0.454330444,0.267532349,0.271881104,0.342010498,0.207519531,0.222457886,1
0.340209961,0.250549316,0.326004028,0.139755249,0.179138184,0.13331604,0.208709717,0.185821533,0.276733398,0.109024048,0.160507202,0.30128479,1
0.185836792,0.093521118,0.268371582,0.251205444,0.147994995,0.257614136,0.264892578,0.132766724,0.33656311,0.334686279,0.196975708,0.226913452,1
0.320861816,0.207138062,0.363967896,0.33757019,0.165847778,0.210266113,0.286819458,0.117996216,0.253677368,0.28767395,0.160293579,0.164901733,1
0.328933716,0.22555542,0.35546875,0.321640015,0.231506348,0.429214478,0.348617554,0.249481201,0.276809692,0.329818726,0.230529785,0.17729187,1
0.246109009,0.220809937,0.190811157,0.159790039,0.175140381,0.267700195,0.252685547,0.318771362,0.108612061,0.247238159,0.190917969,0.275650024,0
0.209564209,0.18347168,0.399307251,0.275497437,0.347885132,0.295349121,0.164886475,0.247940063,0.393783569,0.237289429,0.416488647,0.363418579,1
0.213790894,0.294464111,0.375061035,0.258117676,0.142715454,0.344482422,0.204406738,0.109008789,0.204467773,0.169586182,0.178787231,0.239425659,1
0.179992676,0.296081543,0.290710449,0.257110596,0.243408203,0.217590332,0.156799316,0.2787323,0.218200684,0.301712036,0.206314087,0.211517334,1
0.407333374,0.307998657,0.268157959,0.278717041,0.216842651,0.435409546,0.385467529,0.452072144,0.321166992,0.302459717,0.305419922,0.341186523,1
0.324447632,0.102905273,0.326660156,0.326782227,0.223464966,0.324539185,0.359771729,0.255523682,0.289932251,0.320678711,0.244049072,0.296661377,1
0.247894287,0.250274658,0.332305908,0.381347656,0.249450684,0.203262329,0.140365601,0.313934326,0.173751831,0.091064453,0.068115234,0.060134888,0
0.209396362,0.166595459,0.306060791,0.14251709,0.255981445,0.172439575,0.243286133,0.188232422,0.372848511,0.209350586,0.27835083,0.252578735,1
0.329818726,0.230529785,0.17729187,0.317321777,0.250854492,0.230895996,0.308105469,0.127609253,0.210296631,0.2940979,0.239685059,0.153930664,0
0.157302856,0.252212524,0.331497192,0.235931396,0.226486206,0.212463379,0.209564209,0.247390747,0.382507324,0.272277832,0.323242188,0.24055481,1
0.325637817,0.315917969,0.242004395,0.202636719,0.107162476,0.252593994,0.261016846,0.204376221,0.09362793,0.146209717,0.144439697,0.257751465,0
0.360855103,0.275146484,0.21383667,0.3984375,0.1769104,0.145706177,0.275878906,0.229751587,0.284347534,0.253005981,0.173629761,0.207046509,1
0.271102905,0.220413208,0.278945923,0.165344238,0.137954712,0.151901245,0.142211914,0.161254883,0.355804443,0.245651245,0.133407593,0.303955078,1
0.456375122,0.233016968,0.229629517,0.310348511,0.221115112,0.185455322,0.312438965,0.235565186,0.298828125,0.260726929,0.157562256,0.191894531,1
0.257125854,0.144134521,0.307907104,0.212783813,0.170974731,0.21321106,0.239532471,0.164657593,0.242614746,0.201858521,0.130691528,0.337677002,1
0.301422119,0.234130859,0.266143799,0.15977478,0.18522644,0.165008545,0.314682007,0.230026245,0.216262817,0.164794922,0.281936646,0.256530762,0
0.335754395,0.276657104,0.125991821,0.204223633,0.159332275,0.233337402,0.219299316,0.299713135,0.293319702,0.173126221,0.27482605,0.175247192,0
0.244979858,0.230026245,0.314147949,0.290466309,0.29196167,0.203277588,0.182922363,0.191238403,0.300842285,0.247375488,0.224594116,0.308837891,1
0.227310181,0.170211792,0.253601074,0.25302124,0.154724121,0.325836182,0.268203735,0.133056641,0.272140503,0.178619385,0.160003662,0.288864136,0
0.165924072,0.314849854,0.26385498,0.123916626,0.243041992,0.211685181,0.161132813,0.275466919,0.240524292,0.195541382,0.331298828,0.267578125,1
0.21875,0.235321045,0.220581055,0.362976074,0.273590088,0.397232056,0.278381348,0.222579956,0.268585205,0.381546021,0.265167236,0.334197998,0
0.195281982,0.351593018,0.333526611,0.356735229,0.244720459,0.195663452,0.34387207,0.381958008,0.265335083,0.318374634,0.302597046,0.162628174,1
0.047637939,-0.044235229,-0.005340576,-0.045455933,0.032455444,0.092437744,0.146102905,0.057159424,0.124664307,0.136657715,0.178695679,0.221878052,1
0.133346558,0.112838745,0.204116821,0.226104736,0.184417725,0.053924561,0.149887085,0.108261108,0.275299072,0.217681885,0.294830322,0.106765747,1
0.228759766,0.308685303,0.243362427,0.253555298,0.219833374,0.127182007,0.116607666,0.226959229,0.303237915,0.200592041,0.138916016,0.236923218,1
0.316802979,0.304168701,0.192276001,0.339614868,0.40423584,0.208129883,0.178131104,0.307601929,0.127853394,0.208908081,0.380371094,0.225921631,1
0.330169678,0.374465942,0.191421509,0.30065918,0.301635742,0.188293457,0.159805298,0.225830078,0.196044922,0.153503418,0.272689819,0.165588379,1
0.222396851,0.170684814,0.322189331,0.33114624,0.255371094,0.249542236,0.187469482,0.282867432,0.273986816,0.267684937,0.372467041,0.347625732,1
0.25567627,0.142990112,0.153656006,0.183578491,0.283493042,0.237976074,0.291732788,0.236862183,0.170669556,0.143692017,0.364044189,0.227722168,1
0.382339478,0.811325073,0.31880188,0.196289063,0.763916016,0.949447632,0.392791748,0.792770386,1.020446777,0.348587036,0.334213257,0.6824646,0
0.179122925,0.46144104,0.363113403,0.262771606,0.329406738,0.252441406,0.316741943,0.484054565,0.438949585,0.439361572,0.293899536,0.271499634,1
0.132659912,0.116149902,0.092788696,0.282821655,0.173233032,0.213684082,0.164001465,0.125152588,0.151351929,0.352844238,0.205978394,0.369140625,1
0.124557495,0.187911987,0.321136475,0.196807861,0.318359375,0.238464355,0.056793213,0.106048584,0.268127441,0.23348999,0.21472168,0.251953125,1
0.184936523,0.238845825,0.266082764,0.259368896,0.148010254,0.109420776,0.201019287,0.249893188,0.234176636,0.12651062,0.197250366,0.128799438,1
0.181030273,0.335159302,0.22052002,0.225494385,0.444885254,0.223876953,0.280334473,0.282012939,0.119766235,0.252593994,0.345077515,0.176849365,1
0.160140991,0.19367981,0.362762451,0.234375,0.346328735,0.234176636,0.203323364,0.20880127,0.419006348,0.244018555,0.26651001,0.271133423,1
0.228408813,0.217910767,0.288726807,0.190582275,0.218154907,0.481140137,0.238754272,0.304382324,0.317352295,0.230697632,0.330032349,0.35848999,1
0.291381836,0.301208496,0.196380615,0.2212677,0.218017578,0.247619629,0.194320679,0.234939575,0.266326904,0.118026733,0.182037354,0.253219604,0
0.25302124,0.154724121,0.325836182,0.268203735,0.133056641,0.272140503,0.178619385,0.160003662,0.288864136,0.248519897,0.117584229,0.31842041,1
0.147018433,0.226486206,0.338790894,0.234954834,0.234725952,0.314849854,0.202835083,0.128829956,0.256958008,0.279083252,0.190322876,0.222625732,0
0.03527832,0.21031189,0.229217529,0.222427368,0.134689331,0.225952148,0.154373169,0.231063843,0.227172852,0.281234741,0.084411621,0.178955078,0
0.324417114,0.215408325,0.335174561,0.363616943,0.236541748,0.295257568,0.338943481,0.264450073,0.279159546,0.383758545,0.219299316,0.237976074,0
0.165878296,0.140014648,0.347183228,0.296020508,0.386077881,0.252532959,0.135513306,0.159515381,0.320877075,0.22253418,0.325424194,0.238082886,1
0.172302246,0.260452271,0.261901855,0.205123901,0.237930298,0.201507568,0.22102356,0.207504272,0.267105103,0.216079712,0.255783081,0.242385864,1
0.395355225,0.247161865,0.162704468,0.254745483,0.36579895,0.27003479,0.295211792,0.238998413,0.262451172,0.172622681,0.458694458,0.351257324,1
0.169113159,0.190612793,0.267700195,0.25680542,0.267471313,0.305908203,0.185317993,0.203659058,0.263458252,0.215484619,0.250808716,0.178466797,1
1.154708862,0.542098999,0.427642822,0.807647705,0.443374634,0.219497681,0.651535034,0.852752686,0.386489868,0.333068848,0.603851318,0.439117432,0
0.514816284,0.782333374,0.333526611,0.409500122,0.631652832,0.623199463,0.737976074,0.739715576,0.546310425,0.860214233,0.792160034,0.502151489,0
0.733383179,0.280059814,0.695297241,0.538024902,0.644577026,0.359298706,0.452026367,0.796127319,0.428833008,0.461181641,0.749557495,0.404876709,0
0.222427368,0.134689331,0.225952148,0.154373169,0.231063843,0.227172852,0.281234741,0.084411621,0.178955078,0.102539063,0.241821289,0.22114563,1
0.251083374,0.187088013,0.168579102,0.126754761,0.229019165,0.324234009,0.072509766,0.36946106,0.190917969,0.016891479,0.317398071,0.331298828,0
0.615127563,0.404769897,0.560089111,0.164154053,0.297302246,0.294540405,0.550674438,0.659317017,0.350921631,0.501327515,0.562316895,0.254608154,0
0.298416138,0.283309937,0.256347656,0.319198608,0.352264404,0.28163147,0.283721924,0.266021729,0.212341309,0.248565674,0.320251465,0.22013855,0
0.228897095,0.302276611,0.279251099,0.46446228,0.366973877,0.226959229,0.323562622,0.156509399,0.035888672,0.202728271,0.117630005,0.055389404,1
0.251358032,0.10748291,0.325088501,0.089538574,0.0675354,0.05947876,0.185592651,0.096343994,0.100204468,0.223876953,0.18031311,0.162521362,1
0.200546265,0.134048462,0.287643433,0.234161377,0.309432983,0.194992065,0.189941406,0.203857422,0.225921631,0.265716553,0.25692749,0.059417725,1
0.301208496,0.319412231,0.177612305,0.165924072,0.314849854,0.26385498,0.123916626,0.243041992,0.211685181,0.161132813,0.275466919,0.240524292,0
0.168792725,0.204071045,0.161270142,0.193984985,0.272994995,0.180709839,0.331298828,0.310745239,0.170532227,0.366409302,0.329925537,0.189025879,0
0.249984741,0.418548584,0.198440552,0.201004028,0.306137085,0.278396606,0.291595459,0.34135437,0.182434082,0.181777954,0.363967896,0.252243042,0
0.201858521,0.130691528,0.337677002,0.268539429,0.158355713,0.274505615,0.213562012,0.157958984,0.30380249,0.247680664,0.139755249,0.259384155,0
0.212875366,0.313262939,0.275268555,0.333450317,0.375915527,0.184188843,0.144088745,0.325897217,0.204437256,0.202835083,0.224197388,0.127105713,0
0.339996338,0.24395752,0.246032715,0.250839233,0.2943573,0.196029663,0.211288452,0.187988281,0.154190063,0.243255615,0.317810059,0.228378296,1
0.126754761,0.229019165,0.324234009,0.072509766,0.36946106,0.190917969,0.016891479,0.317398071,0.331298828,0.207351685,0.170150757,0.201797485,1
0.194717407,0.277008057,0.312713623,0.256668091,0.236557007,0.108795166,0.200286865,0.228088379,0.348114014,0.237014771,0.342514038,0.192672729,1
0.311965942,0.253540039,0.196502686,0.224868774,0.211929321,0.174728394,0.295257568,0.243164063,0.23348999,0.220275879,0.193466187,0.147171021,0
0.26864624,0.256973267,0.248794556,0.426956177,0.333999634,0.348175049,0.284576416,0.245437622,0.289031982,0.370986938,0.296432495,0.426239014,1
0.274261475,0.205413818,0.221450806,0.172668457,0.166168213,0.217697144,0.247940063,0.184799194,0.281097412,0.189743042,0.087860107,0.314697266,1
0.152191162,0.335739136,0.274261475,0.245834351,0.312576294,0.257537842,0.193008423,0.411590576,0.260528564,0.22845459,0.336273193,0.20451355,1
0.19203186,0.188247681,0.393249512,0.300476074,0.236709595,0.442443848,0.153549194,0.175643921,0.239685059,0.23727417,0.244934082,0.210205078,1
0.323760986,0.332290649,0.09928894,0.354492188,0.330062866,0.182357788,0.281616211,0.304000854,0.215866089,0.410110474,0.333892822,0.197128296,1
0.369018555,0.305374146,0.341461182,0.397354126,0.331375122,0.28326416,0.309661865,0.375259399,0.360427856,0.377731323,0.36680603,0.200164795,1
0.321838379,0.205001831,0.203552246,0.269958496,0.275848389,0.238006592,0.240081787,0.184234619,0.204696655,0.27432251,0.298538208,0.225997925,1
0.190078735,0.164657593,0.315750122,0.257125854,0.144134521,0.307907104,0.212783813,0.170974731,0.21321106,0.239532471,0.164657593,0.242614746,0
0.159317017,0.158996582,0.187988281,0.234268188,0.118591309,0.19519043,0.209365845,0.296417236,0.41973877,0.263931274,0.309356689,0.081695557,1
0.216262817,0.389968872,0.314453125,0.144638062,0.371871948,0.320114136,0.093429565,0.378662109,0.295669556,0.152908325,0.379760742,0.274185181,1
0.410110474,0.333892822,0.197128296,0.346420288,0.288696289,0.218688965,0.397705078,0.264541626,0.19367981,0.308654785,0.225952148,0.162185669,0
0.197357178,0.164489746,0.207290649,0.291595459,0.214859009,0.24331665,0.204025269,0.213577271,0.341567993,0.323165894,0.250106812,0.380783081,0
0.212814331,0.282867432,0.249938965,0.410247803,0.30557251,0.244857788,0.373901367,0.262145996,0.224700928,0.407608032,0.262023926,0.141296387,0
0.226013184,0.251846313,0.222915649,0.253631592,0.274749756,0.215606689,0.353408813,0.307250977,0.271759033,0.359161377,0.368896484,0.240753174,0
0.301528931,0.194396973,0.136459351,0.290176392,0.247055054,0.266815186,0.254226685,0.21270752,0.226959229,0.226013184,0.251846313,0.222915649,1
0.278030396,0.311767578,0.238632202,0.288864136,0.274597168,0.217178345,0.387023926,0.324081421,0.236831665,0.267532349,0.295227051,0.194549561,0
0.454574585,0.387268066,0.284500122,0.237319946,0.455718994,0.296432495,0.088882446,0.237518311,0.279647827,0.227218628,0.444503784,0.301589966,1
0.392807007,0.289138794,0.343765259,0.296417236,0.203140259,0.266601563,0.398300171,0.239044189,0.184371948,0.212814331,0.282867432,0.249938965,1
0.399612427,0.230621338,0.393218994,0.280151367,0.146972656,0.397109985,0.293899536,0.190246582,0.281204224,0.289520264,0.153427124,0.43711853,0
0.222213745,0.368927002,0.168960571,0.104309082,0.316604614,0.403305054,0.327392578,0.32019043,0.205307007,0.117797852,0.142242432,0.133483887,1
0.115524292,0.288269043,0.293304443,0.126586914,0.248046875,0.26600647,0.167724609,0.255722046,0.272705078,0.209075928,0.130187988,0.28817749,0
0.180618286,0.172042847,0.250213623,0.265151978,0.245178223,0.151504517,0.165435791,0.235397339,0.215713501,0.212677002,0.309921265,0.091567993,1
0.284820557,0.252731323,0.193603516,0.147369385,0.177062988,0.240753174,0.48727417,0.294509888,0.202362061,0.244796753,0.35244751,0.259613037,0
0.202636719,0.107162476,0.252593994,0.261016846,0.204376221,0.09362793,0.146209717,0.144439697,0.257751465,0.254089355,0.264923096,0.201812744,1
0.205841064,0.337112427,0.308929443,0.283889771,0.21697998,0.276565552,0.239456177,0.247695923,0.187713623,0.234008789,0.448822021,0.332321167,1
0.344665527,0.248764038,0.311843872,0.255569458,0.266967773,0.23197937,0.3387146,0.309692383,0.214492798,0.309066772,0.272232056,0.208984375,1
0.15977478,0.18522644,0.165008545,0.314682007,0.230026245,0.216262817,0.164794922,0.281936646,0.256530762,0.335754395,0.276657104,0.125991821,1
0.327468872,0.186843872,0.247940063,0.366668701,0.304718018,0.274505615,0.202774048,0.189071655,0.191864014,0.373855591,0.257019043,0.254119873,1
0.363433838,0.207427979,0.109375,0.360855103,0.275146484,0.21383667,0.3984375,0.1769104,0.145706177,0.275878906,0.229751587,0.284347534,0
0.195251465,0.215118408,0.280181885,0.214828491,0.271392822,0.150848389,0.156341553,0.192840576,0.206222534,0.219238281,0.274093628,0.046005249,1