-0.741973877,-0.723419189,-0.631637573,-0.639312744,-0.647994995,-0.549972534,-0.664123535,-0.58656311,-0.702423096,-0.532531738,-0.538269043,-0.558563232,1
-0.179229736,-0.197891235,-0.21156311,-0.136947632,-0.265274048,-0.325271606,-0.24420166,-0.258102417,-0.134185791,-0.14440918,-0.18737793,-0.305236816,0
-0.360839844,-0.04258728,-0.364868164,-0.113006592,0.077270508,0.032699585,-0.287033081,-0.218002319,-0.073501587,0.050704956,-0.266693115,-0.128387451,0
-0.179962158,-0.172927856,-0.201156616,-0.173431396,-0.155273438,-0.113220215,-0.162719727,-0.138244629,-0.215774536,-0.12828064,-0.181793213,-0.17048645,0
-0.049667358,-0.098480225,-0.042251587,-0.101959229,-0.071426392,-0.090667725,-0.177642822,-0.254653931,-0.276947021,-0.239089966,-0.160263062,-0.180160522,1
0.103210449,-0.038467407,-0.518661499,-0.608520508,-0.300186157,-0.399246216,-0.374664307,-0.428497314,-0.774810791,-0.952316284,-0.76940918,-0.196166992,0
-0.197860718,-0.325363159,-0.3046875,-0.208267212,-0.250396729,-0.252502441,-0.09967041,-0.266967773,-0.211135864,-0.233581543,-0.185012817,-0.258483887,1
-0.339401245,-0.33114624,-0.272598267,-0.228713989,-0.245025635,-0.21723938,-0.296203613,-0.272079468,-0.224502563,-0.293365479,-0.268463135,-0.167114258,1
-0.26322937,-0.268814087,-0.246520996,-0.27923584,-0.24307251,-0.340057373,-0.258087158,-0.131134033,-0.378860474,-0.328491211,-0.249694824,-0.335372925,1
-0.183364868,-0.30255127,-0.333023071,-0.287017822,-0.259597778,-0.180007935,-0.189117432,-0.169464111,-0.345489502,-0.33480835,-0.220489502,-0.275466919,0
-0.208358765,-0.160690308,-0.143585205,-0.314987183,-0.246734619,-0.271972656,-0.295410156,-0.206756592,-0.272155762,-0.357681274,-0.307601929,-0.234893799,1
-0.129821777,-0.150375366,-0.240692139,-0.223007202,-0.193969727,-0.297607422,-0.190872192,-0.24206543,-0.282821655,-0.240692139,-0.251174927,-0.278030396,0
-0.274749756,-0.251739502,-0.239395142,-0.271453857,-0.241409302,-0.266342163,-0.25630188,-0.262817383,-0.294204712,-0.264160156,-0.320556641,-0.157836914,1
-0.210342407,-0.205612183,-0.328155518,-0.143493652,-0.176269531,-0.113433838,-0.133224487,-0.204452515,-0.272796631,-0.227874756,-0.220352173,-0.126922607,1
-0.362426758,-0.266876221,-0.265960693,-0.235229492,-0.225814819,-0.243469238,-0.286087036,-0.2109375,-0.20173645,-0.155960083,-0.197738647,-0.289916992,0
-0.317367554,-0.381576538,-0.251281738,-0.398193359,-0.378860474,-0.336334229,-0.347579956,-0.248764038,-0.239929199,-0.285995483,-0.28225708,-0.289779663,1
-0.094894409,-0.36479187,-0.183227539,-0.219467163,-0.040817261,0.02545166,-0.242538452,-0.048583984,-0.362014771,0.058502197,-0.297897339,-0.063568115,0
-0.272857666,-0.07460022,-0.20350647,-0.138504028,-0.290847778,-0.120666504,-0.229568481,-0.17729187,-0.17175293,-0.193481445,-0.261047363,-0.240982056,0
-0.23260498,-0.264938354,-0.224029541,-0.253433228,-0.359817505,-0.411499023,-0.363220215,-0.143951416,-0.236801147,-0.191040039,-0.278457642,-0.225860596,0
-0.215438843,-0.155639648,-0.228134155,-0.109420776,-0.111129761,-0.117172241,-0.2315979,-0.197723389,-0.143600464,-0.349105835,-0.138885498,-0.091064453,0
-0.375396729,-0.291976929,-0.2474823,-0.548553467,-0.139328003,-0.432098389,-0.278915405,-0.221664429,-0.388656616,-0.142669678,-0.35168457,-0.207443237,1
-0.087173462,-0.159667969,-0.385238647,-0.320037842,-0.139801025,-0.167388916,-0.260009766,-0.280075073,-0.218826294,-0.210266113,-0.234039307,-0.147186279,1
-0.254943848,-0.096710205,-0.308044434,-0.221557617,-0.090072632,-0.230422974,-0.33454895,-0.145050049,-0.238418579,-0.306045532,-0.179748535,-0.325775146,1
-0.260177612,-0.355743408,-0.23236084,-0.265594482,-0.369094849,-0.242492676,-0.221694946,-0.232696533,-0.231414795,-0.167098999,-0.341506958,-0.181625366,0
-0.294677734,-0.16960144,-0.230407715,-0.270339966,-0.367965698,-0.332763672,-0.263214111,-0.254852295,-0.228164673,-0.046188354,-0.224197388,-0.217025757,1
-0.320480347,-0.130432129,-0.217727661,-0.180038452,-0.183990479,-0.384872437,-0.0262146,-0.1693573,-0.265808105,-0.19821167,-0.215942383,-0.445373535,0
-0.425201416,-0.264968872,-0.352798462,-0.288818359,-0.310653687,-0.468078613,-0.455917358,-0.421722412,-0.268554688,-0.19140625,-0.286621094,-0.398681641,1
-0.279037476,-0.195678711,-0.18270874,-0.311019897,-0.272323608,-0.277984619,-0.315994263,-0.24786377,-0.199203491,-0.233261108,-0.185119629,-0.253494263,1
-0.188430786,-0.108261108,-0.198699951,-0.183395386,-0.120803833,-0.228683472,-0.147613525,-0.0806427,-0.207977295,-0.242645264,-0.102325439,-0.12411499,1
-0.274536133,-0.300292969,-0.192047119,-0.402069092,-0.369491577,-0.285446167,-0.286605835,-0.29876709,-0.238632202,-0.361465454,-0.359191895,-0.360244751,1
-0.219604492,-0.220977783,-0.335861206,-0.149719238,-0.477371216,-0.329559326,-0.324279785,-0.497817993,-0.218597412,-0.360855103,-0.183151245,-0.261764526,1
-0.108642578,-0.091262817,-0.198364258,-0.225494385,-0.203613281,-0.233291626,-0.30279541,-0.234954834,-0.232925415,-0.084289551,-0.301956177,-0.186706543,0
-0.384017944,-0.246246338,-0.285995483,-0.291564941,-0.206604004,-0.17098999,-0.20539856,-0.208496094,-0.231369019,-0.306594849,-0.34916687,-0.331756592,1
-0.308853149,-0.313491821,-0.234558105,-0.316574097,-0.35218811,-0.345855713,-0.273544312,-0.292709351,-0.206329346,-0.238876343,-0.498001099,-0.370254517,1
-0.16835022,-0.167480469,-0.387176514,-0.284927368,-0.229354858,-0.363449097,-0.205474854,-0.341598511,-0.313034058,-0.259384155,-0.39112854,-0.197021484,1
-0.303161621,-0.23538208,-0.252563477,-0.238189697,-0.26335144,-0.3409729,-0.36505127,-0.233978271,-0.262023926,-0.268722534,-0.251968384,-0.209289551,1
-0.276626587,-0.096984863,-0.107467651,-0.333007813,-0.312637329,-0.238723755,-0.387634277,-0.225311279,-0.138137817,-0.448425293,-0.2862854,-0.177520752,0
-0.208297729,-0.115249634,-0.423370361,-0.354141235,-0.413955688,-0.357070923,-0.220214844,-0.207839966,-0.210189819,-0.288604736,-0.292800903,-0.078277588,0
-0.333023071,-0.287017822,-0.259597778,-0.180007935,-0.189117432,-0.169464111,-0.345489502,-0.33480835,-0.220489502,-0.275466919,-0.286148071,-0.204177856,1
-0.219680786,-0.242141724,-0.436462402,-0.405487061,-0.298934937,-0.322372437,-0.330047607,-0.299713135,-0.359725952,-0.302185059,-0.332351685,-0.485107422,1
-0.162033081,-0.307174683,-0.174789429,-0.161834717,-0.272872925,-0.122268677,-0.185928345,-0.21774292,-0.195129395,-0.162658691,-0.198181152,-0.218597412,0
-0.158233643,-0.141418457,-0.078857422,-0.242004395,-0.199554443,-0.242630005,-0.216125488,-0.16506958,-0.118408203,-0.356552124,-0.239349365,-0.285125732,1
-0.405822754,-0.154037476,-0.184967041,-0.330307007,-0.31362915,-0.271759033,-0.244506836,-0.395065308,-0.322540283,-0.344818115,-0.293014526,-0.293807983,1
-0.365127563,-0.375289917,-0.262512207,-0.249359131,-0.153640747,-0.132598877,-0.351882935,-0.19833374,-0.129013062,-0.138870239,-0.416992188,-0.165283203,1
-0.222305298,-0.333969116,-0.264526367,-0.329437256,-0.366592407,-0.28213501,-0.194854736,-0.289932251,-0.262710571,-0.250289917,-0.408538818,-0.321716309,1
-0.204864502,-0.190093994,-0.365188599,-0.362976074,-0.264984131,-0.375518799,-0.21232605,-0.103363037,-0.433502197,-0.242431641,-0.080856323,-0.347930908,1
-0.25843811,-0.201034546,-0.312515259,-0.120727539,-0.142593384,-0.235946655,-0.13633728,-0.235412598,-0.116226196,-0.217941284,-0.158218384,-0.223327637,0
-0.277954102,-0.23487854,-0.187393188,-0.40423584,-0.352890015,-0.301727295,-0.337005615,-0.313659668,-0.220581055,-0.342453003,-0.300720215,-0.284118652,1
-0.303939819,-0.160522461,-0.119171143,-0.189422607,-0.305221558,-0.176574707,-0.314498901,-0.141143799,-0.038360596,-0.239303589,-0.25843811,-0.201034546,1
-0.461639404,-0.347412109,-0.293395996,-0.326126099,-0.190063477,-0.215240479,-0.309295654,-0.236877441,-0.246658325,-0.173431396,-0.202560425,-0.280532837,1
-0.296264648,-0.306243896,-0.186340332,-0.275772095,-0.259872437,-0.207641602,-0.306243896,-0.108398438,-0.112411499,-0.312408447,-0.177841187,-0.140396118,0
-0.279693604,-0.224533081,-0.170303345,-0.476272583,-0.370864868,-0.351791382,-0.351409912,-0.287628174,-0.244415283,-0.285247803,-0.355606079,-0.261169434,1
-0.352661133,-0.165161133,-0.271224976,-0.356628418,-0.164016724,-0.249786377,-0.102920532,-0.409484863,-0.328384399,-0.102371216,0.014221191,-0.174942017,1
-0.321212769,-0.096252441,-0.158889771,-0.12953186,-0.237670898,-0.240005493,-0.002304077,0.000808716,-0.213378906,0.102798462,-0.003356934,0.012069702,0
-0.202651978,-0.314437866,-0.316070557,-0.16317749,-0.287643433,-0.169403076,-0.209472656,-0.329147339,-0.232269287,-0.219940186,-0.275772095,-0.241012573,0
-0.435531616,-0.398757935,-0.216781616,0.10949707,-0.087677002,-0.27935791,-0.228042603,-0.212417603,0.250946045,-0.173278809,-0.045349121,-0.278274536,0
-0.349731445,-0.187728882,-0.186035156,-0.370452881,-0.217727661,-0.267501831,-0.126174927,-0.162994385,-0.102340698,-0.227767944,-0.147735596,-0.205230713,0
-0.265960693,-0.235229492,-0.225814819,-0.243469238,-0.286087036,-0.2109375,-0.20173645,-0.155960083,-0.197738647,-0.289916992,-0.289459229,-0.225830078,1
-0.222808838,-0.191207886,-0.127822876,-0.196716309,-0.070770264,-0.151031494,-0.195877075,-0.18901062,-0.102081299,-0.206344604,-0.121704102,-0.071578979,1
-0.462112427,-0.384689331,-0.260620117,-0.290161133,-0.24848938,-0.197067261,-0.369186401,-0.38432312,-0.265441895,-0.357528687,-0.333496094,-0.255111694,1
-0.162994385,-0.208526611,-0.183013916,-0.197677612,-0.096511841,-0.152648926,-0.181533813,-0.141921997,-0.14881897,-0.202453613,-0.187789917,-0.119918823,0
-0.130706787,-0.172607422,-0.296188354,-0.200057983,-0.211959839,-0.277145386,-0.120025635,-0.158432007,-0.299697876,-0.299209595,-0.212814331,-0.290176392,1
-0.350784302,-0.244369507,-0.310409546,-0.34034729,-0.21572876,-0.201034546,-0.319641113,-0.162445068,-0.139068604,-0.349365234,-0.071914673,-0.360656738,1
-0.166397095,-0.203033447,-0.215805054,-0.253326416,-0.234649658,-0.07585144,-0.028381348,-0.068710327,-0.169967651,-0.152053833,-0.29876709,-0.219665527,1
-0.253250122,-0.118148804,-0.194641113,-0.190612793,-0.111785889,-0.140594482,-0.255050659,-0.161331177,-0.149200439,-0.141204834,-0.136642456,-0.308959961,0
-0.305419922,-0.225799561,-0.268829346,-0.422958374,-0.369293213,-0.293395996,-0.42628479,-0.345581055,-0.2421875,-0.458999634,-0.339111328,-0.336120605,1
-0.160369873,-0.221755981,-0.267440796,-0.113494873,-0.236679077,-0.465011597,-0.024078369,-0.108139038,-0.167663574,-0.360061646,-0.363296509,-0.133392334,1
-0.16696167,-0.252960205,-0.196762085,-0.20211792,-0.233078003,-0.214874268,-0.203460693,-0.126998901,-0.310592651,-0.295425415,-0.252212524,-0.353637695,1
-0.239303589,-0.212020874,-0.311340332,-0.282943726,-0.302230835,-0.292282104,-0.335678101,-0.083175659,-0.143966675,-0.276535034,-0.241653442,-0.198379517,1
-0.23840332,-0.281524658,-0.16545105,-0.200302124,-0.25177002,-0.284973145,-0.229644775,-0.322952271,-0.163711548,-0.206436157,-0.289093018,-0.207168579,1
-0.402694702,-0.252380371,-0.256958008,-0.39225769,-0.318603516,-0.30140686,-0.393127441,-0.395294189,-0.255523682,-0.344772339,-0.322357178,-0.386016846,1
-0.192077637,-0.331039429,-0.258651733,-0.109130859,-0.319244385,-0.242279053,-0.187088013,-0.295715332,-0.182052612,-0.132705688,-0.331222534,-0.285583496,0
-0.219314575,-0.224594116,-0.254379272,-0.375366211,-0.333679199,-0.173706055,-0.200195313,-0.241378784,-0.160430908,-0.330474854,-0.219558716,-0.198242188,0
0.110092163,0.014938354,-0.050460815,-0.415557861,0.15536499,-0.17326355,0.114883423,0.049026489,-0.136993408,0.122756958,-0.237350464,-0.06602478,0
-0.428344727,-0.316757202,-0.179626465,-0.585494995,-0.648651123,-0.624786377,-0.661758423,-0.52432251,-0.442779541,-0.475799561,-0.588928223,-0.345291138,1
-0.18977356,-0.165359497,-0.202163696,-0.187530518,-0.179107666,-0.042694092,-0.115524292,-0.080307007,-0.073364258,-0.167526245,-0.253250122,-0.118148804,1
-0.183013916,-0.197677612,-0.096511841,-0.152648926,-0.181533813,-0.141921997,-0.14881897,-0.202453613,-0.187789917,-0.119918823,-0.159957886,-0.24118042,1
-0.251373291,-0.123886108,-0.305526733,-0.298065186,-0.21522522,-0.206466675,-0.110794067,-0.147628784,-0.075515747,-0.321350098,-0.324142456,-0.211837769,1
-0.30809021,-0.28956604,-0.159973145,-0.298919678,-0.175231934,-0.338973999,-0.283218384,-0.361602783,-0.36416626,-0.260955811,-0.260177612,-0.355743408,1
-0.045211792,-0.214019775,-0.249740601,-0.184066772,-0.15977478,-0.156280518,-0.167251587,-0.216674805,-0.188613892,-0.203231812,-0.139846802,-0.105148315,1
-0.37071228,-0.255905151,-0.1690979,-0.214782715,-0.328292847,-0.162857056,-0.132629395,-0.20375061,-0.097595215,-0.247207642,-0.202163696,-0.156524658,0
-0.171463013,-0.404495239,-0.323989868,-0.30456543,-0.311859131,-0.152236938,-0.253814697,-0.253997803,-0.360778809,-0.298171997,-0.286727905,-0.384872437,1
-0.220855713,-0.222335815,-0.110321045,-0.100997925,-0.187896729,-0.167739868,-0.242294312,-0.123413086,-0.171600342,-0.15284729,-0.153518677,-0.175109863,0
-0.30670166,-0.100189209,-0.056274414,0.095336914,-0.13343811,-0.123046875,-0.155334473,-0.12512207,-0.026550293,-0.162124634,-0.062820435,-0.069442749,0
-0.220428467,-0.017593384,-0.072616577,-0.133621216,-0.272079468,-0.092834473,-0.129699707,0.114822388,1.005981445,0.015472412,-0.084869385,0.019760132,0
-0.138885498,-0.168243408,-0.036071777,-0.097976685,-0.172332764,-0.123413086,0.01890564,-0.210540771,-0.088790894,-0.02293396,-0.041442871,-0.192337036,0
-0.268753052,-0.276199341,-0.265182495,-0.24067688,-0.20123291,-0.234603882,-0.379180908,-0.256057739,-0.308074951,-0.401611328,-0.114059448,-0.143722534,0
-0.185348511,-0.125686646,-0.15927124,-0.100814819,-0.132568359,-0.043365479,-0.358901978,-0.067901611,-0.135040283,-0.146759033,-0.287078857,-0.17729187,0
-0.265182495,-0.24067688,-0.20123291,-0.234603882,-0.379180908,-0.256057739,-0.308074951,-0.401611328,-0.114059448,-0.143722534,-0.216491699,-0.195663452,1
-0.25604248,-0.156646729,-0.169754028,-0.235519409,-0.20161438,-0.160568237,-0.224014282,-0.157669067,-0.185424805,-0.130752563,-0.181686401,-0.249526978,0
-0.324783325,-0.227920532,-0.127044678,-0.388137817,-0.336654663,-0.37097168,-0.336608887,-0.304275513,-0.153152466,-0.317337036,-0.4375,-0.222229004,1
-0.334396362,-0.316818237,-0.448059082,-0.223846436,-0.233612061,-0.445526123,-0.21887207,-0.340942383,-0.234893799,-0.211120605,-0.26399231,-0.324127197,1
-0.188369751,-0.123443604,-0.178497314,0.409225464,-0.242553711,-0.343353271,-0.164459229,-0.027099609,-0.2162323,-0.06867981,0.012283325,-0.244949341,0
-0.113525391,-0.421585083,-0.365234375,-0.221893311,-0.274749756,-0.285079956,-0.115951538,-0.378250122,-0.29397583,-0.214797974,-0.37071228,-0.255905151,1
-0.156890869,-0.221435547,-0.233947754,-0.214279175,-0.158782959,-0.226104736,-0.283599854,-0.253463745,-0.250854492,-0.249923706,-0.194702148,-0.215087891,1
-0.30670166,-0.397094727,-0.488189697,-0.438308716,-0.340179443,-0.322006226,-0.139266968,-0.192001343,-0.394882202,-0.219314575,-0.225921631,-0.466369629,1
-0.332351685,-0.485107422,-0.25730896,-0.227966309,-0.350845337,-0.330947876,-0.244995117,-0.394332886,-0.22505188,-0.241790771,-0.186233521,-0.244400024,0
-0.305709839,-0.217727661,-0.174285889,-0.336029053,-0.233734131,-0.251846313,-0.279266357,-0.287261963,-0.202301025,-0.294418335,-0.270828247,-0.217849731,1
-0.481414795,-0.337982178,-0.252120972,-0.328125,-0.186340332,-0.179336548,-0.422271729,-0.367965698,-0.274185181,-0.219787598,-0.358276367,-0.353591919,1
-0.253570557,-0.272628784,-0.214248657,-0.213973999,-0.345245361,-0.297607422,-0.352172852,-0.377975464,-0.269363403,-0.286880493,-0.41242981,-0.275177002,1
-0.20741272,-0.174926758,-0.060440063,-0.179336548,-0.020141602,-0.070541382,-0.251480103,-0.169967651,-0.16835022,-0.136062622,-0.070526123,0.094482422,0
-0.140396118,-0.327148438,-0.299499512,-0.169372559,-0.284851074,-0.260147095,-0.085067749,-0.261550903,-0.352996826,-0.256271362,-0.349731445,-0.187728882,1
-0.383300781,-0.291427612,-0.1275177,-0.182800293,-0.32144165,-0.201751709,-0.153930664,-0.144760132,-0.113632202,-0.210067749,-0.240768433,-0.158737183,1
-0.276733398,-0.268600464,-0.23236084,-0.243850708,-0.244522095,-0.187423706,-0.212631226,-0.442733765,-0.20753479,-0.173980713,-0.256225586,-0.289810181,1
-0.253662109,-0.329605103,-0.275161743,-0.270462036,-0.445404053,-0.403259277,-0.246307373,-0.395736694,-0.314682007,-0.251113892,-0.39932251,-0.359680176,1
-0.157333374,-0.37979126,-0.250915527,-0.344604492,-0.245361328,-0.228973389,-0.492538452,-0.347640991,-0.330963135,-0.445449829,-0.309661865,-0.26423645,1
-0.38092041,-0.247451782,-0.289031982,-0.343048096,-0.22769165,-0.538772583,-0.408676147,-0.32598877,-0.489028931,-0.244766235,-0.289077759,-0.36857605,1
-0.144165039,-0.217330933,-0.419403076,-0.115219116,-0.446548462,-0.181060791,-0.036804199,-0.047821045,-0.189758301,-0.337509155,-0.336761475,-0.171035767,0
-0.256881714,-0.278259277,-0.217926025,-0.27305603,-0.173019409,-0.202056885,-0.359603882,-0.279296875,-0.162353516,-0.24571228,-0.223754883,-0.215255737,1
-0.138748169,-0.176254272,-0.11164856,-0.091842651,-0.127838135,-0.314102173,-0.315704346,-0.262039185,-0.188400269,-0.18057251,-0.308959961,-0.362182617,1
-0.216491699,-0.195663452,-0.260925293,-0.21836853,-0.235168457,-0.142913818,-0.12109375,-0.159332275,-0.24395752,-0.305450439,-0.258544922,-0.286773682,0
-0.324142456,-0.211837769,-0.361160278,-0.391296387,-0.219024658,-0.51222229,-0.345977783,-0.442245483,-0.443511963,-0.216873169,-0.201248169,-0.142852783,0
-0.196670532,-0.230239868,-0.087173462,-0.159667969,-0.385238647,-0.320037842,-0.139801025,-0.167388916,-0.260009766,-0.280075073,-0.218826294,-0.210266113,0
-0.22026062,-0.238830566,-0.16116333,-0.21005249,-0.119567871,-0.440734863,-0.382125854,-0.260467529,-0.344848633,-0.202453613,-0.153320313,-0.343185425,0
-0.273620605,-0.263259888,-0.24887085,-0.125396729,-0.256164551,-0.265823364,-0.218948364,-0.19644165,-0.271270752,-0.173110962,-0.210525513,-0.255554199,1
-0.116790771,-0.141906738,-0.238082886,-0.345367432,-0.219161987,-0.350097656,-0.174163818,-0.121520996,-0.283981323,-0.285385132,-0.225997925,-0.200714111,0
-0.065155029,-0.104888916,-0.137176514,-0.105514526,-0.145111084,-0.133377075,-0.085266113,-0.147567749,-0.087463379,-0.075714111,-0.183273315,-0.072479248,1
-0.258651733,-0.109130859,-0.319244385,-0.242279053,-0.187088013,-0.295715332,-0.182052612,-0.132705688,-0.331222534,-0.285583496,-0.235336304,-0.233642578,1
-0.157714844,-0.205368042,-0.177886963,-0.123336792,-0.082229614,-0.129776001,-0.175888062,-0.161331177,-0.287231445,-0.325302124,-0.225097656,-0.223876953,0
-0.092132568,-0.145263672,-0.225921631,-0.254867554,-0.164123535,-0.252822876,-0.128189087,-0.187530518,-0.244277954,-0.258255005,-0.183532715,-0.306991577,0
-0.320037842,-0.396850586,-0.221466064,-0.248077393,-0.311813354,-0.103225708,-0.305496216,-0.196914673,-0.155334473,-0.158508301,-0.172088623,-0.164093018,1
-0.107467651,-0.333007813,-0.312637329,-0.238723755,-0.387634277,-0.225311279,-0.138137817,-0.448425293,-0.2862854,-0.177520752,-0.253204346,-0.139053345,1
-0.114852905,-0.364929199,-0.321716309,-0.170669556,-0.371002197,-0.368591309,-0.086853027,-0.364654541,-0.302627563,-0.281219482,-0.211456299,-0.261550903,0
-0.278015137,-0.348678589,-0.25,-0.400390625,-0.35206604,-0.230056763,-0.211715698,-0.225341797,-0.201126099,-0.521392822,-0.358474731,-0.195022583,1
-0.11491394,-0.196746826,-0.268554688,-0.120834351,-0.206542969,-0.135528564,-0.33366394,-0.25163269,-0.221298218,-0.23046875,-0.258331299,-0.125839233,1
-0.387298584,-0.33442688,-0.483261108,-0.209655762,-0.278656006,-0.321640015,-0.211502075,-0.30178833,-0.166549683,-0.201889038,-0.379684448,-0.334594727,0
-0.452789307,-0.403656006,-0.36050415,-0.247406006,-0.27633667,-0.371688843,-0.246444702,-0.420181274,-0.236968994,-0.163619995,-0.29510498,-0.326568604,1
-0.461959839,-0.336639404,-0.122940063,-0.1040802,-0.161682129,-0.219543457,-0.283874512,-0.259124756,-0.165786743,-0.073760986,-0.123245239,-0.086853027,0
-0.214050293,-0.269332886,-0.225982666,-0.193054199,-0.540298462,-0.281066895,-0.080001831,-0.359375,-0.272842407,-0.130554199,-0.213439941,-0.174942017,1
-0.021987915,-0.085281372,-0.346664429,-0.328491211,-0.216094971,-0.190093994,-0.101348877,-0.134750366,-0.052139282,0.030349731,-0.118438721,-0.072906494,0
-0.361160278,-0.391296387,-0.219024658,-0.51222229,-0.345977783,-0.442245483,-0.443511963,-0.216873169,-0.201248169,-0.142852783,-0.246520996,-0.334243774,1
-0.313110352,-0.318374634,-0.219238281,-0.266189575,-0.54460144,-0.445724487,-0.396072388,-0.443466187,-0.197052002,-0.218521118,-0.471206665,-0.304916382,1
-0.315048218,-0.210144043,-0.176544189,-0.341796875,-0.228713989,-0.138305664,-0.257980347,-0.350418091,-0.311141968,-0.157394409,-0.320480347,-0.130432129,1
-0.332824707,-0.22996521,-0.403991699,-0.261672974,-0.195236206,-0.38444519,-0.494033813,-0.242828369,-0.204925537,-0.317260742,-0.120895386,-0.249649048,0
-0.23236084,-0.265594482,-0.369094849,-0.242492676,-0.221694946,-0.232696533,-0.231414795,-0.167098999,-0.341506958,-0.181625366,-0.208297729,-0.115249634,1
-0.243713379,-0.178436279,-0.323348999,-0.257492065,-0.226028442,-0.299346924,-0.186355591,-0.146789551,-0.47102356,-0.305938721,-0.333648682,-0.281341553,1
-0.280578613,-0.222732544,-0.106552124,-0.36579895,-0.295120239,-0.198852539,-0.211959839,-0.235916138,-0.121276855,-0.219528198,-0.216949463,-0.106735229,1
-0.29359436,-0.23626709,-0.370513916,-0.165756226,-0.195846558,-0.32623291,-0.208755493,-0.229919434,-0.262207031,-0.184494019,-0.112869263,-0.215942383,1
-0.277679443,-0.384155273,-0.285736084,-0.106903076,-0.1512146,-0.248321533,-0.256942749,-0.225753784,-0.267913818,-0.232788086,-0.183364868,-0.30255127,1
-0.320083618,-0.204681396,-0.291351318,-0.308181763,-0.329833984,-0.313537598,-0.342391968,-0.266174316,-0.182510376,-0.475723267,-0.424316406,-0.275024414,1
-0.207443237,-0.239151001,-0.167694092,-0.321914673,-0.19229126,-0.244537354,-0.18409729,-0.261245728,-0.353942871,-0.295074463,-0.089279175,-0.079116821,1
-0.191696167,-0.52130127,-0.260467529,-0.260116577,-0.159515381,-0.303497314,-0.234924316,-0.233047485,-0.277175903,-0.139633179,-0.263366699,-0.178405762,0
-0.319046021,-0.136901855,-0.376739502,-0.422744751,-0.237426758,-0.406982422,-0.331359863,-0.046844482,-0.199554443,-0.30355835,-0.179229736,-0.197891235,1
-0.265548706,-0.246337891,-0.402694702,-0.252380371,-0.256958008,-0.39225769,-0.318603516,-0.30140686,-0.393127441,-0.395294189,-0.255523682,-0.344772339,0
-0.253204346,-0.139053345,-0.300003052,-0.300323486,-0.229949951,-0.279815674,-0.229293823,-0.175750732,-0.209228516,-0.339706421,-0.215789795,-0.328216553,0
-0.201156616,-0.173431396,-0.155273438,-0.113220215,-0.162719727,-0.138244629,-0.215774536,-0.12828064,-0.181793213,-0.17048645,-0.147705078,-0.179672241,1
-0.207809448,-0.309249878,-0.264038086,-0.361404419,-0.318954468,-0.275604248,-0.27255249,-0.268615723,-0.199691772,-0.179794312,-0.34085083,-0.22593689,1
-0.589904785,-0.224105835,-0.274459839,-0.183639526,-0.26008606,-0.353500366,-0.264266968,-0.205566406,-0.286987305,-0.25151062,-0.174102783,-0.386505127,1
-0.200515747,-0.117202759,-0.133239746,-0.131912231,-0.192871094,-0.218505859,-0.229202271,-0.232467651,-0.124267578,-0.219772339,-0.162658691,-0.263519287,1
-0.260467529,-0.260116577,-0.159515381,-0.303497314,-0.234924316,-0.233047485,-0.277175903,-0.139633179,-0.263366699,-0.178405762,-0.162033081,-0.307174683,1
-0.370025635,-0.385314941,-0.279220581,-0.404449463,-0.41178894,-0.306838989,-0.378433228,-0.304122925,-0.231033325,-0.334640503,-0.235198975,-0.169570923,1
-0.350692749,-0.374221802,-0.29498291,-0.251846313,-0.367538452,-0.286056519,-0.190628052,-0.340698242,-0.234405518,-0.210479736,-0.356521606,-0.29309082,1
-0.138687134,-0.361068726,-0.05329895,0.256271362,0.033538818,-0.397644043,-0.215087891,-0.090942383,-0.174377441,0.08253479,-0.038864136,-0.385910034,0
-0.365539551,-0.30619812,-0.311538696,-0.240722656,-0.179855347,-0.415863037,-0.365158081,-0.335678101,-0.205825806,-0.37399292,-0.283477783,-0.320999146,1
-0.020523071,-0.231948853,-0.114013672,-0.041168213,-0.059921265,-0.224838257,-0.073196411,-0.055541992,0.150650024,0.14831543,-0.137557983,-0.112625122,0
-0.106201172,-0.119659424,-0.050918579,-0.062561035,-0.126190186,-0.174468994,-0.119232178,0.105255127,0.257888794,-0.316345215,-0.124984741,-0.048324585,0
-0.20350647,-0.138504028,-0.290847778,-0.120666504,-0.229568481,-0.17729187,-0.17175293,-0.193481445,-0.261047363,-0.240982056,-0.192077637,-0.331039429,1
-0.258987427,-0.349411011,-0.36416626,-0.332183838,-0.481903076,-0.41116333,-0.340805054,-0.424743652,-0.302993774,-0.430953979,-0.503845215,-0.39944458,1
-0.350540161,-0.260620117,-0.158782959,-0.351623535,-0.297164917,-0.175888062,-0.260620117,-0.278060913,-0.189025879,-0.402435303,-0.304946899,-0.23097229,1
-0.289459229,-0.225830078,-0.182525635,-0.258560181,-0.194671631,-0.342483521,-0.294082642,-0.20916748,-0.304382324,-0.288284302,-0.146408081,-0.331436157,0
-0.03414917,-0.030517578,-0.278579712,-0.340408325,-0.24899292,-0.36895752,-0.299987793,-0.208908081,-0.365844727,-0.376617432,-0.253036499,-0.251083374,1
-0.27835083,-0.156402588,-0.282302856,-0.264770508,-0.258804321,-0.340179443,-0.170394897,-0.179656982,-0.278396606,-0.319656372,-0.293869019,-0.326889038,1
-0.225921631,-0.254867554,-0.164123535,-0.252822876,-0.128189087,-0.187530518,-0.244277954,-0.258255005,-0.183532715,-0.306991577,-0.208175659,-0.212249756,1
-0.486129761,-0.302017212,-0.30229187,-0.337051392,-0.212478638,-0.137283325,-0.459625244,-0.258575439,-0.179214478,-0.31602478,-0.325469971,-0.123077393,1
-0.272476196,-0.297912598,-0.240524292,-0.255218506,-0.279998779,-0.247268677,-0.291030884,-0.2996521,-0.283279419,-0.254455566,-0.341796875,-0.289016724,1
-0.06741333,-0.174377441,-0.19152832,-0.110809326,-0.114425659,-0.245269775,-0.084152222,-0.13961792,-0.169158936,-0.196853638,-0.122192383,-0.276687622,1
-0.03944397,-0.31086731,-0.407470703,-0.190567017,-0.827011108,-0.854049683,-0.058654785,-0.316818237,0.05871582,-0.028839111,-0.060745239,-0.101699829,0
-0.359939575,-0.288619995,-0.273468018,-0.395385742,-0.26524353,-0.346252441,-0.268661499,-0.436187744,-0.288192749,-0.358047485,-0.406478882,-0.356033325,1
-0.226318359,-0.315567017,-0.258911133,-0.166854858,-0.211364746,-0.208999634,-0.266799927,-0.323135376,-0.314224243,-0.204345703,-0.249679565,-0.256195068,1
-0.169708252,-0.264373779,-0.214797974,-0.190933228,-0.311767578,-0.23236084,-0.102920532,-0.210525513,-0.25881958,-0.203689575,-0.324920654,-0.256103516,1
-0.282394409,-0.288528442,-0.369110107,-0.230484009,-0.237594604,-0.318557739,-0.144348145,-0.370544434,-0.376068115,-0.261962891,-0.367294312,-0.242172241,1
-0.347686768,-0.360702515,-0.255493164,-0.219543457,-0.207321167,-0.315765381,-0.464370728,-0.351013184,-0.30229187,-0.399887085,-0.241714478,-0.234191895,1
-0.133544922,-0.233123779,-0.253128052,-0.156219482,-0.216308594,-0.307662964,-0.163391113,-0.196563721,-0.33430481,-0.315658569,-0.23135376,-0.308654785,1
-0.07611084,-0.308181763,-0.254943848,-0.096710205,-0.308044434,-0.221557617,-0.090072632,-0.230422974,-0.33454895,-0.145050049,-0.238418579,-0.306045532,0
-0.279907227,-0.313186646,-0.288787842,-0.285842896,-0.477920532,-0.401504517,-0.265640259,-0.402282715,-0.304458618,-0.261489868,-0.351791382,-0.323623657,1
-0.254898071,-0.216217041,-0.281204224,-0.155838013,-0.239364624,-0.152099609,-0.132293701,-0.121185303,-0.252105713,-0.134384155,-0.11730957,-0.214645386,1
-0.270553589,-0.250778198,-0.230300903,-0.197189331,-0.175354004,-0.263870239,-0.272369385,-0.110214233,-0.255096436,-0.22253418,-0.220489502,-0.180297852,0
-0.37840271,-0.324661255,-0.113525391,-0.421585083,-0.365234375,-0.221893311,-0.274749756,-0.285079956,-0.115951538,-0.378250122,-0.29397583,-0.214797974,0
-0.122192383,-0.276687622,-0.158233643,-0.141418457,-0.078857422,-0.242004395,-0.199554443,-0.242630005,-0.216125488,-0.16506958,-0.118408203,-0.356552124,0
-0.060592651,-0.102722168,-0.16758728,-0.123031616,-0.128479004,-0.180114746,-0.086898804,-0.085449219,-0.119430542,-0.131591797,-0.126815796,-0.099884033,1
-0.407608032,-0.350082397,-0.343856812,-0.327026367,-0.366638184,-0.358688354,-0.265197754,-0.363616943,-0.349395752,-0.339035034,-0.40776062,-0.255661011,1
-0.300003052,-0.300323486,-0.229949951,-0.279815674,-0.229293823,-0.175750732,-0.209228516,-0.339706421,-0.215789795,-0.328216553,-0.528381348,0.06086731,1
-0.41506958,-0.304595947,-0.122589111,-0.314468384,-0.222976685,-0.172317505,-0.558288574,-0.336120605,-0.149795532,-0.394927979,-0.314758301,-0.209854126,1
-0.139053345,-0.221740723,-0.282180786,-0.117523193,-0.156799316,-0.175048828,0.008789063,-0.25402832,-0.164779663,-0.0443573,-0.182754517,-0.102783203,1
-0.230834961,-0.242446899,-0.424102783,-0.272903442,-0.261978149,-0.232162476,-0.283447266,-0.310317993,-0.258544922,-0.141387939,-0.25062561,-0.135620117,0
-0.312240601,-0.267196655,-0.340484619,-0.272689819,-0.28314209,-0.362884521,-0.387680054,-0.273910522,-0.33605957,-0.275299072,-0.374252319,-0.511352539,1
-0.169754028,-0.235519409,-0.20161438,-0.160568237,-0.224014282,-0.157669067,-0.185424805,-0.130752563,-0.181686401,-0.249526978,-0.195419312,-0.182876587,1
-0.244949341,-0.239730835,-0.288070679,-0.321212769,-0.274841309,-0.273574829,-0.244293213,-0.298858643,-0.208953857,-0.240936279,-0.295303345,-0.243087769,1
-0.268615723,-0.328781128,-0.448074341,-0.291519165,-0.303634644,-0.427978516,-0.411972046,-0.234970093,-0.358428955,-0.272186279,-0.184677124,-0.454879761,1
-0.160629272,-0.124679565,-0.181518555,-0.209762573,-0.030090332,-0.099853516,-0.063735962,-0.1277771,-0.104827881,-0.052429199,-0.227005005,-0.003112793,0
-0.031311035,-0.164016724,-0.273605347,-0.366043091,-0.409240723,-0.311828613,-0.107055664,-0.325439453,-0.188949585,-0.241073608,-0.132720947,-0.227050781,0
-0.303970337,-0.253540039,-0.040908813,-0.212890625,-0.43421936,-0.251480103,-0.057159424,-0.072021484,-0.378616333,-0.493591309,-0.603164673,-0.262588501,0
-0.483261108,-0.209655762,-0.278656006,-0.321640015,-0.211502075,-0.30178833,-0.166549683,-0.201889038,-0.379684448,-0.334594727,-0.209152222,-0.327789307,1
-0.216949463,-0.106735229,-0.303939819,-0.160522461,-0.119171143,-0.189422607,-0.305221558,-0.176574707,-0.314498901,-0.141143799,-0.038360596,-0.239303589,0
-0.226654053,-0.225402832,-0.246337891,-0.26625061,-0.111801147,-0.126754761,-0.324035645,-0.189758301,-0.141708374,-0.073135376,-0.279663086,-0.306594849,1
-0.253295898,-0.224731445,-0.181747437,-0.121307373,-0.238342285,-0.283981323,-0.151519775,-0.344940186,-0.221313477,-0.082382202,-0.2787323,-0.340682983,0
-0.108734131,-0.240875244,-0.14201355,-0.247711182,-0.228942871,-0.223220825,-0.233322144,-0.251541138,-0.264877319,-0.195968628,-0.139053345,-0.244094849,1
-0.239349365,-0.285125732,-0.32673645,-0.210144043,-0.130096436,-0.453094482,-0.255203247,-0.218475342,-0.315948486,-0.209472656,-0.12210083,-0.350723267,0
-0.305374146,-0.208496094,-0.212249756,-0.238555908,-0.194717407,-0.216415405,-0.201187134,-0.182342529,-0.203308105,-0.279327393,-0.234924316,-0.203094482,1
-0.238952637,-0.2059021,-0.36579895,-0.17930603,-0.126525879,-0.297058105,-0.266159058,-0.118988037,-0.354797363,-0.184356689,-0.07611084,-0.308181763,1
-0.273590088,-0.177093506,-0.16696167,-0.252960205,-0.196762085,-0.20211792,-0.233078003,-0.214874268,-0.203460693,-0.126998901,-0.310592651,-0.295425415,0
-0.147705078,-0.179672241,-0.291213989,-0.150131226,-0.160049438,-0.276992798,-0.201644897,-0.12449646,-0.271942139,-0.100067139,-0.194488525,-0.316055298,0
-0.222518921,-0.305374146,-0.325088501,-0.264694214,-0.238052368,-0.094589233,-0.224075317,-0.199630737,-0.247436523,-0.257324219,-0.114425659,-0.130126953,1
-0.235336304,-0.233642578,-0.16835022,-0.167480469,-0.387176514,-0.284927368,-0.229354858,-0.363449097,-0.205474854,-0.341598511,-0.313034058,-0.259384155,0
-0.138931274,-0.212020874,-0.217269897,-0.14855957,-0.336624146,-0.149078369,-0.186752319,-0.309967041,-0.280075073,-0.202407837,-0.255081177,-0.160614014,1
-0.361633301,-0.368835449,-0.219070435,-0.293426514,-0.223129272,-0.218353271,-0.462402344,-0.31211853,-0.301773071,-0.369750977,-0.195129395,-0.339279175,1
-0.228134155,-0.109420776,-0.111129761,-0.117172241,-0.2315979,-0.197723389,-0.143600464,-0.349105835,-0.138885498,-0.091064453,-0.238357544,-0.264511108,1
-0.194641113,-0.190612793,-0.111785889,-0.140594482,-0.255050659,-0.161331177,-0.149200439,-0.141204834,-0.136642456,-0.308959961,-0.299072266,-0.340789795,1
-0.244873047,-0.166397095,-0.321563721,-0.342376709,-0.265365601,-0.281707764,-0.246994019,-0.261459351,-0.302444458,-0.233535767,-0.316513062,-0.237594604,1
-0.218200684,-0.306274414,-0.21697998,-0.264694214,-0.235580444,-0.222473145,-0.26109314,-0.277236938,-0.233428955,-0.147750854,-0.229598999,-0.29750061,1
-0.279541016,-0.196670532,-0.30859375,-0.236923218,-0.260070801,-0.179702759,-0.208358765,-0.275253296,-0.244171143,-0.149703979,-0.289916992,-0.170120239,1
-0.129745483,-0.344482422,-0.407821655,-0.259155273,-0.202392578,-0.26020813,-0.207077026,-0.235671997,-0.369155884,-0.368392944,-0.282592773,-0.365585327,1
-0.192901611,-0.06942749,-0.168380737,-0.153060913,-0.064025879,-0.200149536,-0.255828857,-0.067398071,-0.166137695,-0.231002808,-0.182312012,-0.056427002,0
-0.129257202,-0.136016846,-0.062347412,-0.118545532,-0.234939575,-0.098327637,-0.180938721,-0.159591675,-0.112335205,-0.130355835,-0.238189697,-0.082214355,0
-0.423370361,-0.354141235,-0.413955688,-0.357070923,-0.220214844,-0.207839966,-0.210189819,-0.288604736,-0.292800903,-0.078277588,-0.37840271,-0.324661255,1
-0.18031311,-0.139556885,-0.250900269,-0.259002686,-0.217300415,-0.234710693,-0.205703735,-0.427078247,-0.701477051,-0.7472229,-0.635528564,-0.759994507,0
-0.334899902,-0.264053345,-0.370025635,-0.385314941,-0.279220581,-0.404449463,-0.41178894,-0.306838989,-0.378433228,-0.304122925,-0.231033325,-0.334640503,0
-0.135574341,-0.271408081,-0.137863159,-0.314086914,-0.246734619,-0.192382813,-0.318145752,-0.209686279,-0.216629028,-0.148162842,-0.157714844,-0.205368042,1
-0.258071899,-0.102661133,-0.187957764,-0.268249512,-0.275161743,-0.15133667,-0.243362427,-0.29133606,-0.132522583,-0.173049927,-0.285507202,-0.300216675,0
-0.312515259,-0.120727539,-0.142593384,-0.235946655,-0.13633728,-0.235412598,-0.116226196,-0.217941284,-0.158218384,-0.223327637,-0.147277832,-0.236587524,1
-0.290740967,-0.537857056,-0.411956787,-0.346206665,-0.446838379,-0.382446289,-0.3019104,-0.478164673,-0.424926758,-0.228363037,-0.413711548,-0.3565979,1
-0.432052612,-0.464096069,-0.382003784,-0.27355957,-0.353424072,-0.320632935,-0.397842407,-0.274459839,-0.379592896,-0.253234863,-0.260559082,-0.296035767,1
-0.2162323,-0.4480896,-0.420608521,-0.38923645,-0.349090576,-0.362258911,-0.398910522,-0.331741333,-0.313842773,-0.232803345,-0.190643311,-0.213928223,1
-0.21156311,-0.136947632,-0.265274048,-0.325271606,-0.24420166,-0.258102417,-0.134185791,-0.14440918,-0.18737793,-0.305236816,-0.269729614,-0.171096802,1
-0.197616577,-0.159118652,-0.278762817,-0.063659668,-0.399398804,-0.169494629,-0.090179443,-0.194396973,-0.194671631,-0.213943481,-0.092971802,-0.399795532,0
-0.385452271,-0.302932739,-0.279693604,-0.224533081,-0.170303345,-0.476272583,-0.370864868,-0.351791382,-0.351409912,-0.287628174,-0.244415283,-0.285247803,0
-0.002212524,-0.076965332,-0.082962036,-0.136810303,-0.117935181,-0.132354736,-0.10987854,-0.249588013,-0.317016602,-0.204696655,-0.297485352,-0.233505249,1
-0.15927124,-0.100814819,-0.132568359,-0.043365479,-0.358901978,-0.067901611,-0.135040283,-0.146759033,-0.287078857,-0.17729187,-0.253295898,-0.224731445,1
-0.207351685,-0.342895508,-0.295410156,-0.309799194,-0.354019165,-0.25668335,-0.272994995,-0.441177368,-0.402374268,-0.271072388,-0.42086792,-0.290863037,1
-0.269287109,-0.319549561,-0.300033569,-0.323516846,-0.246139526,-0.386520386,-0.167526245,-0.300949097,-0.222885132,-0.343261719,-0.285507202,-0.375732422,1
-0.293869019,-0.326889038,-0.26322937,-0.268814087,-0.246520996,-0.27923584,-0.24307251,-0.340057373,-0.258087158,-0.131134033,-0.378860474,-0.328491211,0
-0.340667725,-0.217102051,-0.392532349,-0.349868774,-0.380065918,-0.302474976,-0.320510864,-0.237564087,-0.260818481,-0.273208618,-0.260162354,-0.19392395,1
-0.232177734,-0.320999146,-0.268218994,-0.245025635,-0.347824097,-0.219833374,-0.146270752,-0.355926514,-0.246963501,-0.285873413,-0.35093689,-0.34312439,0
-0.098709106,-0.107727051,0.012939453,-0.088378906,-0.163162231,-0.244003296,-0.109237671,-0.079299927,-0.247558594,-0.278411865,-0.162124634,-0.182525635,1
-0.322357178,-0.386016846,-0.589294434,-0.373840332,-0.239532471,-0.450012207,-0.273101807,-0.217681885,-0.458282471,-0.291778564,-0.301879883,-0.402038574,0
-0.276565552,-0.24861145,-0.24899292,-0.179992676,-0.209671021,-0.455810547,-0.315139771,-0.234054565,-0.340179443,-0.230407715,-0.269851685,-0.370803833,1
-0.203033447,-0.167434692,-0.289138794,-0.211807251,-0.24597168,-0.284210205,-0.310012817,-0.252166748,-0.371032715,-0.199539185,-0.180038452,-0.347183228,1
-0.248504639,-0.369277954,-0.258895874,-0.210449219,-0.387756348,-0.304153442,-0.218444824,-0.305343628,-0.256469727,-0.206588745,-0.341567993,-0.1953125,1
-0.098266602,-0.28894043,-0.245117188,-0.375076294,-0.350158691,-0.245193481,-0.190246582,-0.226333618,-0.246520996,-0.335205078,-0.274337769,-0.198928833,1
-0.33694458,-0.096221924,-0.397796631,-0.369155884,-0.183822632,-0.443374634,-0.156951904,-0.399520874,-0.249664307,-0.235824585,-0.424179077,-0.109741211,1
-0.16645813,-0.437515259,-0.48336792,-0.288696289,-0.451751709,-0.377685547,-0.230773926,-0.381103516,-0.318115234,-0.247634888,-0.295120239,-0.278579712,0
-0.135681152,-0.358917236,-0.21963501,-0.197311401,-0.316345215,-0.227615356,-0.094421387,-0.411682129,-0.369125366,-0.213027954,-0.296264648,-0.306243896,1
-0.378204346,-0.381576538,-0.248901367,-0.297027588,-0.252914429,-0.12322998,-0.397262573,-0.336837769,-0.223831177,-0.370391846,-0.289260864,-0.1378479,1
-0.321716309,-0.170669556,-0.371002197,-0.368591309,-0.086853027,-0.364654541,-0.302627563,-0.281219482,-0.211456299,-0.261550903,-0.164398193,-0.294509888,1
-0.174789429,-0.161834717,-0.272872925,-0.122268677,-0.185928345,-0.21774292,-0.195129395,-0.162658691,-0.198181152,-0.218597412,-0.196670532,-0.230239868,1
-0.760299683,-0.84967041,-0.659683228,-0.58416748,-0.722717285,-0.738937378,-0.59147644,-0.910705566,-0.82270813,-0.82333374,-0.548553467,-0.449310303,1
-0.378814697,-0.350875854,-0.177093506,-0.315856934,-0.301940918,-0.15020752,-0.348114014,-0.337585449,-0.223648071,-0.309234619,-0.315032959,-0.232894897,1
0.004653931,0.027709961,-0.397186279,-0.088241577,-0.194091797,-0.114273071,-0.225769043,-0.042297363,-0.259277344,-0.231292725,-0.273452759,-0.263244629,0
-0.250900269,-0.259002686,-0.217300415,-0.234710693,-0.205703735,-0.427078247,-0.701477051,-0.7472229,-0.635528564,-0.759994507,-0.894378662,-0.761901855,1
-0.230300903,-0.197189331,-0.175354004,-0.263870239,-0.272369385,-0.110214233,-0.255096436,-0.22253418,-0.220489502,-0.180297852,-0.362426758,-0.266876221,1
-0.589294434,-0.373840332,-0.239532471,-0.450012207,-0.273101807,-0.217681885,-0.458282471,-0.291778564,-0.301879883,-0.402038574,-0.230834961,-0.242446899,1
-0.261352539,-0.353271484,-0.335784912,-0.23348999,-0.373779297,-0.29675293,-0.175018311,-0.472564697,-0.246582031,-0.276123047,-0.26083374,-0.164672852,1
-0.223480225,-0.418319702,-0.194152832,-0.142501831,-0.376022339,-0.277084351,-0.214065552,-0.177536011,-0.180740356,-0.264907837,-0.162155151,-0.159362793,1
-0.213439941,-0.174942017,-0.133911133,-0.23538208,-0.149627686,-0.286621094,-0.27015686,-0.20942688,-0.177719116,-0.076156616,-0.354034424,-0.374053955,0
-0.20413208,-0.224395752,-0.564926147,-0.618011475,-0.553283691,-0.548156738,-0.07925415,-0.131851196,-0.327667236,-0.313293457,-0.217636108,-0.204650879,1
-0.595611572,-0.528793335,-0.417770386,-0.510986328,-0.564193726,-0.389083862,-0.442443848,-0.337921143,-0.309753418,-0.223800659,-0.377838135,-0.316558838,1
-0.403991699,-0.261672974,-0.195236206,-0.38444519,-0.494033813,-0.242828369,-0.204925537,-0.317260742,-0.120895386,-0.249649048,-0.18031311,-0.139556885,1
-0.333648682,-0.281341553,-0.251525879,-0.21786499,-0.436233521,-0.38684082,-0.213607788,-0.281326294,-0.257858276,-0.070526123,-0.296981812,-0.299713135,0
-0.223312378,-0.311019897,-0.199966431,-0.263031006,-0.298995972,-0.26789856,-0.266845703,-0.461196899,-0.364639282,-0.342575073,-0.366943359,-0.322540283,1
-0.130996704,-0.331390381,-0.155410767,-0.266647339,-0.456329346,-0.281021118,-0.204605103,-0.32762146,-0.220443726,-0.193862915,-0.359359741,-0.31111145,0
-0.113540649,-0.001281738,-0.160018921,-0.046875,-0.209396362,-0.13192749,-0.067047119,-0.145523071,-0.164978027,-0.146408081,-0.236557007,-0.221603394,0
-0.348175049,-0.270507813,-0.461181641,-0.418823242,-0.415054321,-0.386993408,-0.363708496,-0.3253479,-0.303024292,-0.343475342,-0.350616455,-0.38319397,1
-0.305633545,-0.257232666,-0.17855835,-0.327850342,-0.311035156,-0.241836548,-0.313919067,-0.175033569,-0.161987305,-0.382354736,-0.29145813,-0.322616577,1
-0.26461792,-0.24041748,-0.219955444,-0.286117554,-0.269424438,-0.039489746,-0.311508179,-0.245361328,-0.266357422,-0.156204224,-0.243988037,-0.148681641,1
-0.324768066,-0.355285645,-0.269180298,-0.235534668,-0.325881958,-0.301239014,-0.309738159,-0.295425415,-0.319549561,-0.271942139,-0.36138916,-0.249664307,1
-0.21661377,-0.391998291,-0.30380249,-0.227249146,-0.334762573,-0.24949646,-0.177749634,-0.389190674,-0.333145142,-0.245391846,-0.358093262,-0.254394531,1
-0.305526733,-0.226226807,-0.189544678,-0.293640137,-0.267593384,-0.289138794,-0.257781982,-0.31072998,-0.291931152,-0.315292358,-0.376586914,-0.297485352,1
-0.286148071,-0.204177856,-0.328277588,-0.295211792,-0.217407227,-0.278182983,-0.286102295,-0.220031738,-0.22442627,-0.340484619,-0.396713257,-0.364471436,0
-0.262115479,-0.274093628,-0.203430176,-0.330886841,-0.195571899,-0.177642822,-0.347320557,-0.345932007,-0.244979858,-0.382492065,-0.265548706,-0.246337891,1
-0.294494629,-0.377624512,-0.257125854,-0.239868164,-0.335861206,-0.183303833,-0.349716187,-0.243728638,-0.26210022,-0.504196167,-0.263580322,-0.29510498,1
-0.155410767,-0.266647339,-0.456329346,-0.281021118,-0.204605103,-0.32762146,-0.220443726,-0.193862915,-0.359359741,-0.31111145,-0.196624756,-0.326477051,1
-0.256774902,-0.145935059,-0.322372437,-0.12387085,-0.305664063,-0.207092285,-0.196380615,-0.189407349,-0.06036377,-0.171401978,-0.187072754,-0.183578491,0
-0.169128418,-0.19342041,-0.281158447,-0.14654541,-0.148483276,-0.320266724,-0.122039795,-0.136550903,-0.166915894,-0.296859741,-0.334899902,-0.264053345,1
-0.23651123,-0.210006714,-0.206695557,-0.250869751,-0.230834961,-0.302749634,-0.268981934,-0.229263306,-0.3465271,-0.278961182,-0.243988037,-0.39692688,1
-0.234039307,-0.147186279,-0.222808838,-0.191207886,-0.127822876,-0.196716309,-0.070770264,-0.151031494,-0.195877075,-0.18901062,-0.102081299,-0.206344604,0
-0.324920654,-0.256103516,-0.154891968,-0.310455322,-0.260757446,-0.13722229,-0.365219116,-0.232727051,-0.224334717,-0.349151611,-0.220184326,-0.134307861,0
-0.198364258,-0.225494385,-0.203613281,-0.233291626,-0.30279541,-0.234954834,-0.232925415,-0.084289551,-0.301956177,-0.186706543,-0.186798096,-0.267303467,1
-0.269729614,-0.171096802,-0.317260742,-0.3306427,-0.136413574,-0.246551514,-0.277816772,-0.190979004,-0.208114624,-0.10874939,-0.18862915,-0.223098755,0
-0.240692139,-0.223007202,-0.193969727,-0.297607422,-0.190872192,-0.24206543,-0.282821655,-0.240692139,-0.251174927,-0.278030396,-0.092132568,-0.145263672,1
-0.181747437,-0.121307373,-0.238342285,-0.283981323,-0.151519775,-0.344940186,-0.221313477,-0.082382202,-0.2787323,-0.340682983,-0.256774902,-0.145935059,1
-0.135910034,-0.069061279,-0.209823608,-0.189880371,-0.148468018,-0.191207886,-0.083816528,-0.13722229,-0.159988403,-0.13633728,-0.11126709,-0.204147339,1
-0.376052856,-0.321411133,-0.318603516,-0.291992188,-0.327911377,-0.366897583,-0.248184204,-0.269332886,-0.289276123,-0.292694092,-0.294631958,-0.488616943,1
-0.322372437,-0.12387085,-0.305664063,-0.207092285,-0.196380615,-0.189407349,-0.06036377,-0.171401978,-0.187072754,-0.183578491,-0.177093506,-0.180725098,1
-0.244430542,-0.371032715,-0.273971558,-0.245376587,-0.309387207,-0.230758667,-0.253936768,-0.288894653,-0.182388306,-0.284301758,-0.239761353,-0.258270264,1
-0.242553711,-0.37701416,-0.306304932,-0.305053711,-0.37171936,-0.335571289,-0.237503052,-0.368942261,-0.296417236,-0.143005371,-0.517837524,-0.368743896,1
-0.386169434,-0.260375977,-0.390426636,-0.277069092,-0.297012329,-0.454299927,-0.398773193,-0.251373291,-0.33732605,-0.283950806,-0.267959595,-0.571716309,1
-0.115982056,-0.27230835,-0.23109436,0.065246582,-0.113571167,-0.256698608,-0.096893311,-0.16178894,-0.24395752,-0.092102051,-0.031234741,-0.316543579,0
-0.34967041,-0.272521973,-0.245941162,-0.377990723,-0.308456421,-0.387130737,-0.326080322,-0.277481079,-0.156677246,-0.416717529,-0.334701538,-0.296188354,1
-0.410751343,-0.326400757,-0.169708252,-0.264373779,-0.214797974,-0.190933228,-0.311767578,-0.23236084,-0.102920532,-0.210525513,-0.25881958,-0.203689575,0
-0.110321045,-0.100997925,-0.187896729,-0.167739868,-0.242294312,-0.123413086,-0.171600342,-0.15284729,-0.153518677,-0.175109863,-0.272857666,-0.07460022,1
-0.29385376,-0.28477478,-0.117324829,-0.29196167,-0.339050293,-0.215164185,-0.200317383,-0.19694519,-0.133056641,-0.286499023,-0.268753052,-0.276199341,1
-0.211807251,-0.23727417,-0.098266602,-0.28894043,-0.245117188,-0.375076294,-0.350158691,-0.245193481,-0.190246582,-0.226333618,-0.246520996,-0.335205078,0
-0.246398926,-0.290985107,-0.234664917,-0.054656982,-0.413635254,-0.279022217,-0.151153564,-0.370452881,-0.294464111,-0.124404907,-0.404434204,-0.308303833,1
-0.251525879,-0.21786499,-0.436233521,-0.38684082,-0.213607788,-0.281326294,-0.257858276,-0.070526123,-0.296981812,-0.299713135,-0.219314575,-0.224594116,1
-0.256469727,-0.360931396,-0.323852539,-0.176330566,-0.225860596,-0.194732666,-0.280181885,-0.353500366,-0.399795532,-0.282592773,-0.248916626,-0.210769653,1
-0.291213989,-0.150131226,-0.160049438,-0.276992798,-0.201644897,-0.12449646,-0.271942139,-0.100067139,-0.194488525,-0.316055298,-0.232543945,-0.21055603,1
-0.122940063,-0.1040802,-0.161682129,-0.219543457,-0.283874512,-0.259124756,-0.165786743,-0.073760986,-0.123245239,-0.086853027,-0.286880493,-0.32673645,1
-0.25730896,-0.227966309,-0.350845337,-0.330947876,-0.244995117,-0.394332886,-0.22505188,-0.241790771,-0.186233521,-0.244400024,-0.205963135,-0.206085205,1
-0.528381348,0.06086731,-0.186538696,-0.403793335,-0.2915802,-0.180343628,-0.319229126,-0.256988525,-0.12059021,-0.262619019,-0.286087036,-0.247055054,0
-0.16116333,-0.21005249,-0.119567871,-0.440734863,-0.382125854,-0.260467529,-0.344848633,-0.202453613,-0.153320313,-0.343185425,-0.423324585,-0.256484985,1
-0.424102783,-0.272903442,-0.261978149,-0.232162476,-0.283447266,-0.310317993,-0.258544922,-0.141387939,-0.25062561,-0.135620117,-0.204971313,-0.261947632,1
-0.204971313,-0.261947632,-0.174362183,-0.211090088,-0.345565796,-0.258666992,-0.189727783,-0.301986694,-0.292892456,-0.150497437,-0.268722534,-0.140930176,0
-0.282592773,-0.365585327,-0.251373291,-0.123886108,-0.305526733,-0.298065186,-0.21522522,-0.206466675,-0.110794067,-0.147628784,-0.075515747,-0.321350098,0
-0.260925293,-0.21836853,-0.235168457,-0.142913818,-0.12109375,-0.159332275,-0.24395752,-0.305450439,-0.258544922,-0.286773682,-0.173706055,-0.15322876,1
-0.242416382,-0.241043091,-0.276016235,-0.371551514,-0.284759521,-0.342651367,-0.301422119,-0.241638184,-0.260574341,-0.406463623,-0.274124146,-0.339248657,1
-0.071914673,-0.360656738,-0.311645508,-0.240325928,-0.103912354,-0.273620605,-0.089035034,-0.314376831,-0.230285645,-0.247497559,-0.170791626,-0.448532104,0
-0.069000244,0.044250488,0.022613525,-0.060928345,-0.341278076,0.162887573,-0.231079102,-0.096252441,0.027786255,-0.034164429,0.035385132,-0.175674438,0
-0.214004517,-0.126113892,-0.361083984,-0.092544556,-0.054824829,-0.09703064,-0.227294922,-0.274383545,-0.217895508,-0.301925659,-0.031311035,-0.164016724,1
-0.21446228,-0.122451782,-0.456588745,-0.365509033,-0.267303467,-0.31880188,-0.387832642,-0.169967651,-0.307693481,-0.172744751,-0.208404541,-0.184158325,1
-0.22996521,-0.234680176,-0.08253479,-0.204437256,-0.138092041,-0.209411621,-0.134185791,-0.165756226,-0.173156738,-0.1199646,-0.158340454,-0.322250366,1
-0.284286499,-0.239776611,-0.267196655,-0.211898804,-0.149627686,-0.231262207,-0.200714111,-0.208892822,-0.251312256,-0.400756836,-0.252700806,-0.228820801,1
-0.356109619,-0.255279541,-0.210113525,-0.325057983,-0.333267212,-0.266799927,-0.399688721,-0.281951904,-0.314590454,-0.335037231,-0.38192749,-0.257034302,1
-0.291717529,-0.151977539,-0.206558228,-0.152359009,-0.356674194,-0.309524536,-0.221511841,-0.265090942,-0.245559692,-0.227401733,-0.299438477,-0.239822388,0
-0.210479736,-0.219314575,-0.277816772,-0.204864502,-0.191864014,-0.103881836,-0.289382935,-0.205322266,-0.14604187,-0.134429932,-0.116790771,-0.141906738,1
-0.182815552,-0.292114258,-0.249206543,-0.230819702,-0.310821533,-0.188018799,-0.202453613,-0.294021606,-0.263153076,-0.196166992,-0.326019287,-0.240737915,1
-0.345626831,-0.198410034,-0.176574707,-0.467422485,-0.367477417,-0.342102051,-0.44078064,-0.26222229,-0.22013855,-0.281723022,-0.338088989,-0.263000488,1
-0.187957764,-0.268249512,-0.275161743,-0.15133667,-0.243362427,-0.29133606,-0.132522583,-0.173049927,-0.285507202,-0.300216675,-0.232559204,-0.345947266,1
-0.507064819,-0.485107422,-0.422149658,-0.473388672,-0.399490356,-0.269378662,-0.467636108,-0.449874878,-0.356781006,-0.443237305,-0.266098022,-0.323898315,1
-0.283477783,-0.320999146,-0.30809021,-0.28956604,-0.159973145,-0.298919678,-0.175231934,-0.338973999,-0.283218384,-0.361602783,-0.36416626,-0.260955811,0
-0.158248901,-0.234924316,-0.274017334,-0.332519531,-0.193466187,-0.292541504,-0.250793457,-0.162567139,-0.06892395,-0.155532837,-0.156433105,-0.263549805,1
-0.210250854,-0.222259521,-0.221878052,-0.160110474,-0.229980469,-0.214385986,-0.191574097,-0.344848633,-0.167999268,-0.235305786,-0.418304443,-0.428359985,1
-0.354904175,-0.120223999,-0.215332031,-0.288879395,-0.250595093,-0.197143555,-0.313201904,-0.172515869,-0.306167603,-0.295730591,-0.328842163,-0.279006958,1
-0.136123657,-0.228103638,-0.193969727,-0.202377319,-0.268325806,-0.197814941,-0.432296753,-0.25881958,-0.081954956,-0.375106812,-0.332824707,-0.22996521,1
-0.145904541,-0.131134033,-0.111679077,-0.164428711,-0.193328857,-0.092987061,-0.149002075,-0.168899536,-0.242004395,-0.167266846,-0.140426636,-0.120285034,1
-0.231994629,-0.241104126,-0.209915161,-0.145462036,-0.178375244,-0.18800354,-0.158905029,-0.242553711,-0.147399902,-0.175567627,-0.114852905,-0.364929199,1
-0.328842163,-0.356262207,-0.253143311,-0.29460144,-0.15057373,-0.109344482,-0.201446533,-0.167907715,-0.223403931,-0.156311035,-0.093994141,0.004211426,1
-0.252212524,-0.353637695,-0.319046021,-0.136901855,-0.376739502,-0.422744751,-0.237426758,-0.406982422,-0.331359863,-0.046844482,-0.199554443,-0.30355835,0
-0.086303711,-0.176879883,-0.159790039,-0.115005493,-0.153457642,-0.242675781,-0.143569946,-0.094711304,-0.173355103,-0.155761719,-0.188934326,-0.267288208,1
-0.323257446,-0.346786499,-0.321456909,-0.3072052,-0.276290894,-0.241973877,-0.331848145,-0.355545044,-0.229095459,-0.333648682,-0.286422729,-0.229919434,1
-0.238082886,-0.345367432,-0.219161987,-0.350097656,-0.174163818,-0.121520996,-0.283981323,-0.285385132,-0.225997925,-0.200714111,-0.108642578,-0.091262817,1
-0.159957886,-0.24118042,-0.238952637,-0.2059021,-0.36579895,-0.17930603,-0.126525879,-0.297058105,-0.266159058,-0.118988037,-0.354797363,-0.184356689,0
-0.186798096,-0.267303467,-0.18977356,-0.165359497,-0.202163696,-0.187530518,-0.179107666,-0.042694092,-0.115524292,-0.080307007,-0.073364258,-0.167526245,0
-0.216964722,-0.178665161,-0.322906494,-0.210418701,-0.314483643,-0.236724854,-0.277709961,-0.315567017,-0.284637451,-0.168563843,-0.270904541,-0.196578979,1
-0.123260498,-0.314254761,-0.331085205,-0.238418579,-0.21043396,-0.179214478,-0.304580688,-0.277801514,-0.238037109,-0.018341064,-0.091430664,-0.034072876,1
-0.250808716,-0.487731934,-0.348587036,-0.233703613,-0.44052124,-0.289810181,-0.249755859,-0.377700806,-0.30140686,-0.284423828,-0.309921265,-0.245574951,1
-0.217727661,-0.180038452,-0.183990479,-0.384872437,-0.0262146,-0.1693573,-0.265808105,-0.19821167,-0.215942383,-0.445373535,-0.23260498,-0.264938354,1
-0.239303589,-0.286117554,-0.319244385,-0.22833252,-0.263046265,-0.292388916,-0.229797363,-0.418243408,-0.329071045,-0.20161438,-0.338363647,-0.27532959,1
-0.232299805,-0.264511108,-0.282089233,-0.277877808,-0.270217896,-0.245071411,-0.307632446,-0.187911987,-0.197219849,-0.275268555,-0.268249512,-0.248168945,1
-0.177947998,-0.179840088,-0.440795898,-0.49848938,-0.384307861,-0.429779053,-0.282745361,-0.196914673,-0.294189453,-0.270141602,-0.196273804,-0.401473999,1
-0.416992188,-0.165283203,-0.129745483,-0.344482422,-0.407821655,-0.259155273,-0.202392578,-0.26020813,-0.207077026,-0.235671997,-0.369155884,-0.368392944,0
-0.355392456,-0.227706909,-0.376190186,-0.347198486,-0.282211304,-0.373001099,-0.357772827,-0.248794556,-0.443496704,-0.20324707,-0.271118164,-0.383880615,1
-0.274337769,-0.198928833,-0.29385376,-0.28477478,-0.117324829,-0.29196167,-0.339050293,-0.215164185,-0.200317383,-0.19694519,-0.133056641,-0.286499023,0
-0.172088623,-0.164093018,-0.135681152,-0.358917236,-0.21963501,-0.197311401,-0.316345215,-0.227615356,-0.094421387,-0.411682129,-0.369125366,-0.213027954,0
-0.326019287,-0.240737915,-0.140396118,-0.327148438,-0.299499512,-0.169372559,-0.284851074,-0.260147095,-0.085067749,-0.261550903,-0.352996826,-0.256271362,0
-0.31439209,-0.307373047,-0.191635132,-0.409347534,-0.339752197,-0.268280029,-0.371749878,-0.27885437,-0.373703003,-0.530273438,-0.387298584,-0.33442688,1
-0.206558228,-0.152359009,-0.356674194,-0.309524536,-0.221511841,-0.265090942,-0.245559692,-0.227401733,-0.299438477,-0.239822388,-0.22026062,-0.238830566,1
-0.235198975,-0.169570923,-0.246398926,-0.290985107,-0.234664917,-0.054656982,-0.413635254,-0.279022217,-0.151153564,-0.370452881,-0.294464111,-0.124404907,0
-0.298080444,-0.244827271,-0.153579712,-0.356765747,-0.322540283,-0.280960083,-0.242965698,-0.243606567,-0.248901367,-0.237442017,-0.171569824,-0.257858276,1
-0.139266968,-0.224655151,-0.214004517,-0.126113892,-0.361083984,-0.092544556,-0.054824829,-0.09703064,-0.227294922,-0.274383545,-0.217895508,-0.301925659,0
-0.355606079,-0.261169434,-0.31439209,-0.307373047,-0.191635132,-0.409347534,-0.339752197,-0.268280029,-0.371749878,-0.27885437,-0.373703003,-0.530273438,0
-0.414749146,-0.373245239,-0.292541504,-0.342849731,-0.491241455,-0.368377686,-0.319198608,-0.456176758,-0.270828247,-0.32762146,-0.468734741,-0.376907349,1
-0.046112061,-0.213577271,-0.280227661,-0.32081604,-0.008346558,-0.294754028,-0.502548218,-0.276947021,-0.274047852,-0.056304932,-0.105316162,-0.246414185,0
-0.337219238,-0.235488892,-0.26121521,-0.239151001,-0.375915527,-0.190170288,-0.224884033,-0.337142944,-0.253570557,-0.211975098,-0.349365234,-0.222793579,1
0.060913086,0.120376587,-0.020217896,0.201980591,-0.157562256,-0.153900146,-0.240325928,-0.199829102,-0.151763916,-0.029769897,0.072799683,-0.21836853,0
-0.11920166,-0.178161621,0.040054321,-0.296417236,-0.148376465,-0.106079102,-0.188476563,0.060897827,-0.216430664,-0.132614136,-0.304946899,-0.149856567,0
-0.232559204,-0.345947266,-0.21446228,-0.122451782,-0.456588745,-0.365509033,-0.267303467,-0.31880188,-0.387832642,-0.169967651,-0.307693481,-0.172744751,0
-0.238357544,-0.264511108,-0.258026123,-0.28453064,-0.224655151,-0.154312134,-0.264190674,-0.219696045,-0.084716797,-0.31918335,-0.066955566,-0.04574585,0
-0.249694824,-0.335372925,-0.219680786,-0.242141724,-0.436462402,-0.405487061,-0.298934937,-0.322372437,-0.330047607,-0.299713135,-0.359725952,-0.302185059,0
-0.28036499,-0.297592163,-0.195587158,-0.169952393,-0.289978027,-0.289047241,-0.216186523,-0.312942505,-0.345199585,-0.266815186,-0.217849731,-0.373519897,1
-0.291320801,-0.346435547,-0.317962646,-0.221130371,-0.39982605,-0.320388794,-0.242828369,-0.278289795,-0.29208374,-0.37802124,-0.381546021,-0.407669067,1
-0.179748535,-0.325775146,-0.350784302,-0.244369507,-0.310409546,-0.34034729,-0.21572876,-0.201034546,-0.319641113,-0.162445068,-0.139068604,-0.349365234,0
-0.254379272,-0.375366211,-0.333679199,-0.173706055,-0.200195313,-0.241378784,-0.160430908,-0.330474854,-0.219558716,-0.198242188,-0.25604248,-0.156646729,1
-0.309066772,-0.226974487,-0.336929321,-0.254592896,-0.181381226,-0.494827271,-0.312484741,-0.268356323,-0.364242554,-0.209991455,-0.221328735,-0.433166504,1
-0.186035156,-0.370452881,-0.217727661,-0.267501831,-0.126174927,-0.162994385,-0.102340698,-0.227767944,-0.147735596,-0.205230713,-0.129821777,-0.150375366,1
-0.244262695,-0.380432129,0.05519104,-0.267089844,-0.298919678,-0.23425293,-0.272659302,-0.407333374,-0.321914673,-0.257369995,-0.484985352,-0.407562256,1
-0.085479736,-0.417709351,-0.01675415,-0.149078369,-0.06652832,-0.19380188,-0.037216187,-0.332717896,-0.034683228,-0.441665649,-0.120178223,-0.14654541,0
-0.208175659,-0.212249756,-0.262115479,-0.274093628,-0.203430176,-0.330886841,-0.195571899,-0.177642822,-0.347320557,-0.345932007,-0.244979858,-0.382492065,0
-0.095443726,-0.185348511,-0.273956299,-0.220535278,-0.232452393,-0.260498047,-0.128143311,-0.141571045,-0.246948242,-0.168609619,-0.130996704,-0.331390381,1
-0.236984253,-0.2837677,-0.210968018,-0.243911743,-0.170455933,-0.301727295,-0.221923828,-0.20161438,-0.261032104,-0.276901245,-0.308578491,-0.201263428,1
-0.205963135,-0.206085205,-0.383300781,-0.291427612,-0.1275177,-0.182800293,-0.32144165,-0.201751709,-0.153930664,-0.144760132,-0.113632202,-0.210067749,0
-0.121704102,-0.071578979,-0.214050293,-0.269332886,-0.225982666,-0.193054199,-0.540298462,-0.281066895,-0.080001831,-0.359375,-0.272842407,-0.130554199,0
-0.298141479,-0.223983765,-0.249313354,-0.252243042,-0.267471313,-0.275024414,-0.268890381,-0.326385498,-0.318588257,-0.268096924,-0.31288147,-0.340652466,1
-1.354064941,-0.934921265,-0.74621582,-0.75668335,-0.230239868,-0.039672852,0.006118774,-0.171310425,-0.053207397,-0.126724243,-0.231948853,-0.109069824,0
-0.322631836,-0.224624634,-0.324584961,-0.144668579,-0.172180176,-0.255142212,-0.275085449,-0.241775513,-0.27331543,-0.167373657,-0.224395752,-0.24369812,1
-0.186340332,-0.275772095,-0.259872437,-0.207641602,-0.306243896,-0.108398438,-0.112411499,-0.312408447,-0.177841187,-0.140396118,-0.273590088,-0.177093506,1
-0.41242981,-0.275177002,-0.265426636,-0.329238892,-0.195053101,-0.175048828,-0.262588501,-0.283584595,-0.274887085,-0.260681152,-0.280227661,-0.296386719,0
-0.162658691,-0.263519287,-0.06741333,-0.174377441,-0.19152832,-0.110809326,-0.114425659,-0.245269775,-0.084152222,-0.13961792,-0.169158936,-0.196853638,0
-0.306304932,-0.214080811,-0.29258728,-0.277313232,-0.330841064,-0.282241821,-0.355117798,-0.296646118,-0.462753296,-0.396942139,-0.336532593,-0.47505188,1
-0.022994995,-0.341278076,-0.079727173,-0.19871521,0.117645264,-0.147506714,0.176971436,-0.316268921,-0.762268066,-0.117904663,-0.071990967,0.176986694,0
-0.112869263,-0.215942383,-0.315048218,-0.210144043,-0.176544189,-0.341796875,-0.228713989,-0.138305664,-0.257980347,-0.350418091,-0.311141968,-0.157394409,0
-0.224029541,-0.253433228,-0.359817505,-0.411499023,-0.363220215,-0.143951416,-0.236801147,-0.191040039,-0.278457642,-0.225860596,-0.258682251,-0.277313232,1
-0.177886963,-0.123336792,-0.082229614,-0.129776001,-0.175888062,-0.161331177,-0.287231445,-0.325302124,-0.225097656,-0.223876953,-0.179962158,-0.172927856,1
-0.147277832,-0.236587524,-0.095443726,-0.185348511,-0.273956299,-0.220535278,-0.232452393,-0.260498047,-0.128143311,-0.141571045,-0.246948242,-0.168609619,0
-0.304244995,-0.386352539,-0.368942261,-0.284088135,-0.339782715,-0.272857666,-0.336914063,-0.229675293,-0.394561768,-0.29385376,-0.320053101,-0.194900513,1
-0.182525635,-0.258560181,-0.194671631,-0.342483521,-0.294082642,-0.20916748,-0.304382324,-0.288284302,-0.146408081,-0.331436157,-0.385452271,-0.302932739,1
-0.209152222,-0.327789307,-0.243713379,-0.178436279,-0.323348999,-0.257492065,-0.226028442,-0.299346924,-0.186355591,-0.146789551,-0.47102356,-0.305938721,0
-0.251144409,-0.250274658,-0.385528564,-0.267578125,-0.209701538,-0.264984131,-0.198348999,-0.171218872,-0.346115112,-0.151367188,-0.211349487,-0.234985352,1
-0.218780518,-0.290985107,-0.292892456,-0.216552734,-0.269699097,-0.210998535,-0.214065552,-0.206573486,-0.231323242,-0.228256226,-0.285614014,-0.36390686,1
-0.265426636,-0.329238892,-0.195053101,-0.175048828,-0.262588501,-0.283584595,-0.274887085,-0.260681152,-0.280227661,-0.296386719,-0.16645813,-0.437515259,1
-0.259475708,-0.343780518,-0.291305542,-0.297622681,-0.285324097,-0.212875366,-0.241699219,-0.309951782,-0.279129028,-0.234283447,-0.259140015,-0.11555481,1
-0.214736938,-0.24559021,-0.407241821,-0.350219727,-0.263214111,-0.279876709,-0.273895264,-0.216537476,-0.429626465,-0.290756226,-0.188796997,-0.274749756,1
-0.317260742,-0.3306427,-0.136413574,-0.246551514,-0.277816772,-0.190979004,-0.208114624,-0.10874939,-0.18862915,-0.223098755,-0.215438843,-0.155639648,1
-0.208404541,-0.184158325,-0.169128418,-0.19342041,-0.281158447,-0.14654541,-0.148483276,-0.320266724,-0.122039795,-0.136550903,-0.166915894,-0.296859741,0
-0.286880493,-0.32673645,-0.277679443,-0.384155273,-0.285736084,-0.106903076,-0.1512146,-0.248321533,-0.256942749,-0.225753784,-0.267913818,-0.232788086,0
-0.237426758,-0.239120483,-0.270568848,-0.174438477,-0.181808472,-0.119537354,-0.177597046,-0.321670532,-0.120635986,-0.173797607,-0.331832886,-0.286361694,1
-0.410812378,-0.291625977,-0.122268677,-0.266983032,-0.248031616,-0.224197388,-0.248825073,-0.238800049,-0.259628296,-0.381362915,-0.270553589,-0.250778198,1
-0.174087524,-0.239471436,-0.172836304,-0.123199463,-0.198867798,-0.218887329,-0.216491699,-0.219177246,-0.331634521,-0.31842041,-0.139266968,-0.224655151,1
-0.390319824,-0.069869995,-0.171981812,-0.246749878,-0.162628174,-0.190994263,-0.307266235,-0.114944458,-0.211654663,-0.222915649,-0.222503662,-0.221969604,1
-0.242034912,-0.287033081,-0.543167114,-0.427215576,-0.697753906,-0.750213623,-0.543869019,-0.762084961,-0.731063843,-1.173843384,-0.62991333,-0.640701294,1
-0.258682251,-0.277313232,-0.136123657,-0.228103638,-0.193969727,-0.202377319,-0.268325806,-0.197814941,-0.432296753,-0.25881958,-0.081954956,-0.375106812,0
-0.344558716,-0.167327881,-0.383255005,-0.280838013,-0.261581421,-0.384750366,-0.26612854,-0.253341675,-0.373596191,-0.169891357,-0.235397339,-0.363113403,1
0.040649414,0.327148438,-1.606704712,-0.716079712,-0.375930786,0.120941162,-0.140716553,0.015609741,-0.118423462,-0.227432251,-0.103134155,-0.00453186,0
-0.404434204,-0.308303833,-0.167053223,-0.344985962,-0.226409912,-0.119522095,-0.483657837,-0.35383606,-0.216140747,-0.271850586,-0.2787323,-0.141571045,0
-0.186294556,-0.335754395,-0.307769775,-0.289123535,-0.257659912,-0.092025757,-0.005950928,0.006134033,0.042709351,0.081253052,-0.017654419,-0.433166504,1
-0.19934082,-0.402282715,-0.306762695,-0.217498779,-0.364151001,-0.207260132,-0.246765137,-0.356918335,-0.226211548,-0.283508301,-0.2212677,-0.206268311,1
-0.32673645,-0.210144043,-0.130096436,-0.453094482,-0.255203247,-0.218475342,-0.315948486,-0.209472656,-0.12210083,-0.350723267,-0.298828125,-0.181945801,1
-0.169525146,-0.126922607,-0.19972229,-0.197723389,-0.192657471,-0.20173645,-0.056411743,-0.118225098,-0.103393555,-0.181533813,-0.297317505,-0.187866211,1
-0.344421387,-0.218078613,-0.27557373,-0.292114258,-0.317504883,-0.257095337,-0.241149902,-0.139633179,-0.256469727,-0.250076294,-0.224975586,-0.174743652,1
-0.316070557,-0.16317749,-0.287643433,-0.169403076,-0.209472656,-0.329147339,-0.232269287,-0.219940186,-0.275772095,-0.241012573,-0.275909424,-0.366592407,1
-0.196868896,-0.290847778,-0.253982544,-0.275421143,-0.450424194,-0.238555908,-0.249298096,-0.241195679,-0.199707031,-0.254455566,-0.359542847,-0.220870972,1
-0.121292114,-0.125320435,-0.115036011,-0.165313721,-0.164413452,-0.108139038,-0.093475342,-0.218780518,-0.182739258,-0.138320923,-0.181259155,-0.177047729,1
-0.388641357,-0.256851196,-0.149154663,-0.134750366,-0.187194824,-0.180740356,-0.237487793,-0.10848999,-0.188766479,-0.275817871,-0.298934937,-0.164108276,1
-0.298828125,-0.181945801,-0.410812378,-0.291625977,-0.122268677,-0.266983032,-0.248031616,-0.224197388,-0.248825073,-0.238800049,-0.259628296,-0.381362915,0
-0.399078369,-0.237380981,-0.253616333,-0.221542358,-0.184494019,-0.273208618,-0.206130981,-0.286209106,-0.263549805,-0.220184326,-0.313659668,-0.274612427,1
-0.213363647,-0.283462524,-0.165390015,-0.324676514,-0.330184937,-0.212631226,-0.313644409,-0.251846313,-0.178207397,-0.345809937,-0.369003296,-0.27633667,1
-0.174362183,-0.211090088,-0.345565796,-0.258666992,-0.189727783,-0.301986694,-0.292892456,-0.150497437,-0.268722534,-0.140930176,-0.202651978,-0.314437866,1
-0.224197388,-0.217025757,-0.210479736,-0.219314575,-0.277816772,-0.204864502,-0.191864014,-0.103881836,-0.289382935,-0.205322266,-0.14604187,-0.134429932,0
-0.237014771,-0.122467041,-0.273910522,-0.295196533,-0.152038574,-0.228469849,-0.184753418,-0.124786377,-0.306411743,-0.207382202,-0.220855713,-0.222335815,1
-0.268218994,-0.245025635,-0.347824097,-0.219833374,-0.146270752,-0.355926514,-0.246963501,-0.285873413,-0.35093689,-0.34312439,-0.260101318,-0.112792969,1
-0.281829834,-0.403778076,-0.219726563,-0.238128662,-0.385482788,-0.338897705,-0.191986084,-0.224182129,-0.379135132,-0.137039185,-0.457611084,-0.328475952,1
-0.250488281,-0.112014771,-0.307373047,-0.424636841,-0.268875122,-0.581924438,-0.47833252,-0.341308594,-0.384902954,-0.397598267,-0.2631073,-0.372329712,1
-0.280303955,-0.299224854,-0.249191284,-0.316009521,-0.395843506,-0.302444458,-0.408737183,-0.288345337,-0.210174561,-0.278823853,-0.296875,-0.222106934,1
-0.210266113,-0.354644775,-0.251663208,-0.303283691,-0.40284729,-0.288284302,-0.441726685,-0.509231567,-0.189178467,-0.28062439,-0.479766846,-0.340988159,1
-0.22253418,-0.099075317,-0.234664917,-0.12109375,-0.242202759,-0.146362305,-0.195846558,-0.302124023,-0.073913574,-0.275253296,-0.430999756,-0.223571777,0
-0.189407349,-0.281219482,-0.196334839,-0.213851929,-0.258499146,-0.270614624,-0.2368927,-0.262023926,-0.341690063,-0.338668823,-0.300445557,-0.387557983,1
-0.273605347,-0.366043091,-0.409240723,-0.311828613,-0.107055664,-0.325439453,-0.188949585,-0.241073608,-0.132720947,-0.227050781,-0.461959839,-0.336639404,1
-0.299072266,-0.340789795,-0.27835083,-0.156402588,-0.282302856,-0.264770508,-0.258804321,-0.340179443,-0.170394897,-0.179656982,-0.278396606,-0.319656372,0
-0.195419312,-0.182876587,-0.135574341,-0.271408081,-0.137863159,-0.314086914,-0.246734619,-0.192382813,-0.318145752,-0.209686279,-0.216629028,-0.148162842,0
-0.337112427,-0.203689575,-0.224700928,-0.333297729,-0.065856934,-0.319244385,-0.271575928,-0.297332764,-0.419952393,-0.203582764,-0.548202515,-0.224441528,1
-0.118606567,-0.064437866,-0.276641846,-0.234741211,-0.111434937,-0.133056641,-0.15234375,-0.102386475,-0.277435303,-0.190643311,-0.11428833,-0.205047607,1
-0.1431427,-0.202438354,-0.098236084,-0.186706543,-0.256484985,-0.262084961,-0.145843506,-0.273544312,-0.189208984,-0.275665283,-0.276626587,-0.096984863,1
-0.240768433,-0.158737183,-0.231994629,-0.241104126,-0.209915161,-0.145462036,-0.178375244,-0.18800354,-0.158905029,-0.242553711,-0.147399902,-0.175567627,0
-0.267837524,-0.460189819,-0.278381348,-0.29296875,-0.486251831,-0.239242554,-0.231674194,-0.447006226,-0.306472778,-0.305969238,-0.370330811,-0.216445923,1
-0.328277588,-0.295211792,-0.217407227,-0.278182983,-0.286102295,-0.220031738,-0.22442627,-0.340484619,-0.396713257,-0.364471436,-0.291717529,-0.151977539,1
-0.311645508,-0.240325928,-0.103912354,-0.273620605,-0.089035034,-0.314376831,-0.230285645,-0.247497559,-0.170791626,-0.448532104,-0.191696167,-0.52130127,1
-0.260101318,-0.112792969,-0.320037842,-0.396850586,-0.221466064,-0.248077393,-0.311813354,-0.103225708,-0.305496216,-0.196914673,-0.155334473,-0.158508301,0
-0.177093506,-0.180725098,-0.200515747,-0.117202759,-0.133239746,-0.131912231,-0.192871094,-0.218505859,-0.229202271,-0.232467651,-0.124267578,-0.219772339,0
-0.258026123,-0.28453064,-0.224655151,-0.154312134,-0.264190674,-0.219696045,-0.084716797,-0.31918335,-0.066955566,-0.04574585,-0.162994385,-0.208526611,1
-0.167053223,-0.344985962,-0.226409912,-0.119522095,-0.483657837,-0.35383606,-0.216140747,-0.271850586,-0.2787323,-0.141571045,-0.410751343,-0.326400757,1
-0.154891968,-0.310455322,-0.260757446,-0.13722229,-0.365219116,-0.232727051,-0.224334717,-0.349151611,-0.220184326,-0.134307861,-0.334335327,-0.241119385,1
-0.334335327,-0.241119385,-0.253570557,-0.272628784,-0.214248657,-0.213973999,-0.345245361,-0.297607422,-0.352172852,-0.377975464,-0.269363403,-0.286880493,0
-0.354537964,-0.211914063,-0.293060303,-0.394439697,-0.325134277,-0.345413208,-0.315002441,-0.268188477,-0.366073608,-0.366195679,-0.483886719,-0.3465271,1
-0.269241333,-0.577728271,-0.497375488,-0.399093628,-0.391815186,-0.196472168,-0.362960815,-0.325012207,-0.141738892,-0.308731079,-0.135253906,-0.332611084,1
-0.158309937,0.232467651,-0.127426147,0.024688721,-0.332458496,-0.162704468,-0.208969116,0.391098022,-0.003829956,0.21987915,-0.867904663,-1.64074707,0
-0.196624756,-0.326477051,-0.237014771,-0.122467041,-0.273910522,-0.295196533,-0.152038574,-0.228469849,-0.184753418,-0.124786377,-0.306411743,-0.207382202,0
-0.173706055,-0.15322876,-0.365127563,-0.375289917,-0.262512207,-0.249359131,-0.153640747,-0.132598877,-0.351882935,-0.19833374,-0.129013062,-0.138870239,0
-0.184585571,-0.319869995,-0.168701172,-0.285858154,-0.239273071,-0.178237915,-0.366027832,-0.215133667,-0.213119507,-0.155532837,-0.268753052,-0.252090454,1
-0.39112854,-0.197021484,-0.1431427,-0.202438354,-0.098236084,-0.186706543,-0.256484985,-0.262084961,-0.145843506,-0.273544312,-0.189208984,-0.275665283,0
-0.205856323,-0.294876099,-0.293136597,-0.246871948,-0.29234314,-0.253417969,-0.225494385,-0.342193604,-0.185302734,-0.323196411,-0.27003479,-0.159957886,1
-0.48336792,-0.288696289,-0.451751709,-0.377685547,-0.230773926,-0.381103516,-0.318115234,-0.247634888,-0.295120239,-0.278579712,-0.232177734,-0.320999146,1
-0.246520996,-0.334243774,-0.174087524,-0.239471436,-0.172836304,-0.123199463,-0.198867798,-0.218887329,-0.216491699,-0.219177246,-0.331634521,-0.31842041,0
-0.214477539,-0.306488037,-0.20765686,-0.180252075,-0.272155762,-0.278259277,-0.212783813,-0.296951294,-0.114120483,-0.14894104,-0.307601929,-0.296966553,1
-0.133911133,-0.23538208,-0.149627686,-0.286621094,-0.27015686,-0.20942688,-0.177719116,-0.076156616,-0.354034424,-0.374053955,-0.211807251,-0.23727417,1
-0.232543945,-0.21055603,-0.280578613,-0.222732544,-0.106552124,-0.36579895,-0.295120239,-0.198852539,-0.211959839,-0.235916138,-0.121276855,-0.219528198,0
-0.152740479,-0.279129028,-0.18536377,-0.187759399,-0.313735962,-0.26701355,-0.23008728,-0.310714722,-0.240203857,-0.220825195,-0.302429199,-0.260848999,1
-0.423324585,-0.256484985,-0.294677734,-0.16960144,-0.230407715,-0.270339966,-0.367965698,-0.332763672,-0.263214111,-0.254852295,-0.228164673,-0.046188354,0
-0.1690979,-0.214782715,-0.328292847,-0.162857056,-0.132629395,-0.20375061,-0.097595215,-0.247207642,-0.202163696,-0.156524658,-0.185348511,-0.125686646,1
-0.275909424,-0.366592407,-0.365539551,-0.30619812,-0.311538696,-0.240722656,-0.179855347,-0.415863037,-0.365158081,-0.335678101,-0.205825806,-0.37399292,0
-0.079193115,-0.27545166,-0.12437439,-0.062225342,0.005722046,-0.168060303,-0.276733398,-0.128982544,0.075088501,0.295791626,-0.160980225,-0.279846191,0
-0.186538696,-0.403793335,-0.2915802,-0.180343628,-0.319229126,-0.256988525,-0.12059021,-0.262619019,-0.286087036,-0.247055054,-0.258071899,-0.102661133,1
-0.164398193,-0.294509888,-0.303161621,-0.23538208,-0.252563477,-0.238189697,-0.26335144,-0.3409729,-0.36505127,-0.233978271,-0.262023926,-0.268722534,0
-0.251968384,-0.209289551,-0.29359436,-0.23626709,-0.370513916,-0.165756226,-0.195846558,-0.32623291,-0.208755493,-0.229919434,-0.262207031,-0.184494019,0